ASSET_KEY,ASSET_GROUP,SERVICE_TIER,DOMAIN,RESOURCE_TYPE
airtable/catex/influencer_monitor_scraping/airtable__influencer_monitor_scraping,airtable__catex,t3,growth,airtable
annoy/dsml-features-seller-sgns/seller_ann_index,annoy,,,annoy
auto_materialize_test_asset,default,t4,data_platforms,auto_materialize_test_asset
chalk/dev_card_fraud_order_day,chalk,,,chalk
chalk/dev_seller_bid_day,chalk,,,chalk
chalk/dev_seller_bid_hour,chalk,,,chalk
chalk/dev_seller_order_day,chalk,,,chalk
chalk/dev_seller_order_hour,chalk,,,chalk
chalk/dev_seller_watch_day,chalk,,,chalk
chalk/dev_seller_watch_hour,chalk,,,chalk
chalk/dev_tag_bid_day,chalk,,,chalk
chalk/dev_tag_bid_hour,chalk,,,chalk
chalk/dev_tag_order_day,chalk,,,chalk
chalk/dev_tag_order_hour,chalk,,,chalk
chalk/dev_tag_similarity_score_day,chalk,,,chalk
chalk/dev_tag_watch_day,chalk,,,chalk
chalk/dev_tag_watch_hour,chalk,,,chalk
chalk/dev_user_bid_day,chalk,,,chalk
chalk/dev_user_bid_hour,chalk,,,chalk
chalk/dev_user_country_bid_day,chalk,,,chalk
chalk/dev_user_country_order_day,chalk,,,chalk
chalk/dev_user_country_watch_day,chalk,,,chalk
chalk/dev_user_fraud_order_day,chalk,,,chalk
chalk/dev_user_l1_versioned_tag_bid_day,chalk,,,chalk
chalk/dev_user_l1_versioned_tag_bid_hour,chalk,,,chalk
chalk/dev_user_l1_versioned_tag_order_day,chalk,,,chalk
chalk/dev_user_l1_versioned_tag_order_hour,chalk,,,chalk
chalk/dev_user_l1_versioned_tag_watch_day,chalk,,,chalk
chalk/dev_user_l1_versioned_tag_watch_hour,chalk,,,chalk
chalk/dev_user_l2_versioned_tag_bid_day,chalk,,,chalk
chalk/dev_user_l2_versioned_tag_bid_hour,chalk,,,chalk
chalk/dev_user_l2_versioned_tag_order_day,chalk,,,chalk
chalk/dev_user_l2_versioned_tag_order_hour,chalk,,,chalk
chalk/dev_user_l2_versioned_tag_watch_day,chalk,,,chalk
chalk/dev_user_l2_versioned_tag_watch_hour,chalk,,,chalk
chalk/dev_user_order_day,chalk,,,chalk
chalk/dev_user_order_hour,chalk,,,chalk
chalk/dev_user_seller_bid_day,chalk,,,chalk
chalk/dev_user_seller_bid_hour,chalk,,,chalk
chalk/dev_user_seller_order_day,chalk,,,chalk
chalk/dev_user_seller_order_hour,chalk,,,chalk
chalk/dev_user_seller_watch_day,chalk,,,chalk
chalk/dev_user_seller_watch_hour,chalk,,,chalk
chalk/dev_user_similar_tag_bid_day,chalk,,,chalk
chalk/dev_user_similar_tag_bid_hour,chalk,,,chalk
chalk/dev_user_similar_tag_order_day,chalk,,,chalk
chalk/dev_user_similar_tag_order_hour,chalk,,,chalk
chalk/dev_user_similar_tag_watch_day,chalk,,,chalk
chalk/dev_user_similar_tag_watch_hour,chalk,,,chalk
chalk/dev_user_tag_bid_day,chalk,,,chalk
chalk/dev_user_tag_bid_hour,chalk,,,chalk
chalk/dev_user_tag_order_day,chalk,,,chalk
chalk/dev_user_tag_order_hour,chalk,,,chalk
chalk/dev_user_tag_watch_day,chalk,,,chalk
chalk/dev_user_tag_watch_hour,chalk,,,chalk
chalk/dev_user_watch_day,chalk,,,chalk
chalk/dev_user_watch_hour,chalk,,,chalk
chalk/prod_card_fraud_order_day,chalk,,,chalk
chalk/prod_freshness_alert,chalk_monitoring,,,chalk
chalk/prod_seller_bid_day,chalk,,,chalk
chalk/prod_seller_bid_hour,chalk,,,chalk
chalk/prod_seller_order_day,chalk,,,chalk
chalk/prod_seller_order_hour,chalk,,,chalk
chalk/prod_seller_watch_day,chalk,,,chalk
chalk/prod_seller_watch_hour,chalk,,,chalk
chalk/prod_tag_bid_day,chalk,,,chalk
chalk/prod_tag_bid_hour,chalk,,,chalk
chalk/prod_tag_order_day,chalk,,,chalk
chalk/prod_tag_order_hour,chalk,,,chalk
chalk/prod_tag_similarity_score_day,chalk,,,chalk
chalk/prod_tag_watch_day,chalk,,,chalk
chalk/prod_tag_watch_hour,chalk,,,chalk
chalk/prod_user_bid_day,chalk,,,chalk
chalk/prod_user_bid_hour,chalk,,,chalk
chalk/prod_user_country_bid_day,chalk,,,chalk
chalk/prod_user_country_order_day,chalk,,,chalk
chalk/prod_user_country_watch_day,chalk,,,chalk
chalk/prod_user_fraud_order_day,chalk,,,chalk
chalk/prod_user_l1_versioned_tag_bid_day,chalk,,,chalk
chalk/prod_user_l1_versioned_tag_bid_hour,chalk,,,chalk
chalk/prod_user_l1_versioned_tag_order_day,chalk,,,chalk
chalk/prod_user_l1_versioned_tag_order_hour,chalk,,,chalk
chalk/prod_user_l1_versioned_tag_watch_day,chalk,,,chalk
chalk/prod_user_l1_versioned_tag_watch_hour,chalk,,,chalk
chalk/prod_user_l2_versioned_tag_bid_day,chalk,,,chalk
chalk/prod_user_l2_versioned_tag_bid_hour,chalk,,,chalk
chalk/prod_user_l2_versioned_tag_order_day,chalk,,,chalk
chalk/prod_user_l2_versioned_tag_order_hour,chalk,,,chalk
chalk/prod_user_l2_versioned_tag_watch_day,chalk,,,chalk
chalk/prod_user_l2_versioned_tag_watch_hour,chalk,,,chalk
chalk/prod_user_order_day,chalk,,,chalk
chalk/prod_user_order_hour,chalk,,,chalk
chalk/prod_user_seller_bid_day,chalk,,,chalk
chalk/prod_user_seller_bid_hour,chalk,,,chalk
chalk/prod_user_seller_order_day,chalk,,,chalk
chalk/prod_user_seller_order_hour,chalk,,,chalk
chalk/prod_user_seller_watch_day,chalk,,,chalk
chalk/prod_user_seller_watch_hour,chalk,,,chalk
chalk/prod_user_similar_tag_bid_day,chalk,,,chalk
chalk/prod_user_similar_tag_bid_hour,chalk,,,chalk
chalk/prod_user_similar_tag_order_day,chalk,,,chalk
chalk/prod_user_similar_tag_order_hour,chalk,,,chalk
chalk/prod_user_similar_tag_watch_day,chalk,,,chalk
chalk/prod_user_similar_tag_watch_hour,chalk,,,chalk
chalk/prod_user_tag_bid_day,chalk,,,chalk
chalk/prod_user_tag_bid_hour,chalk,,,chalk
chalk/prod_user_tag_order_day,chalk,,,chalk
chalk/prod_user_tag_order_hour,chalk,,,chalk
chalk/prod_user_tag_watch_day,chalk,,,chalk
chalk/prod_user_tag_watch_hour,chalk,,,chalk
chalk/prod_user_watch_day,chalk,,,chalk
chalk/prod_user_watch_hour,chalk,,,chalk
chalk/stage_card_fraud_order_day,chalk,,,chalk
chalk/stage_seller_bid_day,chalk,,,chalk
chalk/stage_seller_bid_hour,chalk,,,chalk
chalk/stage_seller_order_day,chalk,,,chalk
chalk/stage_seller_order_hour,chalk,,,chalk
chalk/stage_seller_watch_day,chalk,,,chalk
chalk/stage_seller_watch_hour,chalk,,,chalk
chalk/stage_tag_bid_day,chalk,,,chalk
chalk/stage_tag_bid_hour,chalk,,,chalk
chalk/stage_tag_order_day,chalk,,,chalk
chalk/stage_tag_order_hour,chalk,,,chalk
chalk/stage_tag_similarity_score_day,chalk,,,chalk
chalk/stage_tag_watch_day,chalk,,,chalk
chalk/stage_tag_watch_hour,chalk,,,chalk
chalk/stage_user_bid_day,chalk,,,chalk
chalk/stage_user_bid_hour,chalk,,,chalk
chalk/stage_user_country_bid_day,chalk,,,chalk
chalk/stage_user_country_order_day,chalk,,,chalk
chalk/stage_user_country_watch_day,chalk,,,chalk
chalk/stage_user_fraud_order_day,chalk,,,chalk
chalk/stage_user_l1_versioned_tag_bid_day,chalk,,,chalk
chalk/stage_user_l1_versioned_tag_bid_hour,chalk,,,chalk
chalk/stage_user_l1_versioned_tag_order_day,chalk,,,chalk
chalk/stage_user_l1_versioned_tag_order_hour,chalk,,,chalk
chalk/stage_user_l1_versioned_tag_watch_day,chalk,,,chalk
chalk/stage_user_l1_versioned_tag_watch_hour,chalk,,,chalk
chalk/stage_user_l2_versioned_tag_bid_day,chalk,,,chalk
chalk/stage_user_l2_versioned_tag_bid_hour,chalk,,,chalk
chalk/stage_user_l2_versioned_tag_order_day,chalk,,,chalk
chalk/stage_user_l2_versioned_tag_order_hour,chalk,,,chalk
chalk/stage_user_l2_versioned_tag_watch_day,chalk,,,chalk
chalk/stage_user_l2_versioned_tag_watch_hour,chalk,,,chalk
chalk/stage_user_order_day,chalk,,,chalk
chalk/stage_user_order_hour,chalk,,,chalk
chalk/stage_user_seller_bid_day,chalk,,,chalk
chalk/stage_user_seller_bid_hour,chalk,,,chalk
chalk/stage_user_seller_order_day,chalk,,,chalk
chalk/stage_user_seller_order_hour,chalk,,,chalk
chalk/stage_user_seller_watch_day,chalk,,,chalk
chalk/stage_user_seller_watch_hour,chalk,,,chalk
chalk/stage_user_similar_tag_bid_day,chalk,,,chalk
chalk/stage_user_similar_tag_bid_hour,chalk,,,chalk
chalk/stage_user_similar_tag_order_day,chalk,,,chalk
chalk/stage_user_similar_tag_order_hour,chalk,,,chalk
chalk/stage_user_similar_tag_watch_day,chalk,,,chalk
chalk/stage_user_similar_tag_watch_hour,chalk,,,chalk
chalk/stage_user_tag_bid_day,chalk,,,chalk
chalk/stage_user_tag_bid_hour,chalk,,,chalk
chalk/stage_user_tag_order_day,chalk,,,chalk
chalk/stage_user_tag_order_hour,chalk,,,chalk
chalk/stage_user_tag_watch_day,chalk,,,chalk
chalk/stage_user_tag_watch_hour,chalk,,,chalk
chalk/stage_user_watch_day,chalk,,,chalk
chalk/stage_user_watch_hour,chalk,,,chalk
chalk/user_card_feature_data_validation,chalk_monitoring,,,chalk
chalk_feature_datasets/test_feature_dataset,chalk_feature_datasets,,,chalk_feature_datasets
chalk_feature_datasets/test_feature_dataset_stage,chalk_feature_datasets,,,chalk_feature_datasets
chalk_feature_datasets/tutorial_feature_dataset,chalk_feature_datasets,,,chalk_feature_datasets
chalk_feature_datasets/user_bin_order_chargeback_training_dataset,chalk_feature_datasets,,,chalk_feature_datasets
chalk_feature_datasets/user_livestream_nux_ranking_request_evaluation_feature_dataset,chalk_feature_datasets,,,chalk_feature_datasets
chalk_feature_datasets/user_livestream_nux_ranking_request_evaluation_feature_dataset_limited,chalk_feature_datasets,,,chalk_feature_datasets
chalk_feature_datasets/user_livestream_nux_request_recall_evaluation_feature_dataset,chalk_feature_datasets,,,chalk_feature_datasets
chalk_feature_datasets/user_livestream_nux_request_recall_evaluation_feature_dataset_limited,chalk_feature_datasets,,,chalk_feature_datasets
chalk_feature_datasets/user_livestream_nux_taxonomy_agnostic_ranking_request_evaluation_feature_dataset,chalk_feature_datasets,,,chalk_feature_datasets
chalk_feature_datasets/user_livestream_nux_taxonomy_agnostic_ranking_request_evaluation_feature_dataset_limited,chalk_feature_datasets,,,chalk_feature_datasets
chalk_feature_datasets/user_livestream_nux_taxonomy_agnostic_request_recall_evaluation_feature_dataset,chalk_feature_datasets,,,chalk_feature_datasets
chalk_feature_datasets/user_livestream_nux_taxonomy_agnostic_request_recall_evaluation_feature_dataset_limited,chalk_feature_datasets,,,chalk_feature_datasets
chalk_feature_datasets/user_livestream_nux_taxonomy_agnostic_training_feature_dataset,chalk_feature_datasets,,,chalk_feature_datasets
chalk_feature_datasets/user_livestream_nux_taxonomy_agnostic_training_feature_dataset_limited,chalk_feature_datasets,,,chalk_feature_datasets
chalk_feature_datasets/user_livestream_ranking_request_evaluation_feature_dataset,chalk_feature_datasets,,,chalk_feature_datasets
chalk_feature_datasets/user_livestream_ranking_request_evaluation_feature_dataset_limited,chalk_feature_datasets,,,chalk_feature_datasets
chalk_feature_datasets/user_livestream_request_recall_evaluation_feature_dataset,chalk_feature_datasets,,,chalk_feature_datasets
chalk_feature_datasets/user_livestream_request_recall_evaluation_feature_dataset_limited,chalk_feature_datasets,,,chalk_feature_datasets
chalk_feature_datasets/user_livestream_seconds_since_start_nux_ranking_request_evaluation_feature_dataset,chalk_feature_datasets,,,chalk_feature_datasets
chalk_feature_datasets/user_livestream_seconds_since_start_nux_ranking_request_evaluation_feature_dataset_limited,chalk_feature_datasets,,,chalk_feature_datasets
chalk_feature_datasets/user_livestream_seconds_since_start_nux_request_recall_evaluation_feature_dataset,chalk_feature_datasets,,,chalk_feature_datasets
chalk_feature_datasets/user_livestream_seconds_since_start_nux_request_recall_evaluation_feature_dataset_limited,chalk_feature_datasets,,,chalk_feature_datasets
chalk_feature_datasets/user_livestream_seconds_since_start_ranking_request_evaluation_feature_dataset,chalk_feature_datasets,,,chalk_feature_datasets
chalk_feature_datasets/user_livestream_seconds_since_start_ranking_request_evaluation_feature_dataset_limited,chalk_feature_datasets,,,chalk_feature_datasets
chalk_feature_datasets/user_livestream_seconds_since_start_request_recall_evaluation_feature_dataset,chalk_feature_datasets,,,chalk_feature_datasets
chalk_feature_datasets/user_livestream_seconds_since_start_request_recall_evaluation_feature_dataset_limited,chalk_feature_datasets,,,chalk_feature_datasets
chalk_feature_datasets/user_livestream_taxonomy_agnostic_ranking_request_evaluation_feature_dataset,chalk_feature_datasets,,,chalk_feature_datasets
chalk_feature_datasets/user_livestream_taxonomy_agnostic_ranking_request_evaluation_feature_dataset_limited,chalk_feature_datasets,,,chalk_feature_datasets
chalk_feature_datasets/user_livestream_taxonomy_agnostic_request_recall_evaluation_feature_dataset,chalk_feature_datasets,,,chalk_feature_datasets
chalk_feature_datasets/user_livestream_taxonomy_agnostic_request_recall_evaluation_feature_dataset_limited,chalk_feature_datasets,,,chalk_feature_datasets
chalk_feature_datasets/user_livestream_taxonomy_agnostic_training_feature_dataset,chalk_feature_datasets,,,chalk_feature_datasets
chalk_feature_datasets/user_livestream_taxonomy_agnostic_training_feature_dataset_limited,chalk_feature_datasets,,,chalk_feature_datasets
chalk_feature_datasets/user_livestream_timestamp_nux_training_feature_dataset,chalk_feature_datasets,,,chalk_feature_datasets
chalk_feature_datasets/user_livestream_timestamp_nux_training_feature_dataset_limited,chalk_feature_datasets,,,chalk_feature_datasets
chalk_feature_datasets/user_livestream_timestamp_seconds_since_start_nux_training_feature_dataset,chalk_feature_datasets,,,chalk_feature_datasets
chalk_feature_datasets/user_livestream_timestamp_seconds_since_start_nux_training_feature_dataset_limited,chalk_feature_datasets,,,chalk_feature_datasets
chalk_feature_datasets/user_livestream_timestamp_seconds_since_start_training_feature_dataset,chalk_feature_datasets,,,chalk_feature_datasets
chalk_feature_datasets/user_livestream_timestamp_seconds_since_start_training_feature_dataset_limited,chalk_feature_datasets,,,chalk_feature_datasets
chalk_feature_datasets/user_livestream_timestamp_training_feature_dataset,chalk_feature_datasets,,,chalk_feature_datasets
chalk_feature_datasets/user_livestream_timestamp_training_feature_dataset_limited,chalk_feature_datasets,,,chalk_feature_datasets
chalk_feature_datasets/user_livestream_training_feature_tag_dataset,chalk_feature_datasets,,,chalk_feature_datasets
chalk_feature_datasets/user_livestream_training_feature_tag_feature_dataset_limited,chalk_feature_datasets,,,chalk_feature_datasets
clickhouse/database/_batch_ingestion,default,,,clickhouse
clickhouse/database/_ingestion,default,,,clickhouse
clickhouse/database/ads,default,,,clickhouse
clickhouse/database/core,default,,,clickhouse
clickhouse/database/disco,default,,,clickhouse
clickhouse/database/events,default,,,clickhouse
clickhouse/database/logistics,default,,,clickhouse
clickhouse/database/sellx,default,,,clickhouse
clickhouse/database/sre,default,,,clickhouse
clickhouse/database/trust_and_safety,default,,,clickhouse
clickhouse/grant/dbt_user__CREATE_DATABASE__ALL,default,,,clickhouse
clickhouse/grant/dbt_user__CREATE_TEMPORARY_TABLE__ALL,default,,,clickhouse
clickhouse/grant/dbt_user__CREATE___batch_ingestion,default,,,clickhouse
clickhouse/grant/dbt_user__CREATE___ingestion,default,,,clickhouse
clickhouse/grant/dbt_user__CREATE__ads,default,,,clickhouse
clickhouse/grant/dbt_user__CREATE__core,default,,,clickhouse
clickhouse/grant/dbt_user__CREATE__disco,default,,,clickhouse
clickhouse/grant/dbt_user__CREATE__events,default,,,clickhouse
clickhouse/grant/dbt_user__CREATE__logistics,default,,,clickhouse
clickhouse/grant/dbt_user__CREATE__sellx,default,,,clickhouse
clickhouse/grant/dbt_user__CREATE__sre,default,,,clickhouse
clickhouse/grant/dbt_user__CREATE__trust_and_safety,default,,,clickhouse
clickhouse/grant/dbt_user__DROP__ads,default,,,clickhouse
clickhouse/grant/dbt_user__DROP__core,default,,,clickhouse
clickhouse/grant/dbt_user__DROP__disco,default,,,clickhouse
clickhouse/grant/dbt_user__DROP__logistics,default,,,clickhouse
clickhouse/grant/dbt_user__DROP__sellx,default,,,clickhouse
clickhouse/grant/dbt_user__DROP__sre,default,,,clickhouse
clickhouse/grant/dbt_user__DROP__trust_and_safety,default,,,clickhouse
clickhouse/grant/dbt_user__INSERT___batch_ingestion,default,,,clickhouse
clickhouse/grant/dbt_user__INSERT__ads,default,,,clickhouse
clickhouse/grant/dbt_user__INSERT__core,default,,,clickhouse
clickhouse/grant/dbt_user__INSERT__disco,default,,,clickhouse
clickhouse/grant/dbt_user__INSERT__events,default,,,clickhouse
clickhouse/grant/dbt_user__INSERT__logistics,default,,,clickhouse
clickhouse/grant/dbt_user__INSERT__sellx,default,,,clickhouse
clickhouse/grant/dbt_user__INSERT__sre,default,,,clickhouse
clickhouse/grant/dbt_user__INSERT__trust_and_safety,default,,,clickhouse
clickhouse/grant/dbt_user__S3__ALL,default,,,clickhouse
clickhouse/grant/dbt_user__SELECT___batch_ingestion,default,,,clickhouse
clickhouse/grant/dbt_user__SELECT___ingestion,default,,,clickhouse
clickhouse/grant/dbt_user__SELECT__ads,default,,,clickhouse
clickhouse/grant/dbt_user__SELECT__core,default,,,clickhouse
clickhouse/grant/dbt_user__SELECT__disco,default,,,clickhouse
clickhouse/grant/dbt_user__SELECT__events,default,,,clickhouse
clickhouse/grant/dbt_user__SELECT__logistics,default,,,clickhouse
clickhouse/grant/dbt_user__SELECT__sellx,default,,,clickhouse
clickhouse/grant/dbt_user__SELECT__sre,default,,,clickhouse
clickhouse/grant/dbt_user__SELECT__trust_and_safety,default,,,clickhouse
clickhouse/grant/mbe_user__SELECT___batch_ingestion,default,,,clickhouse
clickhouse/grant/mbe_user__SELECT__ads,default,,,clickhouse
clickhouse/grant/mbe_user__SELECT__core,default,,,clickhouse
clickhouse/grant/mbe_user__SELECT__disco,default,,,clickhouse
clickhouse/grant/mbe_user__SELECT__events,default,,,clickhouse
clickhouse/grant/mbe_user__SELECT__logistics,default,,,clickhouse
clickhouse/grant/mbe_user__SELECT__sellx,default,,,clickhouse
clickhouse/grant/mbe_user__SELECT__sre,default,,,clickhouse
clickhouse/grant/mbe_user__SELECT__trust_and_safety,default,,,clickhouse
clickhouse/materialized_view/ads__backend__events_mv_v2,default,,,clickhouse
clickhouse/materialized_view/ads__frontend__events_mv_v3,default,,,clickhouse
clickhouse/materialized_view/events__backend__events_mv_v2,default,,,clickhouse
clickhouse/materialized_view/events__frontend__events_mv_v3,default,,,clickhouse
clickhouse/materialized_view/logistics__shipment_updates_mv_v2,default,,,clickhouse
clickhouse/materialized_view/sre__backend_story_events_mv,default,,,clickhouse
clickhouse/materialized_view/sre__frontend_story_events_mv,default,,,clickhouse
clickhouse/table/_ingestion__analytics_events,default,,,clickhouse
clickhouse/table/_ingestion__frontend_events,default,,,clickhouse
clickhouse/table/ads__backend__events_v2,default,,,clickhouse
clickhouse/table/ads__frontend__events_v3,default,,,clickhouse
clickhouse/table/events__backend__events_v2,default,,,clickhouse
clickhouse/table/events__frontend__events,default,,,clickhouse
clickhouse/table/events__frontend__events_v3,default,,,clickhouse
clickhouse/table/logistics__shipment_updates_v2,default,,,clickhouse
clickhouse/table/sre__e2e_slo_story_events,default,,,clickhouse
clickhouse/view/ads__backend__events_view,default,,,clickhouse
clickhouse/view/ads__frontend__events_view,default,,,clickhouse
clickhouse/view/events__backend__events_view,default,,,clickhouse
clickhouse/view/events__example,default,,,clickhouse
clickhouse/view/events__frontend__events_view,default,,,clickhouse
clickhouse/view/logistics__shipment_updates_view,default,,,clickhouse
clickhouse/view/sre__e2e_slo_story_events_view,default,,,clickhouse
clustering_depth_monitor,default,t4,not_set,clustering_depth_monitor
compliance/addresses/nullify_history_table,compliance,t1,dataplatforms,compliance
compliance/bulk_imported_listings/nullify_history_table,compliance,t1,dataplatforms,compliance
compliance/cancellation_requests/nullify_history_table,compliance,t1,dataplatforms,compliance
compliance/cards/nullify_history_table,compliance,t1,dataplatforms,compliance
compliance/enqueue_users_to_nullify,compliance,t1,dataplatforms,compliance
compliance/extract_semantic_categories,compliance,t4,not_set,compliance
compliance/invoices/nullify_history_table,compliance,t1,dataplatforms,compliance
compliance/mark_users_nullified,compliance,t1,dataplatforms,compliance
compliance/orders/nullify_history_table,compliance,t1,dataplatforms,compliance
compliance/payouts/nullify_history_table,compliance,t1,dataplatforms,compliance
compliance/pickup_details/nullify_history_table,compliance,t1,dataplatforms,compliance
compliance/quotations/nullify_history_table,compliance,t1,dataplatforms,compliance
compliance/rating_answers/nullify_history_table,compliance,t1,dataplatforms,compliance
compliance/seller_application_states/nullify_history_table,compliance,t1,dataplatforms,compliance
compliance/tax_transactions/nullify_history_table,compliance,t1,dataplatforms,compliance
compliance/ts_addresses/nullify_history_table,compliance,t1,dataplatforms,compliance
compliance/user_data_destroyer,compliance,t4,not_set,compliance
compliance/user_device/nullify_history_table,compliance,t1,dataplatforms,compliance
compliance/user_profiles/nullify_history_table,compliance,t1,dataplatforms,compliance
compliance/users/nullify_history_table,compliance,t1,dataplatforms,compliance
datadog/APP_DATA/CDC_PROD/cdc_v2_latency,snowflake__monitoring,t3,DataPlatform,datadog
datadog/dagster_asset_freshness_sla_monitor,datadog,t3,data_platforms,datadog
datadog/disco_monitor_first_pass_ranker_recall_metrics,datadog,t4,not_set,datadog
datadog/disco_monitor_metrics_feed_nux,datadog,t4,not_set,datadog
datadog/disco_monitor_metrics_feed_perf,datadog,t4,not_set,datadog
datadog/disco_monitor_metrics_feed_perf_by_l1_tag,datadog,t4,not_set,datadog
datadog/disco_monitor_metrics_feed_perf_by_l2_tag,datadog,t4,not_set,datadog
datadog/disco_monitor_metrics_feed_ranking_perf,datadog,t4,not_set,datadog
datadog/disco_monitor_metrics_nux_feed_perf_by_l1_tag,datadog,t4,not_set,datadog
datadog/disco_monitor_metrics_nux_feed_perf_by_l2_tag,datadog,t4,not_set,datadog
datadog/disco_monitor_metrics_star_search_impressions,datadog,t4,not_set,datadog
datadog/event_delivery/daily_duplication_percentage_check,datadog,t4,not_set,datadog
datadog/event_delivery/hourly_stream_latency_check,datadog,t4,not_set,datadog
datadog/event_table_freshness_monitor,default,t4,not_set,datadog
datadog/frontend_events_datadog_reporter,datadog,t4,not_set,datadog
datadog/ml_metrics_datasets,datadog,t4,not_set,datadog
datadog/notifications_email_spam_report_metrics,datadog,t3,growth,datadog
datadog/prod/toy_classification_evaluation,model_evaluation__whatnotml,t4,coreml,datadog
datadog/prod/toy_ranking_evaluation,model_evaluation__whatnotml,t4,coreml,datadog
datadog/prod/toy_regression_evaluation,model_evaluation__whatnotml,t4,coreml,datadog
datadog/prod/watch30s_livestream_hourly_eval,model_evaluation__whatnotml,t1,discoml,datadog
datadog/risk_monitor_metrics,datadog,t4,not_set,datadog
datadog/snowflake_pipe_monitor,datadog,t4,not_set,datadog
datadog/snowflake_query_monitor,datadog,t4,not_set,datadog
datadog/snowflake_stream_monitor,datadog,t4,not_set,datadog
datadog/snowflake_task_metrics,datadog,t4,not_set,datadog
datadog/snowflake_task_monitor,datadog,t4,not_set,datadog
datadog/user_data_destroyer_offline_monitor,datadog,t4,not_set,datadog
dbt_cli/drop_deprecated_models,dbt_cli,,,dbt_cli
direct_messages_backfill/starting_fan_out_step_conversations,direct_messages,t4,not_set,direct_messages_backfill
direct_messages_backfill/starting_fan_out_step_direct_messages,direct_messages,t4,not_set,direct_messages_backfill
high_viewer_count_livestreams,snowflake,t4,not_set,high_viewer_count_livestreams
laser/dynamo/ad_seller_recent_data,laser,t2,Ads,laser
laser/dynamo/adbeagg,laser,t2,Ads,laser
laser/dynamo/adfe,laser,t2,Ads,laser
laser/dynamo/adfeagg,laser,t2,Ads,laser
laser/dynamo/adsfyf,laser,t2,Ads,laser
laser/dynamo/adsfyftoplevel,laser,t2,Ads,laser
laser/dynamo/campaign_budget_distribution,laser,t2,Ads,laser
laser/dynamo/community__loyalty_program_analytics,laser,t2,Community,laser
laser/dynamo/community_l90d_seller_analytics,laser,t2,Community,laser
laser/dynamo/cs_seller_buyer_hist,laser,t1,CustomerExperienceEngineering,laser
laser/dynamo/cs_seller_daily,laser,t1,CustomerExperienceEngineering,laser
laser/dynamo/disco__user_listing_aggregated,laser,t2,Discovery,laser
laser/dynamo/highvaluebuyers,laser,t2,Growth,laser
laser/dynamo/impressions,laser,t2,Discovery,laser
laser/dynamo/indexing_es__listings_v9_side_load_laser_compound_key,laser,t2,DataPlatform,laser
laser/dynamo/indexing_es__livestreams_v2_side_load_laser_compound_key,laser,t2,DataPlatform,laser
laser/dynamo/indexing_es__livestreams_v2_uuid_to_index_metadata,laser,t2,DataPlatform,laser
laser/dynamo/indexing_es__queries_v2_side_load_laser_compound_key,laser,t2,DataPlatform,laser
laser/dynamo/indexing_es__users_v1_side_load_laser_compound_key,laser,t2,DataPlatform,laser
laser/dynamo/klpterms,laser,t1,Growth,laser
laser/dynamo/laser__followed_sellers_with_auctions,laser,t2,Marketplace,laser
laser/dynamo/laser__followed_sellers_with_listings,laser,t2,Marketplace,laser
laser/dynamo/laser__premier_shop_eligibility,laser,t1,Marketplace,laser
laser/dynamo/laser__premier_shop_program_criteria_batched,laser,t3,Marketplace,laser
laser/dynamo/laser__sdb_sales,laser,t1,Growth,laser
laser/dynamo/laser__sellers_with_livestreams,laser,t2,Discovery,laser
laser/dynamo/llai,laser,t1,Discovery,laser
laser/dynamo/logshipup2,laser,t1,PaymentsAndLogistics,laser
laser/dynamo/mysterytagorders,laser,t1,Discovery,laser
laser/dynamo/numlivestreamorders,laser,t1,Growth,laser
laser/dynamo/per_user_high_engagement_listings,laser,t1,CoreML,laser
laser/dynamo/positive_buyer_seller_interactions,laser,t2,Ads,laser
laser/dynamo/prodshares,laser,t1,Seller_Merchandising,laser
laser/dynamo/ptv,laser,t1,Marketplace,laser
laser/dynamo/rlsm,laser,t1,BuyerGrowth,laser
laser/dynamo/sdb2__overall_livestreams,laser,t1,Seller_Scaling,laser
laser/dynamo/sdb2__overall_sales,laser,t1,Growth,laser
laser/dynamo/sdb2__overall_users,laser,t1,Growth,laser
laser/dynamo/sdbls,laser,t1,Seller_Scaling,laser
laser/dynamo/serpqueries,laser,t1,Search,laser
laser/dynamo/similar_listings__previous_purchases,laser,t1,CoreML,laser
laser/dynamo/similar_listings__user_engagement_embedding_v0,laser,t2,CoreML,laser
laser/dynamo/slord,laser,t2,Marketplace,laser
laser/dynamo/slscntagg,laser,t1,PaymentsAndLogistics,laser
laser/dynamo/slscntall,laser,t1,PaymentsAndLogistics,laser
laser/dynamo/slscntls,laser,t1,PaymentsAndLogistics,laser
laser/dynamo/slscntlsall,laser,t1,PaymentsAndLogistics,laser
laser/dynamo/slscntmp,laser,t1,PaymentsAndLogistics,laser
laser/dynamo/slscntwb,laser,t1,PaymentsAndLogistics,laser
laser/dynamo/srank,laser,t2,Search,laser
laser/dynamo/srchpopsel,laser,t1,Search,laser
laser/dynamo/srchq2reform,laser,t1,Search,laser
laser/dynamo/sshp,laser,t2,Marketplace,laser
laser/dynamo/structured_attributes__laser_map_to_existing_attributes,laser,t2,CoreML,laser
laser/dynamo/swing_s2s,laser,t2,Ads,laser
laser/dynamo/tagengversioned,laser,t1,Discovery,laser
laser/dynamo/tagtfidf3,laser,t1,Discovery,laser
laser/dynamo/tfidf__user_followed_seller_livestreams_top_laser,laser,t2,Discovery,laser
laser/dynamo/tfidf__user_seller_livestreams_top_500_laser,laser,t2,Discovery,laser
laser/dynamo/ts__account_health_overview,laser,t3,GlobalTrustAndSafety,laser
laser/dynamo/ts_ip_related_users_aggregated,laser,t2,GlobalTrustAndSafety,laser
laser/dynamo/ts_user_lifetime_metrics_for_permissioning,laser,t2,GlobalTrustAndSafety,laser
laser/dynamo/tsepabuser,laser,t3,GlobalTrustAndSafety,laser
laser/dynamo/tsepweekcap,laser,t2,GlobalTrustAndSafety,laser
laser/dynamo/tsim__v1,laser,t3,GlobalTrustAndSafety,laser
laser/dynamo/tsim__v1_mp_lr,laser,t3,GlobalTrustAndSafety,laser
laser/dynamo/tsiprelu,laser,t2,GlobalTrustAndSafety,laser
laser/dynamo/tsli,laser,t3,GlobalTrustAndSafety,laser
laser/dynamo/tsov,laser,t3,GlobalTrustAndSafety,laser
laser/dynamo/tsrefundabuse,laser,t2,CoreML,laser
laser/dynamo/tsrelatedusergroupids,laser,t1,GlobalTrustAndSafety,laser
laser/dynamo/tsrelatedusers,laser,t1,GlobalTrustAndSafety,laser
laser/dynamo/tsrugi2,laser,t1,GlobalTrustAndSafety,laser
laser/dynamo/tssbrela,laser,t2,GlobalTrustAndSafety,laser
laser/dynamo/ues2,laser,t1,Discovery,laser
laser/dynamo/upnlss,laser,t1,SellerGrowth,laser
laser/dynamo/usercatmetric,laser,t1,Discovery,laser
laser/dynamo/usercatsimilarity,laser,t2,Discovery,laser
laser/redis/adsb,laser,t2,Ads,laser
laser/redis/core_laser__account_following,laser,t2,CoreML,laser
laser/redis/disco_products__seller_gmv,laser,t2,Discovery,laser
laser/redis/disco_products__seller_tns_hide_date,laser,t2,Discovery,laser
laser/redis/discotag2,laser,t1,Discovery,laser
laser/redis/firstlssaledate2,laser,t1,Discovery,laser
laser/redis/invalidls,laser,t2,CoreML,laser
laser/redis/knnsellers,laser,t2,Discovery,laser
laser/redis/laser__premier_shop_program_criteria,laser,t3,Marketplace,laser
laser/redis/mysterytagorders2,laser,t1,Discovery,laser
laser/redis/nuxshelves,laser,t1,Discovery,laser
laser/redis/rankingtaxonomylevels,laser,t1,Discovery,laser
laser/redis/rankingtaxonomymapping,laser,t1,Discovery,laser
laser/redis/rufms,laser,t2,Growth,laser
laser/redis/search__user_seller_likely_to_revisit_l28d_laser_v2,laser,t1,Search,laser
laser/redis/search_category_rec_queries,laser,t2,Search,laser
laser/redis/sellercatmetrics,laser,t1,Search,laser
laser/redis/sellersgns,laser,t2,CoreML,laser
laser/redis/sellifev3,laser,t1,DataPlatform,laser
laser/redis/sellifev4,laser,t2,Discovery,laser
laser/redis/slgmv,laser,t1,Marketplace,laser
laser/redis/slmylivestats,laser,t2,PaymentsAndLogistics,laser
laser/redis/srank2,laser,t2,Search,laser
laser/redis/srchtqsa,laser,t1,Search,laser
laser/redis/structured_attributes__laser_personal_preference_ngram,laser,t2,CoreML,laser
laser/redis/structured_attributes__laser_personal_preference_tfidf,laser,t2,CoreML,laser
laser/redis/structured_attributes__laser_personal_preference_tfidf_scores,laser,t2,CoreML,laser
laser/redis/structured_attributes__listing_corpus_extracted_attribute_counts,laser,t2,CoreML,laser
laser/redis/structured_attributes__livestream_to_attribute_mapping_laser,laser,t2,CoreML,laser
laser/redis/tagtfidf2,laser,t1,Discovery,laser
laser/redis/taxonomy_relationships,laser,t1,Discovery,laser
laser/redis/tpop,laser,t1,Discovery,laser
laser/redis/trust_signal__user_reports,laser,t2,TrustPlatform,laser
laser/redis/trust_signal__vip_sellers,laser,t2,TrustPlatform,laser
laser/redis/tsfscore,laser,t3,CoreML,laser
laser/redis/tsrug2,laser,t1,GlobalTrustAndSafety,laser
laser/redis/tssellerrefundabuse,laser,t2,GlobalTrustAndSafety,laser
laser/redis/tssscore,laser,t1,CoreML,laser
laser/redis/txn_fraud_signal,laser,t2,CoreML,laser
laser/redis/user_event_audience_targeting,laser,t2,Search,laser
laser/redis/userorders,laser,t1,Discovery,laser
laser/redis/vipusers2,laser,t2,TrustXP,laser
merge_ls_watch_time,default,t4,not_set,merge_ls_watch_time
nearest_neighbors/dsml-features-seller-sgns/seller_nearest_neighbors,nearest_neighbors,,,nearest_neighbors
null_component_names_frontend_events,default,t4,not_set,null_component_names_frontend_events
online_analytics_create_disco_products__seller_gmv_history_table,default,t1,Discovery,online_analytics_create_disco_products__seller_gmv_history_table
online_analytics_create_disco_products__seller_gmv_history_view,default,t1,Discovery,online_analytics_create_disco_products__seller_gmv_history_view
online_analytics_create_disco_products__seller_lifetime_metrics_table,default,t1,Discovery,online_analytics_create_disco_products__seller_lifetime_metrics_table
online_analytics_create_disco_products__seller_lifetime_metrics_view,default,t1,Discovery,online_analytics_create_disco_products__seller_lifetime_metrics_view
online_analytics_create_laser__sdb_tas_orders_table,default,t3,GlobalTrustAndSafety,online_analytics_create_laser__sdb_tas_orders_table
online_analytics_create_laser__sdb_tas_orders_view,default,t3,GlobalTrustAndSafety,online_analytics_create_laser__sdb_tas_orders_view
online_analytics_create_seller_dash__buyer_metrics_table,default,t2,Growth,online_analytics_create_seller_dash__buyer_metrics_table
online_analytics_create_seller_dash__buyer_metrics_view,default,t2,Growth,online_analytics_create_seller_dash__buyer_metrics_view
online_analytics_create_ts__account_health_metrics_day_table,default,t3,GlobalTrustAndSafety,online_analytics_create_ts__account_health_metrics_day_table
online_analytics_create_ts__account_health_metrics_day_view,default,t3,GlobalTrustAndSafety,online_analytics_create_ts__account_health_metrics_day_view
online_analytics_delete_disco_products__seller_gmv_history_table,default,t1,Discovery,online_analytics_delete_disco_products__seller_gmv_history_table
online_analytics_delete_disco_products__seller_lifetime_metrics_table,default,t1,Discovery,online_analytics_delete_disco_products__seller_lifetime_metrics_table
online_analytics_delete_laser__sdb_tas_orders_table,default,t3,GlobalTrustAndSafety,online_analytics_delete_laser__sdb_tas_orders_table
online_analytics_delete_seller_dash__buyer_metrics_table,default,t2,Growth,online_analytics_delete_seller_dash__buyer_metrics_table
online_analytics_delete_ts__account_health_metrics_day_table,default,t3,GlobalTrustAndSafety,online_analytics_delete_ts__account_health_metrics_day_table
online_analytics_ingest_disco_products__seller_gmv_history_from_s3,default,t1,Discovery,online_analytics_ingest_disco_products__seller_gmv_history_from_s3
online_analytics_ingest_disco_products__seller_lifetime_metrics_from_s3,default,t1,Discovery,online_analytics_ingest_disco_products__seller_lifetime_metrics_from_s3
online_analytics_ingest_laser__sdb_tas_orders_from_s3,default,t3,GlobalTrustAndSafety,online_analytics_ingest_laser__sdb_tas_orders_from_s3
online_analytics_ingest_seller_dash__buyer_metrics_from_s3,default,t2,Growth,online_analytics_ingest_seller_dash__buyer_metrics_from_s3
online_analytics_ingest_ts__account_health_metrics_day_from_s3,default,t3,GlobalTrustAndSafety,online_analytics_ingest_ts__account_health_metrics_day_from_s3
online_analytics_unload_disco_products__seller_gmv_history_to_s3,default,t1,Discovery,online_analytics_unload_disco_products__seller_gmv_history_to_s3
online_analytics_unload_disco_products__seller_lifetime_metrics_to_s3,default,t1,Discovery,online_analytics_unload_disco_products__seller_lifetime_metrics_to_s3
online_analytics_unload_laser__sdb_tas_orders_to_s3,default,t3,GlobalTrustAndSafety,online_analytics_unload_laser__sdb_tas_orders_to_s3
online_analytics_unload_seller_dash__buyer_metrics_to_s3,default,t2,Growth,online_analytics_unload_seller_dash__buyer_metrics_to_s3
online_analytics_unload_ts__account_health_metrics_day_to_s3,default,t3,GlobalTrustAndSafety,online_analytics_unload_ts__account_health_metrics_day_to_s3
opensearch/index/dbt_trigger_dbt_custom_indexing_es_inventory_listings_v1_spine,opensearch_index,t3,elasticsearch,opensearch
opensearch/index/dbt_trigger_dbt_custom_indexing_es_listings_v9_rds,opensearch_index,t3,elasticsearch,opensearch
opensearch/index/dbt_trigger_dbt_custom_indexing_es_listings_v9_sideload,opensearch_index,t3,elasticsearch,opensearch
opensearch/index/dbt_trigger_dbt_custom_indexing_es_listings_v9_spine,opensearch_index,t3,elasticsearch,opensearch
opensearch/index/dbt_trigger_dbt_custom_indexing_es_livestreams_v3_index,opensearch_index,t3,elasticsearch,opensearch
opensearch/index/dbt_trigger_dbt_custom_indexing_es_livestreams_v3_sideload,opensearch_index,t3,elasticsearch,opensearch
opensearch/index/dbt_trigger_dbt_custom_indexing_es_livestreams_v3_spine,opensearch_index,t3,elasticsearch,opensearch
opensearch/index/dbt_trigger_dbt_custom_indexing_es_orders_v1_spine,opensearch_index,t3,elasticsearch,opensearch
opensearch/index/dbt_trigger_dbt_custom_indexing_es_queries_v2_index,opensearch_index,t3,elasticsearch,opensearch
opensearch/index/dbt_trigger_dbt_custom_indexing_es_queries_v2_sideload,opensearch_index,t3,elasticsearch,opensearch
opensearch/index/dbt_trigger_dbt_custom_indexing_es_queries_v2_spine,opensearch_index,t3,elasticsearch,opensearch
opensearch/index/dbt_trigger_dbt_custom_indexing_es_shipments_v1_spine,opensearch_index,t3,elasticsearch,opensearch
opensearch/index/dbt_trigger_dbt_custom_indexing_es_sold_listings_v1_spine,opensearch_index,t3,elasticsearch,opensearch
opensearch/index/dbt_trigger_dbt_custom_indexing_es_users_v1_index,opensearch_index,t3,elasticsearch,opensearch
opensearch/index/dbt_trigger_dbt_custom_indexing_es_users_v1_sideload,opensearch_index,t3,elasticsearch,opensearch
opensearch/index/dbt_trigger_dbt_custom_indexing_es_users_v1_spine,opensearch_index,t3,elasticsearch,opensearch
opensearch/index/dbt_trigger_run_laser_indexing_es__listings_v9_side_load_laser_compound_key_to_dynamo,opensearch_index,t3,elasticsearch,opensearch
opensearch/index/dbt_trigger_run_laser_indexing_es__queries_v2_side_load_laser_compound_key_to_dynamo,opensearch_index,t3,elasticsearch,opensearch
opensearch/index/dbt_trigger_run_laser_indexing_es__users_v1_side_load_laser_compound_key_to_dynamo,opensearch_index,t3,elasticsearch,opensearch
opensearch/index/dbt_wait_for_dbt_build_t1_t2_1h,opensearch_index,t3,elasticsearch,opensearch
opensearch/index/index_build_es_domain_search1_base_queries_v2,opensearch_index,t3,elasticsearch,opensearch
opensearch/index/index_build_es_domain_search1_base_users_v1,opensearch_index,t3,elasticsearch,opensearch
opensearch/index/index_build_es_domain_search3_base_tcg_pokemon_cards,opensearch_index,t3,elasticsearch,opensearch
opensearch/index/index_build_es_domain_search3_disco_search_listings_v9,opensearch_index,t3,elasticsearch,opensearch
opensearch/index/index_build_es_domain_search3_experimental_livestreams_v3,opensearch_index,t3,elasticsearch,opensearch
opensearch/index/index_build_mktplace_listings_prod_1_baseprime_orders_v1,opensearch_index,t3,elasticsearch,opensearch
opensearch/index/index_build_mktplace_listings_prod_1_baseprime_shipments_v1,opensearch_index,t3,elasticsearch,opensearch
opensearch/index/index_build_mktplace_listings_prod_1_inventory_listings_inventory_listings_v1,opensearch_index,t3,elasticsearch,opensearch
opensearch/index/index_build_mktplace_listings_prod_1_sold_listings_sold_listings_v1,opensearch_index,t3,elasticsearch,opensearch
opensearch/index/index_build_whatnot_os_backend_prod_base_notification_hub_activities_v1,opensearch_index,t3,elasticsearch,opensearch
opensearch/index/index_build_wn_search_base_notification_hub_activities_v1_load_index_replica,opensearch_index,t3,elasticsearch,opensearch
opensearch/index/index_build_wn_search_base_queries_v2_load_index_replica,opensearch_index,t3,elasticsearch,opensearch
opensearch/index/index_build_wn_search_base_tcg_pokemon_cards_load_index_replica,opensearch_index,t3,elasticsearch,opensearch
opensearch/index/index_build_wn_search_base_users_v1_load_index_replica,opensearch_index,t3,elasticsearch,opensearch
opensearch/index/index_build_wn_search_baseprime_orders_v1_load_index_replica,opensearch_index,t3,elasticsearch,opensearch
opensearch/index/index_build_wn_search_baseprime_shipments_v1_load_index_replica,opensearch_index,t3,elasticsearch,opensearch
opensearch/index/index_build_wn_search_disco_search_listings_v9_load_index_replica,opensearch_index,t3,elasticsearch,opensearch
opensearch/index/index_build_wn_search_experimental_livestreams_v3_load_index_replica,opensearch_index,t3,elasticsearch,opensearch
opensearch/index/index_build_wn_search_inventory_listings_inventory_listings_v1_load_index_replica,opensearch_index,t3,elasticsearch,opensearch
opensearch/index/index_build_wn_search_sold_listings_sold_listings_v1_load_index_replica,opensearch_index,t3,elasticsearch,opensearch
opensearch/index/index_setup_es_domain_search1_base_queries_v2,opensearch_index,t3,elasticsearch,opensearch
opensearch/index/index_setup_es_domain_search1_base_users_v1,opensearch_index,t3,elasticsearch,opensearch
opensearch/index/index_setup_es_domain_search3_base_tcg_pokemon_cards,opensearch_index,t3,elasticsearch,opensearch
opensearch/index/index_setup_es_domain_search3_disco_search_listings_v9,opensearch_index,t3,elasticsearch,opensearch
opensearch/index/index_setup_es_domain_search3_experimental_livestreams_v3,opensearch_index,t3,elasticsearch,opensearch
opensearch/index/index_setup_mktplace_listings_prod_1_baseprime_orders_v1,opensearch_index,t3,elasticsearch,opensearch
opensearch/index/index_setup_mktplace_listings_prod_1_baseprime_shipments_v1,opensearch_index,t3,elasticsearch,opensearch
opensearch/index/index_setup_mktplace_listings_prod_1_inventory_listings_inventory_listings_v1,opensearch_index,t3,elasticsearch,opensearch
opensearch/index/index_setup_mktplace_listings_prod_1_sold_listings_sold_listings_v1,opensearch_index,t3,elasticsearch,opensearch
opensearch/index/index_setup_whatnot_os_backend_prod_base_notification_hub_activities_v1,opensearch_index,t3,elasticsearch,opensearch
opensearch/index/index_setup_wn_search_base_notification_hub_activities_v1_load_index_replica,opensearch_index,t3,elasticsearch,opensearch
opensearch/index/index_setup_wn_search_base_queries_v2_load_index_replica,opensearch_index,t3,elasticsearch,opensearch
opensearch/index/index_setup_wn_search_base_tcg_pokemon_cards_load_index_replica,opensearch_index,t3,elasticsearch,opensearch
opensearch/index/index_setup_wn_search_base_users_v1_load_index_replica,opensearch_index,t3,elasticsearch,opensearch
opensearch/index/index_setup_wn_search_baseprime_orders_v1_load_index_replica,opensearch_index,t3,elasticsearch,opensearch
opensearch/index/index_setup_wn_search_baseprime_shipments_v1_load_index_replica,opensearch_index,t3,elasticsearch,opensearch
opensearch/index/index_setup_wn_search_disco_search_listings_v9_load_index_replica,opensearch_index,t3,elasticsearch,opensearch
opensearch/index/index_setup_wn_search_experimental_livestreams_v3_load_index_replica,opensearch_index,t3,elasticsearch,opensearch
opensearch/index/index_setup_wn_search_inventory_listings_inventory_listings_v1_load_index_replica,opensearch_index,t3,elasticsearch,opensearch
opensearch/index/index_setup_wn_search_sold_listings_sold_listings_v1_load_index_replica,opensearch_index,t3,elasticsearch,opensearch
payments_incorrect_entity_states_pending_order,default,t4,not_set,payments_incorrect_entity_states_pending_order
payments_incorrect_entity_states_taxes_pending_cancellation,default,t4,not_set,payments_incorrect_entity_states_taxes_pending_cancellation
payments_incorrect_entity_states_unpaid_taxes,default,t4,not_set,payments_incorrect_entity_states_unpaid_taxes
poll_snowflake_query_history_hour,default,,,poll_snowflake_query_history_hour
publish_laser_entity_metadata,laser,,,publish_laser_entity_metadata
s3/feature_dataset_exports/test_feature_dataset/last_8_days,chalk_feature_datasets,,,s3
s3/feature_dataset_exports/test_feature_dataset_stage/last_8_days,chalk_feature_datasets,,,s3
s3/feature_dataset_exports/user_bin_order_chargeback_training_dataset/last_180_days,chalk_feature_datasets,,,s3
s3/feature_dataset_exports/user_livestream_nux_ranking_request_evaluation_feature_dataset/last_1_days,chalk_feature_datasets,,,s3
s3/feature_dataset_exports/user_livestream_nux_ranking_request_evaluation_feature_dataset_limited/last_1_days,chalk_feature_datasets,,,s3
s3/feature_dataset_exports/user_livestream_nux_request_recall_evaluation_feature_dataset/last_1_days,chalk_feature_datasets,,,s3
s3/feature_dataset_exports/user_livestream_nux_request_recall_evaluation_feature_dataset_limited/last_1_days,chalk_feature_datasets,,,s3
s3/feature_dataset_exports/user_livestream_nux_taxonomy_agnostic_ranking_request_evaluation_feature_dataset/last_1_days,chalk_feature_datasets,,,s3
s3/feature_dataset_exports/user_livestream_nux_taxonomy_agnostic_ranking_request_evaluation_feature_dataset_limited/last_1_days,chalk_feature_datasets,,,s3
s3/feature_dataset_exports/user_livestream_nux_taxonomy_agnostic_request_recall_evaluation_feature_dataset/last_1_days,chalk_feature_datasets,,,s3
s3/feature_dataset_exports/user_livestream_nux_taxonomy_agnostic_request_recall_evaluation_feature_dataset_limited/last_1_days,chalk_feature_datasets,,,s3
s3/feature_dataset_exports/user_livestream_nux_taxonomy_agnostic_training_feature_dataset/last_8_days,chalk_feature_datasets,,,s3
s3/feature_dataset_exports/user_livestream_nux_taxonomy_agnostic_training_feature_dataset_limited/last_8_days,chalk_feature_datasets,,,s3
s3/feature_dataset_exports/user_livestream_ranking_request_evaluation_feature_dataset/last_1_days,chalk_feature_datasets,,,s3
s3/feature_dataset_exports/user_livestream_ranking_request_evaluation_feature_dataset_limited/last_1_days,chalk_feature_datasets,,,s3
s3/feature_dataset_exports/user_livestream_request_recall_evaluation_feature_dataset/last_1_days,chalk_feature_datasets,,,s3
s3/feature_dataset_exports/user_livestream_request_recall_evaluation_feature_dataset_limited/last_1_days,chalk_feature_datasets,,,s3
s3/feature_dataset_exports/user_livestream_seconds_since_start_nux_ranking_request_evaluation_feature_dataset/last_1_days,chalk_feature_datasets,,,s3
s3/feature_dataset_exports/user_livestream_seconds_since_start_nux_ranking_request_evaluation_feature_dataset_limited/last_1_days,chalk_feature_datasets,,,s3
s3/feature_dataset_exports/user_livestream_seconds_since_start_nux_request_recall_evaluation_feature_dataset/last_1_days,chalk_feature_datasets,,,s3
s3/feature_dataset_exports/user_livestream_seconds_since_start_nux_request_recall_evaluation_feature_dataset_limited/last_1_days,chalk_feature_datasets,,,s3
s3/feature_dataset_exports/user_livestream_seconds_since_start_ranking_request_evaluation_feature_dataset/last_1_days,chalk_feature_datasets,,,s3
s3/feature_dataset_exports/user_livestream_seconds_since_start_ranking_request_evaluation_feature_dataset_limited/last_1_days,chalk_feature_datasets,,,s3
s3/feature_dataset_exports/user_livestream_seconds_since_start_request_recall_evaluation_feature_dataset/last_1_days,chalk_feature_datasets,,,s3
s3/feature_dataset_exports/user_livestream_seconds_since_start_request_recall_evaluation_feature_dataset_limited/last_1_days,chalk_feature_datasets,,,s3
s3/feature_dataset_exports/user_livestream_taxonomy_agnostic_ranking_request_evaluation_feature_dataset/last_1_days,chalk_feature_datasets,,,s3
s3/feature_dataset_exports/user_livestream_taxonomy_agnostic_ranking_request_evaluation_feature_dataset_limited/last_1_days,chalk_feature_datasets,,,s3
s3/feature_dataset_exports/user_livestream_taxonomy_agnostic_request_recall_evaluation_feature_dataset/last_1_days,chalk_feature_datasets,,,s3
s3/feature_dataset_exports/user_livestream_taxonomy_agnostic_request_recall_evaluation_feature_dataset_limited/last_1_days,chalk_feature_datasets,,,s3
s3/feature_dataset_exports/user_livestream_taxonomy_agnostic_training_feature_dataset/last_8_days,chalk_feature_datasets,,,s3
s3/feature_dataset_exports/user_livestream_taxonomy_agnostic_training_feature_dataset_limited/last_8_days,chalk_feature_datasets,,,s3
s3/feature_dataset_exports/user_livestream_timestamp_nux_training_feature_dataset/last_8_days,chalk_feature_datasets,,,s3
s3/feature_dataset_exports/user_livestream_timestamp_nux_training_feature_dataset_limited/last_8_days,chalk_feature_datasets,,,s3
s3/feature_dataset_exports/user_livestream_timestamp_seconds_since_start_nux_training_feature_dataset/last_8_days,chalk_feature_datasets,,,s3
s3/feature_dataset_exports/user_livestream_timestamp_seconds_since_start_nux_training_feature_dataset_limited/last_8_days,chalk_feature_datasets,,,s3
s3/feature_dataset_exports/user_livestream_timestamp_seconds_since_start_training_feature_dataset/last_8_days,chalk_feature_datasets,,,s3
s3/feature_dataset_exports/user_livestream_timestamp_seconds_since_start_training_feature_dataset_limited/last_8_days,chalk_feature_datasets,,,s3
s3/feature_dataset_exports/user_livestream_timestamp_training_feature_dataset/last_8_days,chalk_feature_datasets,,,s3
s3/feature_dataset_exports/user_livestream_timestamp_training_feature_dataset_limited/last_8_days,chalk_feature_datasets,,,s3
s3/feature_dataset_exports/user_livestream_training_feature_tag_dataset/last_8_days,chalk_feature_datasets,,,s3
s3/feature_dataset_exports/user_livestream_training_feature_tag_feature_dataset_limited/last_8_days,chalk_feature_datasets,,,s3
s3_predictions,model_evaluation__whatnotml,t4,coreml,s3_predictions
sagemaker/bid_hourly_150/bid_hourly_150_accuracy_check,bid_hourly_150,t4,not_set,sagemaker
sagemaker/bid_hourly_150/bid_hourly_150_auc_metrics_datadog_livestream_ts,bid_hourly_150,t4,not_set,sagemaker
sagemaker/bid_hourly_150/bid_hourly_150_auc_metrics_datadog_nux_livestream_ts,bid_hourly_150,t4,not_set,sagemaker
sagemaker/bid_hourly_150/bid_hourly_150_collect_eval_livestream_ts_dataset_uris,bid_hourly_150,t4,not_set,sagemaker
sagemaker/bid_hourly_150/bid_hourly_150_collect_eval_nux_livestream_ts_dataset_uris,bid_hourly_150,t4,not_set,sagemaker
sagemaker/bid_hourly_150/bid_hourly_150_collect_train_dataset_uris,bid_hourly_150,t4,not_set,sagemaker
sagemaker/bid_hourly_150/bid_hourly_150_eval_combo_livestream_ts,bid_hourly_150,t4,not_set,sagemaker
sagemaker/bid_hourly_150/bid_hourly_150_eval_combo_nux_livestream_ts,bid_hourly_150,t4,not_set,sagemaker
sagemaker/bid_hourly_150/bid_hourly_150_prepare_eval_combo_livestream_ts,bid_hourly_150,t4,not_set,sagemaker
sagemaker/bid_hourly_150/bid_hourly_150_prepare_eval_combo_nux_livestream_ts,bid_hourly_150,t4,not_set,sagemaker
sagemaker/bid_hourly_150/bid_hourly_150_ranking_metrics_datadog_livestream_ts,bid_hourly_150,t4,not_set,sagemaker
sagemaker/bid_hourly_150/bid_hourly_150_ranking_metrics_datadog_nux_livestream_ts,bid_hourly_150,t4,not_set,sagemaker
sagemaker/bid_hourly_150/bid_hourly_150_retraining_job,bid_hourly_150,t4,not_set,sagemaker
sagemaker/bid_hourly_150/bid_hourly_150_training_job,bid_hourly_150,t4,not_set,sagemaker
sagemaker/bid_hourly_150_load_eval_metrics_snowflake_livestream_ts,bid_hourly_150,t4,not_set,sagemaker
sagemaker/bid_hourly_150_load_eval_metrics_snowflake_nux_livestream_ts,bid_hourly_150,t4,not_set,sagemaker
sagemaker/bid_hourly_150_load_ranking_request_dataset_snowflake_livestream_ts,bid_hourly_150,t4,not_set,sagemaker
sagemaker/bid_hourly_150_load_ranking_request_dataset_snowflake_nux_livestream_ts,bid_hourly_150,t4,not_set,sagemaker
sagemaker/bid_hourly_150_load_ranking_request_eval_metrics_snowflake_livestream_ts,bid_hourly_150,t4,not_set,sagemaker
sagemaker/bid_hourly_150_load_ranking_request_eval_metrics_snowflake_nux_livestream_ts,bid_hourly_150,t4,not_set,sagemaker
sagemaker/bid_hourly_150_load_recall_dataset_snowflake_livestream_ts,bid_hourly_150,t4,not_set,sagemaker
sagemaker/bid_hourly_150_load_recall_dataset_snowflake_nux_livestream_ts,bid_hourly_150,t4,not_set,sagemaker
sagemaker/bid_hourly_150_retrain/bid_hourly_150_retrain_model,bid_hourly_150,t4,not_set,sagemaker
sagemaker/bid_hourly_150_train/bid_hourly_150_train_model,bid_hourly_150,t4,not_set,sagemaker
sagemaker/bid_sec/bid_sec_accuracy_check,bid_sec,t4,not_set,sagemaker
sagemaker/bid_sec/bid_sec_auc_metrics_datadog_livestream_ts,bid_sec,t4,not_set,sagemaker
sagemaker/bid_sec/bid_sec_auc_metrics_datadog_nux_livestream_ts,bid_sec,t4,not_set,sagemaker
sagemaker/bid_sec/bid_sec_collect_eval_livestream_ts_dataset_uris,bid_sec,t4,not_set,sagemaker
sagemaker/bid_sec/bid_sec_collect_eval_nux_livestream_ts_dataset_uris,bid_sec,t4,not_set,sagemaker
sagemaker/bid_sec/bid_sec_collect_train_dataset_uris,bid_sec,t4,not_set,sagemaker
sagemaker/bid_sec/bid_sec_eval_combo_livestream_ts,bid_sec,t4,not_set,sagemaker
sagemaker/bid_sec/bid_sec_eval_combo_nux_livestream_ts,bid_sec,t4,not_set,sagemaker
sagemaker/bid_sec/bid_sec_prepare_eval_combo_livestream_ts,bid_sec,t4,not_set,sagemaker
sagemaker/bid_sec/bid_sec_prepare_eval_combo_nux_livestream_ts,bid_sec,t4,not_set,sagemaker
sagemaker/bid_sec/bid_sec_ranking_metrics_datadog_livestream_ts,bid_sec,t4,not_set,sagemaker
sagemaker/bid_sec/bid_sec_ranking_metrics_datadog_nux_livestream_ts,bid_sec,t4,not_set,sagemaker
sagemaker/bid_sec/bid_sec_retraining_job,bid_sec,t4,not_set,sagemaker
sagemaker/bid_sec/bid_sec_training_job,bid_sec,t4,not_set,sagemaker
sagemaker/bid_sec_load_eval_metrics_snowflake_livestream_ts,bid_sec,t4,not_set,sagemaker
sagemaker/bid_sec_load_eval_metrics_snowflake_nux_livestream_ts,bid_sec,t4,not_set,sagemaker
sagemaker/bid_sec_load_ranking_request_dataset_snowflake_livestream_ts,bid_sec,t4,not_set,sagemaker
sagemaker/bid_sec_load_ranking_request_dataset_snowflake_nux_livestream_ts,bid_sec,t4,not_set,sagemaker
sagemaker/bid_sec_load_ranking_request_eval_metrics_snowflake_livestream_ts,bid_sec,t4,not_set,sagemaker
sagemaker/bid_sec_load_ranking_request_eval_metrics_snowflake_nux_livestream_ts,bid_sec,t4,not_set,sagemaker
sagemaker/bid_sec_load_recall_dataset_snowflake_livestream_ts,bid_sec,t4,not_set,sagemaker
sagemaker/bid_sec_load_recall_dataset_snowflake_nux_livestream_ts,bid_sec,t4,not_set,sagemaker
sagemaker/bid_sec_retrain/bid_sec_retrain_model,bid_sec,t4,not_set,sagemaker
sagemaker/bid_sec_train/bid_sec_train_model,bid_sec,t4,not_set,sagemaker
sagemaker/bid_tax_ag/bid_tax_ag_accuracy_check,bid_tax_ag,t4,not_set,sagemaker
sagemaker/bid_tax_ag/bid_tax_ag_auc_metrics_datadog_livestream_ts,bid_tax_ag,t4,not_set,sagemaker
sagemaker/bid_tax_ag/bid_tax_ag_auc_metrics_datadog_nux_livestream_ts,bid_tax_ag,t4,not_set,sagemaker
sagemaker/bid_tax_ag/bid_tax_ag_collect_eval_livestream_ts_dataset_uris,bid_tax_ag,t4,not_set,sagemaker
sagemaker/bid_tax_ag/bid_tax_ag_collect_eval_nux_livestream_ts_dataset_uris,bid_tax_ag,t4,not_set,sagemaker
sagemaker/bid_tax_ag/bid_tax_ag_collect_train_dataset_uris,bid_tax_ag,t4,not_set,sagemaker
sagemaker/bid_tax_ag/bid_tax_ag_eval_combo_livestream_ts,bid_tax_ag,t4,not_set,sagemaker
sagemaker/bid_tax_ag/bid_tax_ag_eval_combo_nux_livestream_ts,bid_tax_ag,t4,not_set,sagemaker
sagemaker/bid_tax_ag/bid_tax_ag_prepare_eval_combo_livestream_ts,bid_tax_ag,t4,not_set,sagemaker
sagemaker/bid_tax_ag/bid_tax_ag_prepare_eval_combo_nux_livestream_ts,bid_tax_ag,t4,not_set,sagemaker
sagemaker/bid_tax_ag/bid_tax_ag_ranking_metrics_datadog_livestream_ts,bid_tax_ag,t4,not_set,sagemaker
sagemaker/bid_tax_ag/bid_tax_ag_ranking_metrics_datadog_nux_livestream_ts,bid_tax_ag,t4,not_set,sagemaker
sagemaker/bid_tax_ag/bid_tax_ag_retraining_job,bid_tax_ag,t4,not_set,sagemaker
sagemaker/bid_tax_ag/bid_tax_ag_training_job,bid_tax_ag,t4,not_set,sagemaker
sagemaker/bid_tax_ag_load_eval_metrics_snowflake_livestream_ts,bid_tax_ag,t4,not_set,sagemaker
sagemaker/bid_tax_ag_load_eval_metrics_snowflake_nux_livestream_ts,bid_tax_ag,t4,not_set,sagemaker
sagemaker/bid_tax_ag_load_ranking_request_dataset_snowflake_livestream_ts,bid_tax_ag,t4,not_set,sagemaker
sagemaker/bid_tax_ag_load_ranking_request_dataset_snowflake_nux_livestream_ts,bid_tax_ag,t4,not_set,sagemaker
sagemaker/bid_tax_ag_load_ranking_request_eval_metrics_snowflake_livestream_ts,bid_tax_ag,t4,not_set,sagemaker
sagemaker/bid_tax_ag_load_ranking_request_eval_metrics_snowflake_nux_livestream_ts,bid_tax_ag,t4,not_set,sagemaker
sagemaker/bid_tax_ag_load_recall_dataset_snowflake_livestream_ts,bid_tax_ag,t4,not_set,sagemaker
sagemaker/bid_tax_ag_load_recall_dataset_snowflake_nux_livestream_ts,bid_tax_ag,t4,not_set,sagemaker
sagemaker/bid_tax_ag_retrain/bid_tax_ag_retrain_model,bid_tax_ag,t4,not_set,sagemaker
sagemaker/bid_tax_ag_train/bid_tax_ag_train_model,bid_tax_ag,t4,not_set,sagemaker
sagemaker/dsml-features-seller-sgns/run_training_job,sagemaker,,,sagemaker
sagemaker/dsml_features_seller_sgns/dsml_features_seller_sgns_model,sagemaker,t4,not_set,sagemaker
sagemaker/dsml_features_seller_sgns/dsml_features_seller_sgns_training_job,sagemaker,t4,not_set,sagemaker
sagemaker/dsml_recsys_purchase_cf/dsml_recsys_purchase_cf_model,sagemaker,t4,not_set,sagemaker
sagemaker/dsml_recsys_purchase_cf/sagemaker_training_job,sagemaker,t4,not_set,sagemaker
sagemaker/dsml_recsys_watch_cf/dsml_recsys_watch_cf_model,sagemaker,t4,not_set,sagemaker
sagemaker/dsml_recsys_watch_cf/sagemaker_training_job,sagemaker,t4,not_set,sagemaker
sagemaker/sagemaker_studio/sagemaker_studio_endpoint,sagemaker,t4,not_set,sagemaker
sagemaker/sagemaker_studio/sagemaker_studio_model,sagemaker,t4,not_set,sagemaker
sagemaker/sagemaker_studio/sagemaker_studio_training_job,sagemaker,t4,not_set,sagemaker
sagemaker/watch_hourly_100/watch_hourly_100_accuracy_check,watch_hourly_100,t4,not_set,sagemaker
sagemaker/watch_hourly_100/watch_hourly_100_auc_metrics_datadog_livestream_ts,watch_hourly_100,t4,not_set,sagemaker
sagemaker/watch_hourly_100/watch_hourly_100_auc_metrics_datadog_nux_livestream_ts,watch_hourly_100,t4,not_set,sagemaker
sagemaker/watch_hourly_100/watch_hourly_100_collect_eval_livestream_ts_dataset_uris,watch_hourly_100,t4,not_set,sagemaker
sagemaker/watch_hourly_100/watch_hourly_100_collect_eval_nux_livestream_ts_dataset_uris,watch_hourly_100,t4,not_set,sagemaker
sagemaker/watch_hourly_100/watch_hourly_100_collect_train_dataset_uris,watch_hourly_100,t4,not_set,sagemaker
sagemaker/watch_hourly_100/watch_hourly_100_eval_combo_livestream_ts,watch_hourly_100,t4,not_set,sagemaker
sagemaker/watch_hourly_100/watch_hourly_100_eval_combo_nux_livestream_ts,watch_hourly_100,t4,not_set,sagemaker
sagemaker/watch_hourly_100/watch_hourly_100_prepare_eval_combo_livestream_ts,watch_hourly_100,t4,not_set,sagemaker
sagemaker/watch_hourly_100/watch_hourly_100_prepare_eval_combo_nux_livestream_ts,watch_hourly_100,t4,not_set,sagemaker
sagemaker/watch_hourly_100/watch_hourly_100_ranking_metrics_datadog_livestream_ts,watch_hourly_100,t4,not_set,sagemaker
sagemaker/watch_hourly_100/watch_hourly_100_ranking_metrics_datadog_nux_livestream_ts,watch_hourly_100,t4,not_set,sagemaker
sagemaker/watch_hourly_100/watch_hourly_100_retraining_job,watch_hourly_100,t4,not_set,sagemaker
sagemaker/watch_hourly_100/watch_hourly_100_training_job,watch_hourly_100,t4,not_set,sagemaker
sagemaker/watch_hourly_100_load_eval_metrics_snowflake_livestream_ts,watch_hourly_100,t4,not_set,sagemaker
sagemaker/watch_hourly_100_load_eval_metrics_snowflake_nux_livestream_ts,watch_hourly_100,t4,not_set,sagemaker
sagemaker/watch_hourly_100_load_ranking_request_dataset_snowflake_livestream_ts,watch_hourly_100,t4,not_set,sagemaker
sagemaker/watch_hourly_100_load_ranking_request_dataset_snowflake_nux_livestream_ts,watch_hourly_100,t4,not_set,sagemaker
sagemaker/watch_hourly_100_load_ranking_request_eval_metrics_snowflake_livestream_ts,watch_hourly_100,t4,not_set,sagemaker
sagemaker/watch_hourly_100_load_ranking_request_eval_metrics_snowflake_nux_livestream_ts,watch_hourly_100,t4,not_set,sagemaker
sagemaker/watch_hourly_100_load_recall_dataset_snowflake_livestream_ts,watch_hourly_100,t4,not_set,sagemaker
sagemaker/watch_hourly_100_load_recall_dataset_snowflake_nux_livestream_ts,watch_hourly_100,t4,not_set,sagemaker
sagemaker/watch_hourly_100_retrain/watch_hourly_100_retrain_model,watch_hourly_100,t4,not_set,sagemaker
sagemaker/watch_hourly_100_train/watch_hourly_100_train_model,watch_hourly_100,t4,not_set,sagemaker
sagemaker/watch_sec/watch_sec_accuracy_check,watch_sec,t4,not_set,sagemaker
sagemaker/watch_sec/watch_sec_auc_metrics_datadog_livestream_ts,watch_sec,t4,not_set,sagemaker
sagemaker/watch_sec/watch_sec_auc_metrics_datadog_nux_livestream_ts,watch_sec,t4,not_set,sagemaker
sagemaker/watch_sec/watch_sec_collect_eval_livestream_ts_dataset_uris,watch_sec,t4,not_set,sagemaker
sagemaker/watch_sec/watch_sec_collect_eval_nux_livestream_ts_dataset_uris,watch_sec,t4,not_set,sagemaker
sagemaker/watch_sec/watch_sec_collect_train_dataset_uris,watch_sec,t4,not_set,sagemaker
sagemaker/watch_sec/watch_sec_eval_combo_livestream_ts,watch_sec,t4,not_set,sagemaker
sagemaker/watch_sec/watch_sec_eval_combo_nux_livestream_ts,watch_sec,t4,not_set,sagemaker
sagemaker/watch_sec/watch_sec_prepare_eval_combo_livestream_ts,watch_sec,t4,not_set,sagemaker
sagemaker/watch_sec/watch_sec_prepare_eval_combo_nux_livestream_ts,watch_sec,t4,not_set,sagemaker
sagemaker/watch_sec/watch_sec_ranking_metrics_datadog_livestream_ts,watch_sec,t4,not_set,sagemaker
sagemaker/watch_sec/watch_sec_ranking_metrics_datadog_nux_livestream_ts,watch_sec,t4,not_set,sagemaker
sagemaker/watch_sec/watch_sec_retraining_job,watch_sec,t4,not_set,sagemaker
sagemaker/watch_sec/watch_sec_training_job,watch_sec,t4,not_set,sagemaker
sagemaker/watch_sec_load_eval_metrics_snowflake_livestream_ts,watch_sec,t4,not_set,sagemaker
sagemaker/watch_sec_load_eval_metrics_snowflake_nux_livestream_ts,watch_sec,t4,not_set,sagemaker
sagemaker/watch_sec_load_ranking_request_dataset_snowflake_livestream_ts,watch_sec,t4,not_set,sagemaker
sagemaker/watch_sec_load_ranking_request_dataset_snowflake_nux_livestream_ts,watch_sec,t4,not_set,sagemaker
sagemaker/watch_sec_load_ranking_request_eval_metrics_snowflake_livestream_ts,watch_sec,t4,not_set,sagemaker
sagemaker/watch_sec_load_ranking_request_eval_metrics_snowflake_nux_livestream_ts,watch_sec,t4,not_set,sagemaker
sagemaker/watch_sec_load_recall_dataset_snowflake_livestream_ts,watch_sec,t4,not_set,sagemaker
sagemaker/watch_sec_load_recall_dataset_snowflake_nux_livestream_ts,watch_sec,t4,not_set,sagemaker
sagemaker/watch_sec_retrain/watch_sec_retrain_model,watch_sec,t4,not_set,sagemaker
sagemaker/watch_sec_train/watch_sec_train_model,watch_sec,t4,not_set,sagemaker
sagemaker/watch_tax_ag/watch_tax_ag_accuracy_check,watch_tax_ag,t4,not_set,sagemaker
sagemaker/watch_tax_ag/watch_tax_ag_auc_metrics_datadog_livestream_ts,watch_tax_ag,t4,not_set,sagemaker
sagemaker/watch_tax_ag/watch_tax_ag_auc_metrics_datadog_nux_livestream_ts,watch_tax_ag,t4,not_set,sagemaker
sagemaker/watch_tax_ag/watch_tax_ag_collect_eval_livestream_ts_dataset_uris,watch_tax_ag,t4,not_set,sagemaker
sagemaker/watch_tax_ag/watch_tax_ag_collect_eval_nux_livestream_ts_dataset_uris,watch_tax_ag,t4,not_set,sagemaker
sagemaker/watch_tax_ag/watch_tax_ag_collect_train_dataset_uris,watch_tax_ag,t4,not_set,sagemaker
sagemaker/watch_tax_ag/watch_tax_ag_eval_combo_livestream_ts,watch_tax_ag,t4,not_set,sagemaker
sagemaker/watch_tax_ag/watch_tax_ag_eval_combo_nux_livestream_ts,watch_tax_ag,t4,not_set,sagemaker
sagemaker/watch_tax_ag/watch_tax_ag_prepare_eval_combo_livestream_ts,watch_tax_ag,t4,not_set,sagemaker
sagemaker/watch_tax_ag/watch_tax_ag_prepare_eval_combo_nux_livestream_ts,watch_tax_ag,t4,not_set,sagemaker
sagemaker/watch_tax_ag/watch_tax_ag_ranking_metrics_datadog_livestream_ts,watch_tax_ag,t4,not_set,sagemaker
sagemaker/watch_tax_ag/watch_tax_ag_ranking_metrics_datadog_nux_livestream_ts,watch_tax_ag,t4,not_set,sagemaker
sagemaker/watch_tax_ag/watch_tax_ag_retraining_job,watch_tax_ag,t4,not_set,sagemaker
sagemaker/watch_tax_ag/watch_tax_ag_training_job,watch_tax_ag,t4,not_set,sagemaker
sagemaker/watch_tax_ag_load_eval_metrics_snowflake_livestream_ts,watch_tax_ag,t4,not_set,sagemaker
sagemaker/watch_tax_ag_load_eval_metrics_snowflake_nux_livestream_ts,watch_tax_ag,t4,not_set,sagemaker
sagemaker/watch_tax_ag_load_ranking_request_dataset_snowflake_livestream_ts,watch_tax_ag,t4,not_set,sagemaker
sagemaker/watch_tax_ag_load_ranking_request_dataset_snowflake_nux_livestream_ts,watch_tax_ag,t4,not_set,sagemaker
sagemaker/watch_tax_ag_load_ranking_request_eval_metrics_snowflake_livestream_ts,watch_tax_ag,t4,not_set,sagemaker
sagemaker/watch_tax_ag_load_ranking_request_eval_metrics_snowflake_nux_livestream_ts,watch_tax_ag,t4,not_set,sagemaker
sagemaker/watch_tax_ag_load_recall_dataset_snowflake_livestream_ts,watch_tax_ag,t4,not_set,sagemaker
sagemaker/watch_tax_ag_load_recall_dataset_snowflake_nux_livestream_ts,watch_tax_ag,t4,not_set,sagemaker
sagemaker/watch_tax_ag_retrain/watch_tax_ag_retrain_model,watch_tax_ag,t4,not_set,sagemaker
sagemaker/watch_tax_ag_train/watch_tax_ag_train_model,watch_tax_ag,t4,not_set,sagemaker
shippo/api/extract_invoices_account_aidan_platform,default,t3,DataPlatform,shippo
shippo/api/extract_invoices_account_shipping,default,t3,DataPlatform,shippo
shippo/api/extract_invoices_account_sunny,default,t3,DataPlatform,shippo
shippo/api/extract_surcharges_account_aidan_platform,default,t3,DataPlatform,shippo
shippo/api/extract_surcharges_account_sunny,default,t3,DataPlatform,shippo
slack/company_newsfeed_publisher,slack,t4,not_set,slack
slack/freshness_alert_bid_hourly_150_retrain_model,slack,t4,not_set,slack
slack/freshness_alert_bid_sec_retrain_model,slack,t4,not_set,slack
slack/freshness_alert_bid_tax_ag_retrain_model,slack,t4,not_set,slack
slack/freshness_alert_watch_hourly_100_retrain_model,slack,t4,not_set,slack
slack/freshness_alert_watch_sec_retrain_model,slack,t4,not_set,slack
slack/freshness_alert_watch_tax_ag_retrain_model,slack,t4,not_set,slack
snowflake/APP_DATA/CDC_PROD/Lives/create_history_table,snowflake__monitoring,t2,Inventory,snowflake
snowflake/APP_DATA/CDC_PROD/Lives/refresh_most_recent_tables,snowflake__monitoring,t2,Inventory,snowflake
snowflake/APP_DATA/CDC_PROD/ad_auctions/create_history_table,snowflake__monitoring,t2,Ads,snowflake
snowflake/APP_DATA/CDC_PROD/ad_auctions/refresh_most_recent_tables,snowflake__monitoring,t2,Ads,snowflake
snowflake/APP_DATA/CDC_PROD/ad_bandits/create_history_table,snowflake__monitoring,t2,Ads,snowflake
snowflake/APP_DATA/CDC_PROD/ad_bandits/refresh_most_recent_tables,snowflake__monitoring,t2,Ads,snowflake
snowflake/APP_DATA/CDC_PROD/ad_bidding/create_history_table,snowflake__monitoring,t2,Ads,snowflake
snowflake/APP_DATA/CDC_PROD/ad_bidding/refresh_most_recent_tables,snowflake__monitoring,t2,Ads,snowflake
snowflake/APP_DATA/CDC_PROD/ad_campaign_performance_stats/create_history_table,snowflake__monitoring,t2,Ads,snowflake
snowflake/APP_DATA/CDC_PROD/ad_campaign_performance_stats/refresh_most_recent_tables,snowflake__monitoring,t2,Ads,snowflake
snowflake/APP_DATA/CDC_PROD/ad_campaigns/create_history_table,snowflake__monitoring,t2,Ads,snowflake
snowflake/APP_DATA/CDC_PROD/ad_campaigns/refresh_most_recent_tables,snowflake__monitoring,t2,Ads,snowflake
snowflake/APP_DATA/CDC_PROD/ad_credit_campaigns/create_history_table,snowflake__monitoring,t2,Ads,snowflake
snowflake/APP_DATA/CDC_PROD/ad_credit_campaigns/refresh_most_recent_tables,snowflake__monitoring,t2,Ads,snowflake
snowflake/APP_DATA/CDC_PROD/ad_forecasting_values/create_history_table,snowflake__monitoring,t2,Ads,snowflake
snowflake/APP_DATA/CDC_PROD/ad_forecasting_values/refresh_most_recent_tables,snowflake__monitoring,t2,Ads,snowflake
snowflake/APP_DATA/CDC_PROD/addresses/create_history_table,snowflake__monitoring,t1,Logistics,snowflake
snowflake/APP_DATA/CDC_PROD/addresses/refresh_most_recent_tables,snowflake__monitoring,t1,Logistics,snowflake
snowflake/APP_DATA/CDC_PROD/addresses_allowlist/create_history_table,snowflake__monitoring,t1,GlobalTrustAndSafety,snowflake
snowflake/APP_DATA/CDC_PROD/addresses_allowlist/refresh_most_recent_tables,snowflake__monitoring,t1,GlobalTrustAndSafety,snowflake
snowflake/APP_DATA/CDC_PROD/ads_attribution/create_history_table,snowflake__monitoring,t2,Ads,snowflake
snowflake/APP_DATA/CDC_PROD/ads_attribution/refresh_most_recent_tables,snowflake__monitoring,t2,Ads,snowflake
snowflake/APP_DATA/CDC_PROD/api_listing_attributes/create_history_table,snowflake__monitoring,t2,Marketplace,snowflake
snowflake/APP_DATA/CDC_PROD/api_listing_attributes/refresh_most_recent_tables,snowflake__monitoring,t2,Marketplace,snowflake
snowflake/APP_DATA/CDC_PROD/api_product_attributes/create_history_table,snowflake__monitoring,t2,Marketplace,snowflake
snowflake/APP_DATA/CDC_PROD/api_product_attributes/refresh_most_recent_tables,snowflake__monitoring,t2,Marketplace,snowflake
snowflake/APP_DATA/CDC_PROD/auction_bidders/create_history_table,snowflake__monitoring,t2,Marketplace,snowflake
snowflake/APP_DATA/CDC_PROD/auction_bidders/refresh_most_recent_tables,snowflake__monitoring,t2,Marketplace,snowflake
snowflake/APP_DATA/CDC_PROD/auction_info/create_history_table,snowflake__monitoring,t1,Marketplace,snowflake
snowflake/APP_DATA/CDC_PROD/auction_info/refresh_most_recent_tables,snowflake__monitoring,t1,Marketplace,snowflake
snowflake/APP_DATA/CDC_PROD/brands/create_history_table,snowflake__monitoring,t2,Growth,snowflake
snowflake/APP_DATA/CDC_PROD/brands/refresh_most_recent_tables,snowflake__monitoring,t2,Growth,snowflake
snowflake/APP_DATA/CDC_PROD/break_spot_options/create_history_table,snowflake__monitoring,t2,Marketplace,snowflake
snowflake/APP_DATA/CDC_PROD/break_spot_options/refresh_most_recent_tables,snowflake__monitoring,t2,Marketplace,snowflake
snowflake/APP_DATA/CDC_PROD/break_spots/create_history_table,snowflake__monitoring,t2,Marketplace,snowflake
snowflake/APP_DATA/CDC_PROD/break_spots/refresh_most_recent_tables,snowflake__monitoring,t2,Marketplace,snowflake
snowflake/APP_DATA/CDC_PROD/breaks/create_history_table,snowflake__monitoring,t1,Marketplace,snowflake
snowflake/APP_DATA/CDC_PROD/breaks/refresh_most_recent_tables,snowflake__monitoring,t1,Marketplace,snowflake
snowflake/APP_DATA/CDC_PROD/bulk_imported_listings/create_history_table,snowflake__monitoring,t1,Marketplace,snowflake
snowflake/APP_DATA/CDC_PROD/bulk_imported_listings/refresh_most_recent_tables,snowflake__monitoring,t1,Marketplace,snowflake
snowflake/APP_DATA/CDC_PROD/bulk_upload_jobs/create_history_table,snowflake__monitoring,t2,Marketplace,snowflake
snowflake/APP_DATA/CDC_PROD/bulk_upload_jobs/refresh_most_recent_tables,snowflake__monitoring,t2,Marketplace,snowflake
snowflake/APP_DATA/CDC_PROD/bundling_windows/create_history_table,snowflake__monitoring,t1,Logistics,snowflake
snowflake/APP_DATA/CDC_PROD/bundling_windows/refresh_most_recent_tables,snowflake__monitoring,t1,Logistics,snowflake
snowflake/APP_DATA/CDC_PROD/buyer_default_shipping_settings/create_history_table,snowflake__monitoring,t2,Logistics,snowflake
snowflake/APP_DATA/CDC_PROD/buyer_default_shipping_settings/refresh_most_recent_tables,snowflake__monitoring,t2,Logistics,snowflake
snowflake/APP_DATA/CDC_PROD/buyer_livestream_shipping_settings/create_history_table,snowflake__monitoring,t2,Logistics,snowflake
snowflake/APP_DATA/CDC_PROD/buyer_livestream_shipping_settings/refresh_most_recent_tables,snowflake__monitoring,t2,Logistics,snowflake
snowflake/APP_DATA/CDC_PROD/cancellation_requests/create_history_table,snowflake__monitoring,t2,Payments,snowflake
snowflake/APP_DATA/CDC_PROD/cancellation_requests/refresh_most_recent_tables,snowflake__monitoring,t2,Payments,snowflake
snowflake/APP_DATA/CDC_PROD/cards/create_history_table,snowflake__monitoring,t1,Payments,snowflake
snowflake/APP_DATA/CDC_PROD/cards/refresh_most_recent_tables,snowflake__monitoring,t1,Payments,snowflake
snowflake/APP_DATA/CDC_PROD/catalog_product_attributes/create_history_table,snowflake__monitoring,t2,Marketplace,snowflake
snowflake/APP_DATA/CDC_PROD/catalog_product_attributes/refresh_most_recent_tables,snowflake__monitoring,t2,Marketplace,snowflake
snowflake/APP_DATA/CDC_PROD/catalog_product_type_attributes/create_history_table,snowflake__monitoring,t2,Marketplace,snowflake
snowflake/APP_DATA/CDC_PROD/catalog_product_type_attributes/refresh_most_recent_tables,snowflake__monitoring,t2,Marketplace,snowflake
snowflake/APP_DATA/CDC_PROD/catalog_product_types/create_history_table,snowflake__monitoring,t2,Marketplace,snowflake
snowflake/APP_DATA/CDC_PROD/catalog_product_types/refresh_most_recent_tables,snowflake__monitoring,t2,Marketplace,snowflake
snowflake/APP_DATA/CDC_PROD/catalog_products/create_history_table,snowflake__monitoring,t2,Marketplace,snowflake
snowflake/APP_DATA/CDC_PROD/catalog_products/refresh_most_recent_tables,snowflake__monitoring,t2,Marketplace,snowflake
snowflake/APP_DATA/CDC_PROD/categories/create_history_table,snowflake__monitoring,t1,Marketplace,snowflake
snowflake/APP_DATA/CDC_PROD/categories/refresh_most_recent_tables,snowflake__monitoring,t1,Marketplace,snowflake
snowflake/APP_DATA/CDC_PROD/category_catalog_product_types/create_history_table,snowflake__monitoring,t2,Marketplace,snowflake
snowflake/APP_DATA/CDC_PROD/category_catalog_product_types/refresh_most_recent_tables,snowflake__monitoring,t2,Marketplace,snowflake
snowflake/APP_DATA/CDC_PROD/client_app_install_tokens/create_history_table,snowflake__monitoring,t2,Seller Scaling,snowflake
snowflake/APP_DATA/CDC_PROD/client_app_install_tokens/refresh_most_recent_tables,snowflake__monitoring,t2,Seller Scaling,snowflake
snowflake/APP_DATA/CDC_PROD/client_app_installs/create_history_table,snowflake__monitoring,t2,Seller Scaling,snowflake
snowflake/APP_DATA/CDC_PROD/client_app_installs/refresh_most_recent_tables,snowflake__monitoring,t2,Seller Scaling,snowflake
snowflake/APP_DATA/CDC_PROD/client_apps/create_history_table,snowflake__monitoring,t2,Seller Scaling,snowflake
snowflake/APP_DATA/CDC_PROD/client_apps/refresh_most_recent_tables,snowflake__monitoring,t2,Seller Scaling,snowflake
snowflake/APP_DATA/CDC_PROD/community_boost_contributions/create_history_table,snowflake__monitoring,t2,Ads,snowflake
snowflake/APP_DATA/CDC_PROD/community_boost_contributions/refresh_most_recent_tables,snowflake__monitoring,t2,Ads,snowflake
snowflake/APP_DATA/CDC_PROD/community_boost_jars/create_history_table,snowflake__monitoring,t2,Ads,snowflake
snowflake/APP_DATA/CDC_PROD/community_boost_jars/refresh_most_recent_tables,snowflake__monitoring,t2,Ads,snowflake
snowflake/APP_DATA/CDC_PROD/conversation_group_participants/create_history_table,snowflake__monitoring,t2,Community,snowflake
snowflake/APP_DATA/CDC_PROD/conversation_group_participants/refresh_most_recent_tables,snowflake__monitoring,t2,Community,snowflake
snowflake/APP_DATA/CDC_PROD/conversation_groups/create_history_table,snowflake__monitoring,t2,Community,snowflake
snowflake/APP_DATA/CDC_PROD/conversation_groups/refresh_most_recent_tables,snowflake__monitoring,t2,Community,snowflake
snowflake/APP_DATA/CDC_PROD/coupon_claims/create_history_table,snowflake__monitoring,t2,Community,snowflake
snowflake/APP_DATA/CDC_PROD/coupon_claims/refresh_most_recent_tables,snowflake__monitoring,t2,Community,snowflake
snowflake/APP_DATA/CDC_PROD/coupon_usages/create_history_table,snowflake__monitoring,t1,Growth,snowflake
snowflake/APP_DATA/CDC_PROD/coupon_usages/refresh_most_recent_tables,snowflake__monitoring,t1,Growth,snowflake
snowflake/APP_DATA/CDC_PROD/coupons/create_history_table,snowflake__monitoring,t1,Growth,snowflake
snowflake/APP_DATA/CDC_PROD/coupons/refresh_most_recent_tables,snowflake__monitoring,t1,Growth,snowflake
snowflake/APP_DATA/CDC_PROD/credit_expiry/create_history_table,snowflake__monitoring,t2,Ads,snowflake
snowflake/APP_DATA/CDC_PROD/credit_expiry/refresh_most_recent_tables,snowflake__monitoring,t2,Ads,snowflake
snowflake/APP_DATA/CDC_PROD/cross_stream_status/create_history_table,snowflake__monitoring,t2,Growth,snowflake
snowflake/APP_DATA/CDC_PROD/cross_stream_status/refresh_most_recent_tables,snowflake__monitoring,t2,Growth,snowflake
snowflake/APP_DATA/CDC_PROD/currency_conversion_rates/create_history_table,snowflake__monitoring,t1,Payments,snowflake
snowflake/APP_DATA/CDC_PROD/currency_conversion_rates/refresh_most_recent_tables,snowflake__monitoring,t1,Payments,snowflake
snowflake/APP_DATA/CDC_PROD/deal_proposal/create_history_table,snowflake__monitoring,t2,Payments,snowflake
snowflake/APP_DATA/CDC_PROD/deal_proposal/refresh_most_recent_tables,snowflake__monitoring,t2,Payments,snowflake
snowflake/APP_DATA/CDC_PROD/delayed_action_jobs/create_history_table,snowflake__monitoring,t2,Logistics,snowflake
snowflake/APP_DATA/CDC_PROD/delayed_action_jobs/refresh_most_recent_tables,snowflake__monitoring,t2,Logistics,snowflake
snowflake/APP_DATA/CDC_PROD/editorial_pushes/create_history_table,snowflake__monitoring,t2,Growth,snowflake
snowflake/APP_DATA/CDC_PROD/editorial_pushes/refresh_most_recent_tables,snowflake__monitoring,t2,Growth,snowflake
snowflake/APP_DATA/CDC_PROD/entitlements/create_history_table,snowflake__monitoring,t2,Payments,snowflake
snowflake/APP_DATA/CDC_PROD/entitlements/refresh_most_recent_tables,snowflake__monitoring,t2,Payments,snowflake
snowflake/APP_DATA/CDC_PROD/entity_relationships/create_history_table,snowflake__monitoring,t1,Search,snowflake
snowflake/APP_DATA/CDC_PROD/entity_relationships/refresh_most_recent_tables,snowflake__monitoring,t1,Search,snowflake
snowflake/APP_DATA/CDC_PROD/entity_restrictions/create_history_table,snowflake__monitoring,t2,GlobalTrustAndSafety,snowflake
snowflake/APP_DATA/CDC_PROD/entity_restrictions/refresh_most_recent_tables,snowflake__monitoring,t2,GlobalTrustAndSafety,snowflake
snowflake/APP_DATA/CDC_PROD/experiences/create_history_table,snowflake__monitoring,t2,Growth,snowflake
snowflake/APP_DATA/CDC_PROD/experiences/refresh_most_recent_tables,snowflake__monitoring,t2,Growth,snowflake
snowflake/APP_DATA/CDC_PROD/external_product_taxonomy/create_history_table,snowflake__monitoring,t2,Marketplace,snowflake
snowflake/APP_DATA/CDC_PROD/external_product_taxonomy/refresh_most_recent_tables,snowflake__monitoring,t2,Marketplace,snowflake
snowflake/APP_DATA/CDC_PROD/friends/create_history_table,snowflake__monitoring,t2,Community,snowflake
snowflake/APP_DATA/CDC_PROD/friends/refresh_most_recent_tables,snowflake__monitoring,t2,Community,snowflake
snowflake/APP_DATA/CDC_PROD/gifting_preferences/create_history_table,snowflake__monitoring,t1,Community,snowflake
snowflake/APP_DATA/CDC_PROD/gifting_preferences/refresh_most_recent_tables,snowflake__monitoring,t1,Community,snowflake
snowflake/APP_DATA/CDC_PROD/handling_charges/create_history_table,snowflake__monitoring,t1,Payments,snowflake
snowflake/APP_DATA/CDC_PROD/handling_charges/refresh_most_recent_tables,snowflake__monitoring,t1,Payments,snowflake
snowflake/APP_DATA/CDC_PROD/hits/create_history_table,snowflake__monitoring,t2,Marketplace,snowflake
snowflake/APP_DATA/CDC_PROD/hits/refresh_most_recent_tables,snowflake__monitoring,t2,Marketplace,snowflake
snowflake/APP_DATA/CDC_PROD/images/create_history_table,snowflake__monitoring,t1,Marketplace,snowflake
snowflake/APP_DATA/CDC_PROD/images/refresh_most_recent_tables,snowflake__monitoring,t1,Marketplace,snowflake
snowflake/APP_DATA/CDC_PROD/impact_clicks/create_history_table,snowflake__monitoring,t2,Growth,snowflake
snowflake/APP_DATA/CDC_PROD/impact_clicks/refresh_most_recent_tables,snowflake__monitoring,t2,Growth,snowflake
snowflake/APP_DATA/CDC_PROD/imported_contacts/create_history_table,snowflake__monitoring,t2,Community,snowflake
snowflake/APP_DATA/CDC_PROD/imported_contacts/refresh_most_recent_tables,snowflake__monitoring,t2,Community,snowflake
snowflake/APP_DATA/CDC_PROD/invoice_line_items/create_history_table,snowflake__monitoring,t1,Payments,snowflake
snowflake/APP_DATA/CDC_PROD/invoice_line_items/refresh_most_recent_tables,snowflake__monitoring,t1,Payments,snowflake
snowflake/APP_DATA/CDC_PROD/invoices/create_history_table,snowflake__monitoring,t1,Payments,snowflake
snowflake/APP_DATA/CDC_PROD/invoices/refresh_most_recent_tables,snowflake__monitoring,t1,Payments,snowflake
snowflake/APP_DATA/CDC_PROD/item_disputes/create_history_table,snowflake__monitoring,t2,Marketplace,snowflake
snowflake/APP_DATA/CDC_PROD/item_disputes/refresh_most_recent_tables,snowflake__monitoring,t2,Marketplace,snowflake
snowflake/APP_DATA/CDC_PROD/ledger_transactions/create_history_table,snowflake__monitoring,t1,Payments,snowflake
snowflake/APP_DATA/CDC_PROD/ledger_transactions/refresh_most_recent_tables,snowflake__monitoring,t1,Payments,snowflake
snowflake/APP_DATA/CDC_PROD/listing_conditions/create_history_table,snowflake__monitoring,t2,Marketplace,snowflake
snowflake/APP_DATA/CDC_PROD/listing_conditions/refresh_most_recent_tables,snowflake__monitoring,t2,Marketplace,snowflake
snowflake/APP_DATA/CDC_PROD/listing_properties/create_history_table,snowflake__monitoring,t2,Marketplace,snowflake
snowflake/APP_DATA/CDC_PROD/listing_properties/refresh_most_recent_tables,snowflake__monitoring,t2,Marketplace,snowflake
snowflake/APP_DATA/CDC_PROD/listing_review/create_history_table,snowflake__monitoring,t2,Marketplace,snowflake
snowflake/APP_DATA/CDC_PROD/listing_review/refresh_most_recent_tables,snowflake__monitoring,t2,Marketplace,snowflake
snowflake/APP_DATA/CDC_PROD/listings/create_history_table,snowflake__monitoring,t1,Marketplace,snowflake
snowflake/APP_DATA/CDC_PROD/listings/refresh_most_recent_tables,snowflake__monitoring,t1,Marketplace,snowflake
snowflake/APP_DATA/CDC_PROD/live_access_restrictions/create_history_table,snowflake__monitoring,t2,DataPlatform,snowflake
snowflake/APP_DATA/CDC_PROD/live_access_restrictions/refresh_most_recent_tables,snowflake__monitoring,t2,DataPlatform,snowflake
snowflake/APP_DATA/CDC_PROD/live_clip_recording_info/create_history_table,snowflake__monitoring,t2,AppPlatform,snowflake
snowflake/APP_DATA/CDC_PROD/live_clip_recording_info/refresh_most_recent_tables,snowflake__monitoring,t2,AppPlatform,snowflake
snowflake/APP_DATA/CDC_PROD/live_clip_user_actions/create_history_table,snowflake__monitoring,t2,AppPlatform,snowflake
snowflake/APP_DATA/CDC_PROD/live_clip_user_actions/refresh_most_recent_tables,snowflake__monitoring,t2,AppPlatform,snowflake
snowflake/APP_DATA/CDC_PROD/live_clips/create_history_table,snowflake__monitoring,t2,AppPlatform,snowflake
snowflake/APP_DATA/CDC_PROD/live_clips/refresh_most_recent_tables,snowflake__monitoring,t2,AppPlatform,snowflake
snowflake/APP_DATA/CDC_PROD/live_listings/create_history_table,snowflake__monitoring,t1,Marketplace,snowflake
snowflake/APP_DATA/CDC_PROD/live_listings/refresh_most_recent_tables,snowflake__monitoring,t1,Marketplace,snowflake
snowflake/APP_DATA/CDC_PROD/live_recordings/create_history_table,snowflake__monitoring,t2,AppPlatform,snowflake
snowflake/APP_DATA/CDC_PROD/live_recordings/refresh_most_recent_tables,snowflake__monitoring,t2,AppPlatform,snowflake
snowflake/APP_DATA/CDC_PROD/lives_v2/create_history_table,snowflake__monitoring,t2,Inventory,snowflake
snowflake/APP_DATA/CDC_PROD/lives_v2/refresh_most_recent_tables,snowflake__monitoring,t2,Inventory,snowflake
snowflake/APP_DATA/CDC_PROD/livestream_ad/create_history_table,snowflake__monitoring,t2,Ads,snowflake
snowflake/APP_DATA/CDC_PROD/livestream_ad/refresh_most_recent_tables,snowflake__monitoring,t2,Ads,snowflake
snowflake/APP_DATA/CDC_PROD/livestream_rtc/create_history_table,snowflake__monitoring,t2,AppPlatform,snowflake
snowflake/APP_DATA/CDC_PROD/livestream_rtc/refresh_most_recent_tables,snowflake__monitoring,t2,AppPlatform,snowflake
snowflake/APP_DATA/CDC_PROD/livestream_tags/create_history_table,snowflake__monitoring,t1,Search,snowflake
snowflake/APP_DATA/CDC_PROD/livestream_tags/refresh_most_recent_tables,snowflake__monitoring,t1,Search,snowflake
snowflake/APP_DATA/CDC_PROD/livestream_watchlists/create_history_table,snowflake__monitoring,t2,AppPlatform,snowflake
snowflake/APP_DATA/CDC_PROD/livestream_watchlists/refresh_most_recent_tables,snowflake__monitoring,t2,AppPlatform,snowflake
snowflake/APP_DATA/CDC_PROD/loyalty_achievement_definition/create_history_table,snowflake__monitoring,t2,Community,snowflake
snowflake/APP_DATA/CDC_PROD/loyalty_achievement_definition/refresh_most_recent_tables,snowflake__monitoring,t2,Community,snowflake
snowflake/APP_DATA/CDC_PROD/loyalty_achievement_group/create_history_table,snowflake__monitoring,t2,Community,snowflake
snowflake/APP_DATA/CDC_PROD/loyalty_achievement_group/refresh_most_recent_tables,snowflake__monitoring,t2,Community,snowflake
snowflake/APP_DATA/CDC_PROD/loyalty_reward_definition/create_history_table,snowflake__monitoring,t2,Community,snowflake
snowflake/APP_DATA/CDC_PROD/loyalty_reward_definition/refresh_most_recent_tables,snowflake__monitoring,t2,Community,snowflake
snowflake/APP_DATA/CDC_PROD/loyalty_user_achievement_progress/create_history_table,snowflake__monitoring,t2,Community,snowflake
snowflake/APP_DATA/CDC_PROD/loyalty_user_achievement_progress/refresh_most_recent_tables,snowflake__monitoring,t2,Community,snowflake
snowflake/APP_DATA/CDC_PROD/new_seller_group_conversation/create_history_table,snowflake__monitoring,t2,Growth,snowflake
snowflake/APP_DATA/CDC_PROD/new_seller_group_conversation/refresh_most_recent_tables,snowflake__monitoring,t2,Growth,snowflake
snowflake/APP_DATA/CDC_PROD/new_seller_onboarding_session/create_history_table,snowflake__monitoring,t2,Growth,snowflake
snowflake/APP_DATA/CDC_PROD/new_seller_onboarding_session/refresh_most_recent_tables,snowflake__monitoring,t2,Growth,snowflake
snowflake/APP_DATA/CDC_PROD/notification_mutes/create_history_table,snowflake__monitoring,t2,Growth,snowflake
snowflake/APP_DATA/CDC_PROD/notification_mutes/refresh_most_recent_tables,snowflake__monitoring,t2,Growth,snowflake
snowflake/APP_DATA/CDC_PROD/notification_settings/create_history_table,snowflake__monitoring,t2,Growth,snowflake
snowflake/APP_DATA/CDC_PROD/notification_settings/refresh_most_recent_tables,snowflake__monitoring,t2,Growth,snowflake
snowflake/APP_DATA/CDC_PROD/op_reviews/create_history_table,snowflake__monitoring,t2,AppPlatform,snowflake
snowflake/APP_DATA/CDC_PROD/op_reviews/refresh_most_recent_tables,snowflake__monitoring,t2,AppPlatform,snowflake
snowflake/APP_DATA/CDC_PROD/order_items/create_history_table,snowflake__monitoring,t1,Payments,snowflake
snowflake/APP_DATA/CDC_PROD/order_items/refresh_most_recent_tables,snowflake__monitoring,t1,Payments,snowflake
snowflake/APP_DATA/CDC_PROD/order_records/create_history_table,snowflake__monitoring,t1,Payments,snowflake
snowflake/APP_DATA/CDC_PROD/order_records/refresh_most_recent_tables,snowflake__monitoring,t1,Payments,snowflake
snowflake/APP_DATA/CDC_PROD/order_tax_transactions/create_history_table,snowflake__monitoring,t2,Payments,snowflake
snowflake/APP_DATA/CDC_PROD/order_tax_transactions/refresh_most_recent_tables,snowflake__monitoring,t2,Payments,snowflake
snowflake/APP_DATA/CDC_PROD/order_taxes/create_history_table,snowflake__monitoring,t1,Payments,snowflake
snowflake/APP_DATA/CDC_PROD/order_taxes/refresh_most_recent_tables,snowflake__monitoring,t1,Payments,snowflake
snowflake/APP_DATA/CDC_PROD/orders/create_history_table,snowflake__monitoring,t1,Payments,snowflake
snowflake/APP_DATA/CDC_PROD/orders/refresh_most_recent_tables,snowflake__monitoring,t1,Payments,snowflake
snowflake/APP_DATA/CDC_PROD/pack_entries/create_history_table,snowflake__monitoring,t2,Payments,snowflake
snowflake/APP_DATA/CDC_PROD/pack_entries/refresh_most_recent_tables,snowflake__monitoring,t2,Payments,snowflake
snowflake/APP_DATA/CDC_PROD/packs/create_history_table,snowflake__monitoring,t2,Payments,snowflake
snowflake/APP_DATA/CDC_PROD/packs/refresh_most_recent_tables,snowflake__monitoring,t2,Payments,snowflake
snowflake/APP_DATA/CDC_PROD/paid_coupon_data/create_history_table,snowflake__monitoring,t2,Growth,snowflake
snowflake/APP_DATA/CDC_PROD/paid_coupon_data/refresh_most_recent_tables,snowflake__monitoring,t2,Growth,snowflake
snowflake/APP_DATA/CDC_PROD/payment_refund_transaction_audit_logs/create_history_table,snowflake__monitoring,t1,Payments,snowflake
snowflake/APP_DATA/CDC_PROD/payment_refund_transaction_audit_logs/refresh_most_recent_tables,snowflake__monitoring,t1,Payments,snowflake
snowflake/APP_DATA/CDC_PROD/payment_transactions/create_history_table,snowflake__monitoring,t1,Payments,snowflake
snowflake/APP_DATA/CDC_PROD/payment_transactions/refresh_most_recent_tables,snowflake__monitoring,t1,Payments,snowflake
snowflake/APP_DATA/CDC_PROD/payments/create_history_table,snowflake__monitoring,t1,Payments,snowflake
snowflake/APP_DATA/CDC_PROD/payments/refresh_most_recent_tables,snowflake__monitoring,t1,Payments,snowflake
snowflake/APP_DATA/CDC_PROD/payout_accounts/create_history_table,snowflake__monitoring,t1,Payments,snowflake
snowflake/APP_DATA/CDC_PROD/payout_accounts/refresh_most_recent_tables,snowflake__monitoring,t1,Payments,snowflake
snowflake/APP_DATA/CDC_PROD/payouts/create_history_table,snowflake__monitoring,t1,Payments,snowflake
snowflake/APP_DATA/CDC_PROD/payouts/refresh_most_recent_tables,snowflake__monitoring,t1,Payments,snowflake
snowflake/APP_DATA/CDC_PROD/pickup_details/create_history_table,snowflake__monitoring,t1,Logistics,snowflake
snowflake/APP_DATA/CDC_PROD/pickup_details/refresh_most_recent_tables,snowflake__monitoring,t1,Logistics,snowflake
snowflake/APP_DATA/CDC_PROD/pickup_requests/create_history_table,snowflake__monitoring,t2,Logistics,snowflake
snowflake/APP_DATA/CDC_PROD/pickup_requests/refresh_most_recent_tables,snowflake__monitoring,t2,Logistics,snowflake
snowflake/APP_DATA/CDC_PROD/platform_charges/create_history_table,snowflake__monitoring,t1,Payments,snowflake
snowflake/APP_DATA/CDC_PROD/platform_charges/refresh_most_recent_tables,snowflake__monitoring,t1,Payments,snowflake
snowflake/APP_DATA/CDC_PROD/pre_signup_referral_contact/create_history_table,snowflake__monitoring,t2,Growth,snowflake
snowflake/APP_DATA/CDC_PROD/pre_signup_referral_contact/refresh_most_recent_tables,snowflake__monitoring,t2,Growth,snowflake
snowflake/APP_DATA/CDC_PROD/pre_signup_seller_application_contacts/create_history_table,snowflake__monitoring,t2,Growth,snowflake
snowflake/APP_DATA/CDC_PROD/pre_signup_seller_application_contacts/refresh_most_recent_tables,snowflake__monitoring,t2,Growth,snowflake
snowflake/APP_DATA/CDC_PROD/premier_shop/create_history_table,snowflake__monitoring,t2,Formats,snowflake
snowflake/APP_DATA/CDC_PROD/premier_shop/refresh_most_recent_tables,snowflake__monitoring,t2,Formats,snowflake
snowflake/APP_DATA/CDC_PROD/premier_shop_evaluations/create_history_table,snowflake__monitoring,t2,Formats,snowflake
snowflake/APP_DATA/CDC_PROD/premier_shop_evaluations/refresh_most_recent_tables,snowflake__monitoring,t2,Formats,snowflake
snowflake/APP_DATA/CDC_PROD/product_classifiers/create_history_table,snowflake__monitoring,t2,Marketplace,snowflake
snowflake/APP_DATA/CDC_PROD/product_classifiers/refresh_most_recent_tables,snowflake__monitoring,t2,Marketplace,snowflake
snowflake/APP_DATA/CDC_PROD/product_profile_descriptors/create_history_table,snowflake__monitoring,t2,Marketplace,snowflake
snowflake/APP_DATA/CDC_PROD/product_profile_descriptors/refresh_most_recent_tables,snowflake__monitoring,t2,Marketplace,snowflake
snowflake/APP_DATA/CDC_PROD/product_profiles/create_history_table,snowflake__monitoring,t2,Marketplace,snowflake
snowflake/APP_DATA/CDC_PROD/product_profiles/refresh_most_recent_tables,snowflake__monitoring,t2,Marketplace,snowflake
snowflake/APP_DATA/CDC_PROD/product_tags/create_history_table,snowflake__monitoring,t2,Marketplace,snowflake
snowflake/APP_DATA/CDC_PROD/product_tags/refresh_most_recent_tables,snowflake__monitoring,t2,Marketplace,snowflake
snowflake/APP_DATA/CDC_PROD/product_videos/create_history_table,snowflake__monitoring,t2,Marketplace,snowflake
snowflake/APP_DATA/CDC_PROD/product_videos/refresh_most_recent_tables,snowflake__monitoring,t2,Marketplace,snowflake
snowflake/APP_DATA/CDC_PROD/products/create_history_table,snowflake__monitoring,t1,Marketplace,snowflake
snowflake/APP_DATA/CDC_PROD/products/refresh_most_recent_tables,snowflake__monitoring,t1,Marketplace,snowflake
snowflake/APP_DATA/CDC_PROD/profile_listings/create_history_table,snowflake__monitoring,t1,Marketplace,snowflake
snowflake/APP_DATA/CDC_PROD/profile_listings/refresh_most_recent_tables,snowflake__monitoring,t1,Marketplace,snowflake
snowflake/APP_DATA/CDC_PROD/question_choices/create_history_table,snowflake__monitoring,t1,CustomerExperienceEngineering,snowflake
snowflake/APP_DATA/CDC_PROD/question_choices/refresh_most_recent_tables,snowflake__monitoring,t1,CustomerExperienceEngineering,snowflake
snowflake/APP_DATA/CDC_PROD/quotations/create_history_table,snowflake__monitoring,t2,Payments,snowflake
snowflake/APP_DATA/CDC_PROD/quotations/refresh_most_recent_tables,snowflake__monitoring,t2,Payments,snowflake
snowflake/APP_DATA/CDC_PROD/raffle_drop_bookmarks/create_history_table,snowflake__monitoring,t2,DataPlatform,snowflake
snowflake/APP_DATA/CDC_PROD/raffle_drop_bookmarks/refresh_most_recent_tables,snowflake__monitoring,t2,DataPlatform,snowflake
snowflake/APP_DATA/CDC_PROD/raffle_drop_entries/create_history_table,snowflake__monitoring,t2,DataPlatform,snowflake
snowflake/APP_DATA/CDC_PROD/raffle_drop_entries/refresh_most_recent_tables,snowflake__monitoring,t2,DataPlatform,snowflake
snowflake/APP_DATA/CDC_PROD/raffle_drop_entry_listings/create_history_table,snowflake__monitoring,t2,DataPlatform,snowflake
snowflake/APP_DATA/CDC_PROD/raffle_drop_entry_listings/refresh_most_recent_tables,snowflake__monitoring,t2,DataPlatform,snowflake
snowflake/APP_DATA/CDC_PROD/raffle_drop_entry_shares/create_history_table,snowflake__monitoring,t2,DataPlatform,snowflake
snowflake/APP_DATA/CDC_PROD/raffle_drop_entry_shares/refresh_most_recent_tables,snowflake__monitoring,t2,DataPlatform,snowflake
snowflake/APP_DATA/CDC_PROD/rating_answers/create_history_table,snowflake__monitoring,t1,AppPlatform,snowflake
snowflake/APP_DATA/CDC_PROD/rating_answers/refresh_most_recent_tables,snowflake__monitoring,t1,AppPlatform,snowflake
snowflake/APP_DATA/CDC_PROD/recurring_live_schedules/create_history_table,snowflake__monitoring,t2,Inventory,snowflake
snowflake/APP_DATA/CDC_PROD/recurring_live_schedules/refresh_most_recent_tables,snowflake__monitoring,t2,Inventory,snowflake
snowflake/APP_DATA/CDC_PROD/referral_challenge_milestone_progress/create_history_table,snowflake__monitoring,t2,Growth,snowflake
snowflake/APP_DATA/CDC_PROD/referral_challenge_milestone_progress/refresh_most_recent_tables,snowflake__monitoring,t2,Growth,snowflake
snowflake/APP_DATA/CDC_PROD/referral_challenge_progress/create_history_table,snowflake__monitoring,t2,Growth,snowflake
snowflake/APP_DATA/CDC_PROD/referral_challenge_progress/refresh_most_recent_tables,snowflake__monitoring,t2,Growth,snowflake
snowflake/APP_DATA/CDC_PROD/referral_challenge_referred_user/create_history_table,snowflake__monitoring,t2,Growth,snowflake
snowflake/APP_DATA/CDC_PROD/referral_challenge_referred_user/refresh_most_recent_tables,snowflake__monitoring,t2,Growth,snowflake
snowflake/APP_DATA/CDC_PROD/referral_codes/create_history_table,snowflake__monitoring,t2,Growth,snowflake
snowflake/APP_DATA/CDC_PROD/referral_codes/refresh_most_recent_tables,snowflake__monitoring,t2,Growth,snowflake
snowflake/APP_DATA/CDC_PROD/referral_credit_pending_reveal/create_history_table,snowflake__monitoring,t2,Growth,snowflake
snowflake/APP_DATA/CDC_PROD/referral_credit_pending_reveal/refresh_most_recent_tables,snowflake__monitoring,t2,Growth,snowflake
snowflake/APP_DATA/CDC_PROD/refund_requests/create_history_table,snowflake__monitoring,t1,Payments,snowflake
snowflake/APP_DATA/CDC_PROD/refund_requests/refresh_most_recent_tables,snowflake__monitoring,t1,Payments,snowflake
snowflake/APP_DATA/CDC_PROD/reportreasons/create_history_table,snowflake__monitoring,t2,GlobalTrustAndSafety,snowflake
snowflake/APP_DATA/CDC_PROD/reportreasons/refresh_most_recent_tables,snowflake__monitoring,t2,GlobalTrustAndSafety,snowflake
snowflake/APP_DATA/CDC_PROD/saved_searches/create_history_table,snowflake__monitoring,t2,Discovery,snowflake
snowflake/APP_DATA/CDC_PROD/saved_searches/refresh_most_recent_tables,snowflake__monitoring,t2,Discovery,snowflake
snowflake/APP_DATA/CDC_PROD/seller_account_settings/create_history_table,snowflake__monitoring,t2,Growth,snowflake
snowflake/APP_DATA/CDC_PROD/seller_account_settings/refresh_most_recent_tables,snowflake__monitoring,t2,Growth,snowflake
snowflake/APP_DATA/CDC_PROD/seller_activation_states/create_history_table,snowflake__monitoring,t2,Growth,snowflake
snowflake/APP_DATA/CDC_PROD/seller_activation_states/refresh_most_recent_tables,snowflake__monitoring,t2,Growth,snowflake
snowflake/APP_DATA/CDC_PROD/seller_application_states/create_history_table,snowflake__monitoring,t2,Growth,snowflake
snowflake/APP_DATA/CDC_PROD/seller_application_states/refresh_most_recent_tables,snowflake__monitoring,t2,Growth,snowflake
snowflake/APP_DATA/CDC_PROD/seller_default_shipping_settings/create_history_table,snowflake__monitoring,t2,Logistics,snowflake
snowflake/APP_DATA/CDC_PROD/seller_default_shipping_settings/refresh_most_recent_tables,snowflake__monitoring,t2,Logistics,snowflake
snowflake/APP_DATA/CDC_PROD/seller_incentive/create_history_table,snowflake__monitoring,t2,Growth,snowflake
snowflake/APP_DATA/CDC_PROD/seller_incentive/refresh_most_recent_tables,snowflake__monitoring,t2,Growth,snowflake
snowflake/APP_DATA/CDC_PROD/seller_livestream_shipping_settings/create_history_table,snowflake__monitoring,t1,Logistics,snowflake
snowflake/APP_DATA/CDC_PROD/seller_livestream_shipping_settings/refresh_most_recent_tables,snowflake__monitoring,t1,Logistics,snowflake
snowflake/APP_DATA/CDC_PROD/seller_loyalty_program/create_history_table,snowflake__monitoring,t2,Community,snowflake
snowflake/APP_DATA/CDC_PROD/seller_loyalty_program/refresh_most_recent_tables,snowflake__monitoring,t2,Community,snowflake
snowflake/APP_DATA/CDC_PROD/seller_order_cancellation_reasons/create_history_table,snowflake__monitoring,t2,Payments,snowflake
snowflake/APP_DATA/CDC_PROD/seller_order_cancellation_reasons/refresh_most_recent_tables,snowflake__monitoring,t2,Payments,snowflake
snowflake/APP_DATA/CDC_PROD/seller_promotions/create_history_table,snowflake__monitoring,t2,Payments,snowflake
snowflake/APP_DATA/CDC_PROD/seller_promotions/refresh_most_recent_tables,snowflake__monitoring,t2,Payments,snowflake
snowflake/APP_DATA/CDC_PROD/seller_taxes/create_history_table,snowflake__monitoring,t2,Payments,snowflake
snowflake/APP_DATA/CDC_PROD/seller_taxes/refresh_most_recent_tables,snowflake__monitoring,t2,Payments,snowflake
snowflake/APP_DATA/CDC_PROD/share_url/create_history_table,snowflake__monitoring,t2,Growth,snowflake
snowflake/APP_DATA/CDC_PROD/share_url/refresh_most_recent_tables,snowflake__monitoring,t2,Growth,snowflake
snowflake/APP_DATA/CDC_PROD/sharing/create_history_table,snowflake__monitoring,t1,Growth,snowflake
snowflake/APP_DATA/CDC_PROD/sharing/refresh_most_recent_tables,snowflake__monitoring,t1,Growth,snowflake
snowflake/APP_DATA/CDC_PROD/shipment_insurance_info/create_history_table,snowflake__monitoring,t2,Logistics,snowflake
snowflake/APP_DATA/CDC_PROD/shipment_insurance_info/refresh_most_recent_tables,snowflake__monitoring,t2,Logistics,snowflake
snowflake/APP_DATA/CDC_PROD/shipment_items/create_history_table,snowflake__monitoring,t2,Logistics,snowflake
snowflake/APP_DATA/CDC_PROD/shipment_items/refresh_most_recent_tables,snowflake__monitoring,t2,Logistics,snowflake
snowflake/APP_DATA/CDC_PROD/shipments/create_history_table,snowflake__monitoring,t1,Logistics,snowflake
snowflake/APP_DATA/CDC_PROD/shipments/refresh_most_recent_tables,snowflake__monitoring,t1,Logistics,snowflake
snowflake/APP_DATA/CDC_PROD/shipping_adjustment_line_items/create_history_table,snowflake__monitoring,t1,Logistics,snowflake
snowflake/APP_DATA/CDC_PROD/shipping_adjustment_line_items/refresh_most_recent_tables,snowflake__monitoring,t1,Logistics,snowflake
snowflake/APP_DATA/CDC_PROD/shipping_adjustments/create_history_table,snowflake__monitoring,t1,Logistics,snowflake
snowflake/APP_DATA/CDC_PROD/shipping_adjustments/refresh_most_recent_tables,snowflake__monitoring,t1,Logistics,snowflake
snowflake/APP_DATA/CDC_PROD/shipping_credit_usages/create_history_table,snowflake__monitoring,t1,Logistics,snowflake
snowflake/APP_DATA/CDC_PROD/shipping_credit_usages/refresh_most_recent_tables,snowflake__monitoring,t1,Logistics,snowflake
snowflake/APP_DATA/CDC_PROD/shipping_credits/create_history_table,snowflake__monitoring,t1,Logistics,snowflake
snowflake/APP_DATA/CDC_PROD/shipping_credits/refresh_most_recent_tables,snowflake__monitoring,t1,Logistics,snowflake
snowflake/APP_DATA/CDC_PROD/shipping_insurance_claims/create_history_table,snowflake__monitoring,t1,Logistics,snowflake
snowflake/APP_DATA/CDC_PROD/shipping_insurance_claims/refresh_most_recent_tables,snowflake__monitoring,t1,Logistics,snowflake
snowflake/APP_DATA/CDC_PROD/shipping_labels/create_history_table,snowflake__monitoring,t1,Logistics,snowflake
snowflake/APP_DATA/CDC_PROD/shipping_labels/refresh_most_recent_tables,snowflake__monitoring,t1,Logistics,snowflake
snowflake/APP_DATA/CDC_PROD/shipping_manifests/create_history_table,snowflake__monitoring,t2,Logistics,snowflake
snowflake/APP_DATA/CDC_PROD/shipping_manifests/refresh_most_recent_tables,snowflake__monitoring,t2,Logistics,snowflake
snowflake/APP_DATA/CDC_PROD/shipping_profiles/create_history_table,snowflake__monitoring,t1,Logistics,snowflake
snowflake/APP_DATA/CDC_PROD/shipping_profiles/refresh_most_recent_tables,snowflake__monitoring,t1,Logistics,snowflake
snowflake/APP_DATA/CDC_PROD/shipping_users/create_history_table,snowflake__monitoring,t2,Logistics,snowflake
snowflake/APP_DATA/CDC_PROD/shipping_users/refresh_most_recent_tables,snowflake__monitoring,t2,Logistics,snowflake
snowflake/APP_DATA/CDC_PROD/show_notes/create_history_table,snowflake__monitoring,t2,Community,snowflake
snowflake/APP_DATA/CDC_PROD/show_notes/refresh_most_recent_tables,snowflake__monitoring,t2,Community,snowflake
snowflake/APP_DATA/CDC_PROD/smart_contracts/create_history_table,snowflake__monitoring,t2,Payments,snowflake
snowflake/APP_DATA/CDC_PROD/smart_contracts/refresh_most_recent_tables,snowflake__monitoring,t2,Payments,snowflake
snowflake/APP_DATA/CDC_PROD/statement/create_history_table,snowflake__monitoring,t2,Payments,snowflake
snowflake/APP_DATA/CDC_PROD/statement/refresh_most_recent_tables,snowflake__monitoring,t2,Payments,snowflake
snowflake/APP_DATA/CDC_PROD/statement_line_item/create_history_table,snowflake__monitoring,t2,Payments,snowflake
snowflake/APP_DATA/CDC_PROD/statement_line_item/refresh_most_recent_tables,snowflake__monitoring,t2,Payments,snowflake
snowflake/APP_DATA/CDC_PROD/stories/create_history_table,snowflake__monitoring,t2,Discovery,snowflake
snowflake/APP_DATA/CDC_PROD/stories/refresh_most_recent_tables,snowflake__monitoring,t2,Discovery,snowflake
snowflake/APP_DATA/CDC_PROD/story_listings/create_history_table,snowflake__monitoring,t2,Discovery,snowflake
snowflake/APP_DATA/CDC_PROD/story_listings/refresh_most_recent_tables,snowflake__monitoring,t2,Discovery,snowflake
snowflake/APP_DATA/CDC_PROD/story_user_actions/create_history_table,snowflake__monitoring,t2,Discovery,snowflake
snowflake/APP_DATA/CDC_PROD/story_user_actions/refresh_most_recent_tables,snowflake__monitoring,t2,Discovery,snowflake
snowflake/APP_DATA/CDC_PROD/stripe_early_fraud_warnings/create_history_table,snowflake__monitoring,t2,Payments,snowflake
snowflake/APP_DATA/CDC_PROD/stripe_early_fraud_warnings/refresh_most_recent_tables,snowflake__monitoring,t2,Payments,snowflake
snowflake/APP_DATA/CDC_PROD/support_report_reasons/create_history_table,snowflake__monitoring,t2,CustomerExperienceEngineering,snowflake
snowflake/APP_DATA/CDC_PROD/support_report_reasons/refresh_most_recent_tables,snowflake__monitoring,t2,CustomerExperienceEngineering,snowflake
snowflake/APP_DATA/CDC_PROD/surfaces/create_history_table,snowflake__monitoring,t2,Growth,snowflake
snowflake/APP_DATA/CDC_PROD/surfaces/refresh_most_recent_tables,snowflake__monitoring,t2,Growth,snowflake
snowflake/APP_DATA/CDC_PROD/survey_questions/create_history_table,snowflake__monitoring,t2,Growth,snowflake
snowflake/APP_DATA/CDC_PROD/survey_questions/refresh_most_recent_tables,snowflake__monitoring,t2,Growth,snowflake
snowflake/APP_DATA/CDC_PROD/survey_user_answers/create_history_table,snowflake__monitoring,t1,Growth,snowflake
snowflake/APP_DATA/CDC_PROD/survey_user_answers/refresh_most_recent_tables,snowflake__monitoring,t1,Growth,snowflake
snowflake/APP_DATA/CDC_PROD/surveys/create_history_table,snowflake__monitoring,t2,Growth,snowflake
snowflake/APP_DATA/CDC_PROD/surveys/refresh_most_recent_tables,snowflake__monitoring,t2,Growth,snowflake
snowflake/APP_DATA/CDC_PROD/tax_input_items/create_history_table,snowflake__monitoring,t2,Payments,snowflake
snowflake/APP_DATA/CDC_PROD/tax_input_items/refresh_most_recent_tables,snowflake__monitoring,t2,Payments,snowflake
snowflake/APP_DATA/CDC_PROD/tax_line_items/create_history_table,snowflake__monitoring,t2,Payments,snowflake
snowflake/APP_DATA/CDC_PROD/tax_line_items/refresh_most_recent_tables,snowflake__monitoring,t2,Payments,snowflake
snowflake/APP_DATA/CDC_PROD/tax_transactions/create_history_table,snowflake__monitoring,t2,Payments,snowflake
snowflake/APP_DATA/CDC_PROD/tax_transactions/refresh_most_recent_tables,snowflake__monitoring,t2,Payments,snowflake
snowflake/APP_DATA/CDC_PROD/taxonomies/create_history_table,snowflake__monitoring,t1,Search,snowflake
snowflake/APP_DATA/CDC_PROD/taxonomies/refresh_most_recent_tables,snowflake__monitoring,t1,Search,snowflake
snowflake/APP_DATA/CDC_PROD/taxonomy_cron_job/create_history_table,snowflake__monitoring,t2,Discovery,snowflake
snowflake/APP_DATA/CDC_PROD/taxonomy_cron_job/refresh_most_recent_tables,snowflake__monitoring,t2,Discovery,snowflake
snowflake/APP_DATA/CDC_PROD/team_member_invites/create_history_table,snowflake__monitoring,t2,Seller Scaling,snowflake
snowflake/APP_DATA/CDC_PROD/team_member_invites/refresh_most_recent_tables,snowflake__monitoring,t2,Seller Scaling,snowflake
snowflake/APP_DATA/CDC_PROD/team_members/create_history_table,snowflake__monitoring,t2,Seller Scaling,snowflake
snowflake/APP_DATA/CDC_PROD/team_members/refresh_most_recent_tables,snowflake__monitoring,t2,Seller Scaling,snowflake
snowflake/APP_DATA/CDC_PROD/time_listing_events/create_history_table,snowflake__monitoring,t2,Seller Merchandising,snowflake
snowflake/APP_DATA/CDC_PROD/time_listing_events/refresh_most_recent_tables,snowflake__monitoring,t2,Seller Merchandising,snowflake
snowflake/APP_DATA/CDC_PROD/tips/create_history_table,snowflake__monitoring,t1,Community,snowflake
snowflake/APP_DATA/CDC_PROD/tips/refresh_most_recent_tables,snowflake__monitoring,t1,Community,snowflake
snowflake/APP_DATA/CDC_PROD/ts_actions/create_history_table,snowflake__monitoring,t1,GlobalTrustAndSafety,snowflake
snowflake/APP_DATA/CDC_PROD/ts_actions/refresh_most_recent_tables,snowflake__monitoring,t1,GlobalTrustAndSafety,snowflake
snowflake/APP_DATA/CDC_PROD/ts_addresses/create_history_table,snowflake__monitoring,t1,GlobalTrustAndSafety,snowflake
snowflake/APP_DATA/CDC_PROD/ts_addresses/refresh_most_recent_tables,snowflake__monitoring,t1,GlobalTrustAndSafety,snowflake
snowflake/APP_DATA/CDC_PROD/ts_email_template/create_history_table,snowflake__monitoring,t2,GlobalTrustAndSafety,snowflake
snowflake/APP_DATA/CDC_PROD/ts_email_template/refresh_most_recent_tables,snowflake__monitoring,t2,GlobalTrustAndSafety,snowflake
snowflake/APP_DATA/CDC_PROD/ts_fraud_guardrail_exceptions/create_history_table,snowflake__monitoring,t2,GlobalTrustAndSafety,snowflake
snowflake/APP_DATA/CDC_PROD/ts_fraud_guardrail_exceptions/refresh_most_recent_tables,snowflake__monitoring,t2,GlobalTrustAndSafety,snowflake
snowflake/APP_DATA/CDC_PROD/ts_tag_action/create_history_table,snowflake__monitoring,t1,GlobalTrustAndSafety,snowflake
snowflake/APP_DATA/CDC_PROD/ts_tag_action/refresh_most_recent_tables,snowflake__monitoring,t1,GlobalTrustAndSafety,snowflake
snowflake/APP_DATA/CDC_PROD/ts_tags/create_history_table,snowflake__monitoring,t1,GlobalTrustAndSafety,snowflake
snowflake/APP_DATA/CDC_PROD/ts_tags/refresh_most_recent_tables,snowflake__monitoring,t1,GlobalTrustAndSafety,snowflake
snowflake/APP_DATA/CDC_PROD/ts_users/create_history_table,snowflake__monitoring,t2,GlobalTrustAndSafety,snowflake
snowflake/APP_DATA/CDC_PROD/ts_users/refresh_most_recent_tables,snowflake__monitoring,t2,GlobalTrustAndSafety,snowflake
snowflake/APP_DATA/CDC_PROD/ts_violations/create_history_table,snowflake__monitoring,t1,GlobalTrustAndSafety,snowflake
snowflake/APP_DATA/CDC_PROD/ts_violations/refresh_most_recent_tables,snowflake__monitoring,t1,GlobalTrustAndSafety,snowflake
snowflake/APP_DATA/CDC_PROD/unique_item_events/create_history_table,snowflake__monitoring,t2,Marketplace,snowflake
snowflake/APP_DATA/CDC_PROD/unique_item_events/refresh_most_recent_tables,snowflake__monitoring,t2,Marketplace,snowflake
snowflake/APP_DATA/CDC_PROD/unique_items/create_history_table,snowflake__monitoring,t2,Marketplace,snowflake
snowflake/APP_DATA/CDC_PROD/unique_items/refresh_most_recent_tables,snowflake__monitoring,t2,Marketplace,snowflake
snowflake/APP_DATA/CDC_PROD/unsafe_text/create_history_table,snowflake__monitoring,t2,GlobalTrustAndSafety,snowflake
snowflake/APP_DATA/CDC_PROD/unsafe_text/refresh_most_recent_tables,snowflake__monitoring,t2,GlobalTrustAndSafety,snowflake
snowflake/APP_DATA/CDC_PROD/user_blocking/create_history_table,snowflake__monitoring,t2,Community,snowflake
snowflake/APP_DATA/CDC_PROD/user_blocking/refresh_most_recent_tables,snowflake__monitoring,t2,Community,snowflake
snowflake/APP_DATA/CDC_PROD/user_cross_stream_keys/create_history_table,snowflake__monitoring,t2,Growth,snowflake
snowflake/APP_DATA/CDC_PROD/user_cross_stream_keys/refresh_most_recent_tables,snowflake__monitoring,t2,Growth,snowflake
snowflake/APP_DATA/CDC_PROD/user_device/create_history_table,snowflake__monitoring,t1,DataPlatform,snowflake
snowflake/APP_DATA/CDC_PROD/user_device/refresh_most_recent_tables,snowflake__monitoring,t1,DataPlatform,snowflake
snowflake/APP_DATA/CDC_PROD/user_external_oauth_ids/create_history_table,snowflake__monitoring,t2,DataPlatform,snowflake
snowflake/APP_DATA/CDC_PROD/user_external_oauth_ids/refresh_most_recent_tables,snowflake__monitoring,t2,DataPlatform,snowflake
snowflake/APP_DATA/CDC_PROD/user_follows/create_history_table,snowflake__monitoring,t1,Community,snowflake
snowflake/APP_DATA/CDC_PROD/user_follows/refresh_most_recent_tables,snowflake__monitoring,t1,Community,snowflake
snowflake/APP_DATA/CDC_PROD/user_loyalty_status/create_history_table,snowflake__monitoring,t2,Community,snowflake
snowflake/APP_DATA/CDC_PROD/user_loyalty_status/refresh_most_recent_tables,snowflake__monitoring,t2,Community,snowflake
snowflake/APP_DATA/CDC_PROD/user_object_action/create_history_table,snowflake__monitoring,t1,DataPlatform,snowflake
snowflake/APP_DATA/CDC_PROD/user_object_action/refresh_most_recent_tables,snowflake__monitoring,t1,DataPlatform,snowflake
snowflake/APP_DATA/CDC_PROD/user_permission_action/create_history_table,snowflake__monitoring,t2,GlobalTrustAndSafety,snowflake
snowflake/APP_DATA/CDC_PROD/user_permission_action/refresh_most_recent_tables,snowflake__monitoring,t2,GlobalTrustAndSafety,snowflake
snowflake/APP_DATA/CDC_PROD/user_permissions/create_history_table,snowflake__monitoring,t2,GlobalTrustAndSafety,snowflake
snowflake/APP_DATA/CDC_PROD/user_permissions/refresh_most_recent_tables,snowflake__monitoring,t2,GlobalTrustAndSafety,snowflake
snowflake/APP_DATA/CDC_PROD/user_preferences/create_history_table,snowflake__monitoring,t2,Community,snowflake
snowflake/APP_DATA/CDC_PROD/user_preferences/refresh_most_recent_tables,snowflake__monitoring,t2,Community,snowflake
snowflake/APP_DATA/CDC_PROD/user_profiles/create_history_table,snowflake__monitoring,t1,DataPlatform,snowflake
snowflake/APP_DATA/CDC_PROD/user_profiles/refresh_most_recent_tables,snowflake__monitoring,t1,DataPlatform,snowflake
snowflake/APP_DATA/CDC_PROD/user_reports/create_history_table,snowflake__monitoring,t2,GlobalTrustAndSafety,snowflake
snowflake/APP_DATA/CDC_PROD/user_reports/refresh_most_recent_tables,snowflake__monitoring,t2,GlobalTrustAndSafety,snowflake
snowflake/APP_DATA/CDC_PROD/user_state/create_history_table,snowflake__monitoring,t2,DataPlatform,snowflake
snowflake/APP_DATA/CDC_PROD/user_state/refresh_most_recent_tables,snowflake__monitoring,t2,DataPlatform,snowflake
snowflake/APP_DATA/CDC_PROD/user_strikes/create_history_table,snowflake__monitoring,t2,DataPlatform,snowflake
snowflake/APP_DATA/CDC_PROD/user_strikes/refresh_most_recent_tables,snowflake__monitoring,t2,DataPlatform,snowflake
snowflake/APP_DATA/CDC_PROD/users/create_history_table,snowflake__monitoring,t1,DataPlatform,snowflake
snowflake/APP_DATA/CDC_PROD/users/refresh_most_recent_tables,snowflake__monitoring,t1,DataPlatform,snowflake
snowflake/APP_DATA/CDC_PROD/verification_request_line_items/create_history_table,snowflake__monitoring,t2,DataPlatform,snowflake
snowflake/APP_DATA/CDC_PROD/verification_request_line_items/refresh_most_recent_tables,snowflake__monitoring,t2,DataPlatform,snowflake
snowflake/APP_DATA/CDC_PROD/verification_requests/create_history_table,snowflake__monitoring,t2,DataPlatform,snowflake
snowflake/APP_DATA/CDC_PROD/verification_requests/refresh_most_recent_tables,snowflake__monitoring,t2,DataPlatform,snowflake
snowflake/APP_DATA/CDC_PROD/verification_submissions/create_history_table,snowflake__monitoring,t2,DataPlatform,snowflake
snowflake/APP_DATA/CDC_PROD/verification_submissions/refresh_most_recent_tables,snowflake__monitoring,t2,DataPlatform,snowflake
snowflake/APP_DATA/CDC_PROD/videos/create_history_table,snowflake__monitoring,t2,AppPlatform,snowflake
snowflake/APP_DATA/CDC_PROD/videos/refresh_most_recent_tables,snowflake__monitoring,t2,AppPlatform,snowflake
snowflake/APP_DATA/CDC_PROD/wallet_entry/create_history_table,snowflake__monitoring,t2,Payments,snowflake
snowflake/APP_DATA/CDC_PROD/wallet_entry/refresh_most_recent_tables,snowflake__monitoring,t2,Payments,snowflake
snowflake/APP_DATA/CDC_PROD/webhook_events/create_history_table,snowflake__monitoring,t2,Seller Scaling,snowflake
snowflake/APP_DATA/CDC_PROD/webhook_events/refresh_most_recent_tables,snowflake__monitoring,t2,Seller Scaling,snowflake
snowflake/APP_DATA/CDC_PROD/webhook_subscriptions/create_history_table,snowflake__monitoring,t2,Seller Scaling,snowflake
snowflake/APP_DATA/CDC_PROD/webhook_subscriptions/refresh_most_recent_tables,snowflake__monitoring,t2,Seller Scaling,snowflake
snowflake/APP_DATA/LIVESTREAM_CDC_PROD/livestream/create_history_table,snowflake__monitoring,t4,DataPlatform,snowflake
snowflake/APP_DATA/LIVESTREAM_CDC_PROD/livestream/quality_monitoring,snowflake__monitoring,t4,DataPlatform,snowflake
snowflake/APP_DATA/LIVESTREAM_CDC_PROD/livestream/refresh_most_recent_tables,snowflake__monitoring,t4,DataPlatform,snowflake
snowflake/APP_DATA/LIVESTREAM_CDC_PROD/livestream_product/create_history_table,snowflake__monitoring,t4,DataPlatform,snowflake
snowflake/APP_DATA/LIVESTREAM_CDC_PROD/livestream_product/quality_monitoring,snowflake__monitoring,t4,DataPlatform,snowflake
snowflake/APP_DATA/LIVESTREAM_CDC_PROD/livestream_product/refresh_most_recent_tables,snowflake__monitoring,t4,DataPlatform,snowflake
snowflake/APP_DATA/MAIN_BACKEND_SNAPSHOTS_PROD/Lives/create_rds_snapshot_table,snowflake__monitoring,t2,Inventory,snowflake
snowflake/APP_DATA/MAIN_BACKEND_SNAPSHOTS_PROD/ad_auctions/create_rds_snapshot_table,snowflake__monitoring,t2,Ads,snowflake
snowflake/APP_DATA/MAIN_BACKEND_SNAPSHOTS_PROD/ad_bandits/create_rds_snapshot_table,snowflake__monitoring,t2,Ads,snowflake
snowflake/APP_DATA/MAIN_BACKEND_SNAPSHOTS_PROD/ad_bidding/create_rds_snapshot_table,snowflake__monitoring,t2,Ads,snowflake
snowflake/APP_DATA/MAIN_BACKEND_SNAPSHOTS_PROD/ad_campaign_performance_stats/create_rds_snapshot_table,snowflake__monitoring,t2,Ads,snowflake
snowflake/APP_DATA/MAIN_BACKEND_SNAPSHOTS_PROD/ad_campaigns/create_rds_snapshot_table,snowflake__monitoring,t2,Ads,snowflake
snowflake/APP_DATA/MAIN_BACKEND_SNAPSHOTS_PROD/ad_credit_campaigns/create_rds_snapshot_table,snowflake__monitoring,t2,Ads,snowflake
snowflake/APP_DATA/MAIN_BACKEND_SNAPSHOTS_PROD/ad_forecasting_values/create_rds_snapshot_table,snowflake__monitoring,t2,Ads,snowflake
snowflake/APP_DATA/MAIN_BACKEND_SNAPSHOTS_PROD/addresses/create_rds_snapshot_table,snowflake__monitoring,t1,Logistics,snowflake
snowflake/APP_DATA/MAIN_BACKEND_SNAPSHOTS_PROD/addresses_allowlist/create_rds_snapshot_table,snowflake__monitoring,t1,GlobalTrustAndSafety,snowflake
snowflake/APP_DATA/MAIN_BACKEND_SNAPSHOTS_PROD/ads_attribution/create_rds_snapshot_table,snowflake__monitoring,t2,Ads,snowflake
snowflake/APP_DATA/MAIN_BACKEND_SNAPSHOTS_PROD/api_listing_attributes/create_rds_snapshot_table,snowflake__monitoring,t2,Marketplace,snowflake
snowflake/APP_DATA/MAIN_BACKEND_SNAPSHOTS_PROD/api_product_attributes/create_rds_snapshot_table,snowflake__monitoring,t2,Marketplace,snowflake
snowflake/APP_DATA/MAIN_BACKEND_SNAPSHOTS_PROD/auction_bidders/create_rds_snapshot_table,snowflake__monitoring,t2,Marketplace,snowflake
snowflake/APP_DATA/MAIN_BACKEND_SNAPSHOTS_PROD/auction_info/create_rds_snapshot_table,snowflake__monitoring,t1,Marketplace,snowflake
snowflake/APP_DATA/MAIN_BACKEND_SNAPSHOTS_PROD/brands/create_rds_snapshot_table,snowflake__monitoring,t2,Growth,snowflake
snowflake/APP_DATA/MAIN_BACKEND_SNAPSHOTS_PROD/break_spot_options/create_rds_snapshot_table,snowflake__monitoring,t2,Marketplace,snowflake
snowflake/APP_DATA/MAIN_BACKEND_SNAPSHOTS_PROD/break_spots/create_rds_snapshot_table,snowflake__monitoring,t2,Marketplace,snowflake
snowflake/APP_DATA/MAIN_BACKEND_SNAPSHOTS_PROD/breaks/create_rds_snapshot_table,snowflake__monitoring,t1,Marketplace,snowflake
snowflake/APP_DATA/MAIN_BACKEND_SNAPSHOTS_PROD/bulk_imported_listings/create_rds_snapshot_table,snowflake__monitoring,t1,Marketplace,snowflake
snowflake/APP_DATA/MAIN_BACKEND_SNAPSHOTS_PROD/bulk_upload_jobs/create_rds_snapshot_table,snowflake__monitoring,t2,Marketplace,snowflake
snowflake/APP_DATA/MAIN_BACKEND_SNAPSHOTS_PROD/bundling_windows/create_rds_snapshot_table,snowflake__monitoring,t1,Logistics,snowflake
snowflake/APP_DATA/MAIN_BACKEND_SNAPSHOTS_PROD/buyer_default_shipping_settings/create_rds_snapshot_table,snowflake__monitoring,t2,Logistics,snowflake
snowflake/APP_DATA/MAIN_BACKEND_SNAPSHOTS_PROD/buyer_livestream_shipping_settings/create_rds_snapshot_table,snowflake__monitoring,t2,Logistics,snowflake
snowflake/APP_DATA/MAIN_BACKEND_SNAPSHOTS_PROD/cancellation_requests/create_rds_snapshot_table,snowflake__monitoring,t2,Payments,snowflake
snowflake/APP_DATA/MAIN_BACKEND_SNAPSHOTS_PROD/cards/create_rds_snapshot_table,snowflake__monitoring,t1,Payments,snowflake
snowflake/APP_DATA/MAIN_BACKEND_SNAPSHOTS_PROD/catalog_product_attributes/create_rds_snapshot_table,snowflake__monitoring,t2,Marketplace,snowflake
snowflake/APP_DATA/MAIN_BACKEND_SNAPSHOTS_PROD/catalog_product_type_attributes/create_rds_snapshot_table,snowflake__monitoring,t2,Marketplace,snowflake
snowflake/APP_DATA/MAIN_BACKEND_SNAPSHOTS_PROD/catalog_product_types/create_rds_snapshot_table,snowflake__monitoring,t2,Marketplace,snowflake
snowflake/APP_DATA/MAIN_BACKEND_SNAPSHOTS_PROD/catalog_products/create_rds_snapshot_table,snowflake__monitoring,t2,Marketplace,snowflake
snowflake/APP_DATA/MAIN_BACKEND_SNAPSHOTS_PROD/categories/create_rds_snapshot_table,snowflake__monitoring,t1,Marketplace,snowflake
snowflake/APP_DATA/MAIN_BACKEND_SNAPSHOTS_PROD/category_catalog_product_types/create_rds_snapshot_table,snowflake__monitoring,t2,Marketplace,snowflake
snowflake/APP_DATA/MAIN_BACKEND_SNAPSHOTS_PROD/client_app_install_tokens/create_rds_snapshot_table,snowflake__monitoring,t2,Seller Scaling,snowflake
snowflake/APP_DATA/MAIN_BACKEND_SNAPSHOTS_PROD/client_app_installs/create_rds_snapshot_table,snowflake__monitoring,t2,Seller Scaling,snowflake
snowflake/APP_DATA/MAIN_BACKEND_SNAPSHOTS_PROD/client_apps/create_rds_snapshot_table,snowflake__monitoring,t2,Seller Scaling,snowflake
snowflake/APP_DATA/MAIN_BACKEND_SNAPSHOTS_PROD/community_boost_contributions/create_rds_snapshot_table,snowflake__monitoring,t2,Ads,snowflake
snowflake/APP_DATA/MAIN_BACKEND_SNAPSHOTS_PROD/community_boost_jars/create_rds_snapshot_table,snowflake__monitoring,t2,Ads,snowflake
snowflake/APP_DATA/MAIN_BACKEND_SNAPSHOTS_PROD/conversation_group_participants/create_rds_snapshot_table,snowflake__monitoring,t2,Community,snowflake
snowflake/APP_DATA/MAIN_BACKEND_SNAPSHOTS_PROD/conversation_groups/create_rds_snapshot_table,snowflake__monitoring,t2,Community,snowflake
snowflake/APP_DATA/MAIN_BACKEND_SNAPSHOTS_PROD/coupon_claims/create_rds_snapshot_table,snowflake__monitoring,t2,Community,snowflake
snowflake/APP_DATA/MAIN_BACKEND_SNAPSHOTS_PROD/coupon_usages/create_rds_snapshot_table,snowflake__monitoring,t1,Growth,snowflake
snowflake/APP_DATA/MAIN_BACKEND_SNAPSHOTS_PROD/coupons/create_rds_snapshot_table,snowflake__monitoring,t1,Growth,snowflake
snowflake/APP_DATA/MAIN_BACKEND_SNAPSHOTS_PROD/credit_expiry/create_rds_snapshot_table,snowflake__monitoring,t2,Ads,snowflake
snowflake/APP_DATA/MAIN_BACKEND_SNAPSHOTS_PROD/cross_stream_status/create_rds_snapshot_table,snowflake__monitoring,t2,Growth,snowflake
snowflake/APP_DATA/MAIN_BACKEND_SNAPSHOTS_PROD/currency_conversion_rates/create_rds_snapshot_table,snowflake__monitoring,t1,Payments,snowflake
snowflake/APP_DATA/MAIN_BACKEND_SNAPSHOTS_PROD/deal_proposal/create_rds_snapshot_table,snowflake__monitoring,t2,Payments,snowflake
snowflake/APP_DATA/MAIN_BACKEND_SNAPSHOTS_PROD/delayed_action_jobs/create_rds_snapshot_table,snowflake__monitoring,t2,Logistics,snowflake
snowflake/APP_DATA/MAIN_BACKEND_SNAPSHOTS_PROD/editorial_pushes/create_rds_snapshot_table,snowflake__monitoring,t2,Growth,snowflake
snowflake/APP_DATA/MAIN_BACKEND_SNAPSHOTS_PROD/entitlements/create_rds_snapshot_table,snowflake__monitoring,t2,Payments,snowflake
snowflake/APP_DATA/MAIN_BACKEND_SNAPSHOTS_PROD/entity_relationships/create_rds_snapshot_table,snowflake__monitoring,t1,Search,snowflake
snowflake/APP_DATA/MAIN_BACKEND_SNAPSHOTS_PROD/entity_restrictions/create_rds_snapshot_table,snowflake__monitoring,t2,GlobalTrustAndSafety,snowflake
snowflake/APP_DATA/MAIN_BACKEND_SNAPSHOTS_PROD/experiences/create_rds_snapshot_table,snowflake__monitoring,t2,Growth,snowflake
snowflake/APP_DATA/MAIN_BACKEND_SNAPSHOTS_PROD/external_product_taxonomy/create_rds_snapshot_table,snowflake__monitoring,t2,Marketplace,snowflake
snowflake/APP_DATA/MAIN_BACKEND_SNAPSHOTS_PROD/friends/create_rds_snapshot_table,snowflake__monitoring,t2,Community,snowflake
snowflake/APP_DATA/MAIN_BACKEND_SNAPSHOTS_PROD/gifting_preferences/create_rds_snapshot_table,snowflake__monitoring,t1,Community,snowflake
snowflake/APP_DATA/MAIN_BACKEND_SNAPSHOTS_PROD/handling_charges/create_rds_snapshot_table,snowflake__monitoring,t1,Payments,snowflake
snowflake/APP_DATA/MAIN_BACKEND_SNAPSHOTS_PROD/hits/create_rds_snapshot_table,snowflake__monitoring,t2,Marketplace,snowflake
snowflake/APP_DATA/MAIN_BACKEND_SNAPSHOTS_PROD/images/create_rds_snapshot_table,snowflake__monitoring,t1,Marketplace,snowflake
snowflake/APP_DATA/MAIN_BACKEND_SNAPSHOTS_PROD/impact_clicks/create_rds_snapshot_table,snowflake__monitoring,t2,Growth,snowflake
snowflake/APP_DATA/MAIN_BACKEND_SNAPSHOTS_PROD/imported_contacts/create_rds_snapshot_table,snowflake__monitoring,t2,Community,snowflake
snowflake/APP_DATA/MAIN_BACKEND_SNAPSHOTS_PROD/invoice_line_items/create_rds_snapshot_table,snowflake__monitoring,t1,Payments,snowflake
snowflake/APP_DATA/MAIN_BACKEND_SNAPSHOTS_PROD/invoices/create_rds_snapshot_table,snowflake__monitoring,t1,Payments,snowflake
snowflake/APP_DATA/MAIN_BACKEND_SNAPSHOTS_PROD/item_disputes/create_rds_snapshot_table,snowflake__monitoring,t2,Marketplace,snowflake
snowflake/APP_DATA/MAIN_BACKEND_SNAPSHOTS_PROD/ledger_transactions/create_rds_snapshot_table,snowflake__monitoring,t1,Payments,snowflake
snowflake/APP_DATA/MAIN_BACKEND_SNAPSHOTS_PROD/listing_conditions/create_rds_snapshot_table,snowflake__monitoring,t2,Marketplace,snowflake
snowflake/APP_DATA/MAIN_BACKEND_SNAPSHOTS_PROD/listing_properties/create_rds_snapshot_table,snowflake__monitoring,t2,Marketplace,snowflake
snowflake/APP_DATA/MAIN_BACKEND_SNAPSHOTS_PROD/listing_review/create_rds_snapshot_table,snowflake__monitoring,t2,Marketplace,snowflake
snowflake/APP_DATA/MAIN_BACKEND_SNAPSHOTS_PROD/listings/create_rds_snapshot_table,snowflake__monitoring,t1,Marketplace,snowflake
snowflake/APP_DATA/MAIN_BACKEND_SNAPSHOTS_PROD/live_access_restrictions/create_rds_snapshot_table,snowflake__monitoring,t2,DataPlatform,snowflake
snowflake/APP_DATA/MAIN_BACKEND_SNAPSHOTS_PROD/live_clip_recording_info/create_rds_snapshot_table,snowflake__monitoring,t2,AppPlatform,snowflake
snowflake/APP_DATA/MAIN_BACKEND_SNAPSHOTS_PROD/live_clip_user_actions/create_rds_snapshot_table,snowflake__monitoring,t2,AppPlatform,snowflake
snowflake/APP_DATA/MAIN_BACKEND_SNAPSHOTS_PROD/live_clips/create_rds_snapshot_table,snowflake__monitoring,t2,AppPlatform,snowflake
snowflake/APP_DATA/MAIN_BACKEND_SNAPSHOTS_PROD/live_listings/create_rds_snapshot_table,snowflake__monitoring,t1,Marketplace,snowflake
snowflake/APP_DATA/MAIN_BACKEND_SNAPSHOTS_PROD/live_recordings/create_rds_snapshot_table,snowflake__monitoring,t2,AppPlatform,snowflake
snowflake/APP_DATA/MAIN_BACKEND_SNAPSHOTS_PROD/lives_v2/create_rds_snapshot_table,snowflake__monitoring,t2,Inventory,snowflake
snowflake/APP_DATA/MAIN_BACKEND_SNAPSHOTS_PROD/livestream_ad/create_rds_snapshot_table,snowflake__monitoring,t2,Ads,snowflake
snowflake/APP_DATA/MAIN_BACKEND_SNAPSHOTS_PROD/livestream_rtc/create_rds_snapshot_table,snowflake__monitoring,t2,AppPlatform,snowflake
snowflake/APP_DATA/MAIN_BACKEND_SNAPSHOTS_PROD/livestream_tags/create_rds_snapshot_table,snowflake__monitoring,t1,Search,snowflake
snowflake/APP_DATA/MAIN_BACKEND_SNAPSHOTS_PROD/livestream_watchlists/create_rds_snapshot_table,snowflake__monitoring,t2,AppPlatform,snowflake
snowflake/APP_DATA/MAIN_BACKEND_SNAPSHOTS_PROD/loyalty_achievement_definition/create_rds_snapshot_table,snowflake__monitoring,t2,Community,snowflake
snowflake/APP_DATA/MAIN_BACKEND_SNAPSHOTS_PROD/loyalty_achievement_group/create_rds_snapshot_table,snowflake__monitoring,t2,Community,snowflake
snowflake/APP_DATA/MAIN_BACKEND_SNAPSHOTS_PROD/loyalty_reward_definition/create_rds_snapshot_table,snowflake__monitoring,t2,Community,snowflake
snowflake/APP_DATA/MAIN_BACKEND_SNAPSHOTS_PROD/loyalty_user_achievement_progress/create_rds_snapshot_table,snowflake__monitoring,t2,Community,snowflake
snowflake/APP_DATA/MAIN_BACKEND_SNAPSHOTS_PROD/new_seller_group_conversation/create_rds_snapshot_table,snowflake__monitoring,t2,Growth,snowflake
snowflake/APP_DATA/MAIN_BACKEND_SNAPSHOTS_PROD/new_seller_onboarding_session/create_rds_snapshot_table,snowflake__monitoring,t2,Growth,snowflake
snowflake/APP_DATA/MAIN_BACKEND_SNAPSHOTS_PROD/notification_mutes/create_rds_snapshot_table,snowflake__monitoring,t2,Growth,snowflake
snowflake/APP_DATA/MAIN_BACKEND_SNAPSHOTS_PROD/notification_settings/create_rds_snapshot_table,snowflake__monitoring,t2,Growth,snowflake
snowflake/APP_DATA/MAIN_BACKEND_SNAPSHOTS_PROD/op_reviews/create_rds_snapshot_table,snowflake__monitoring,t2,AppPlatform,snowflake
snowflake/APP_DATA/MAIN_BACKEND_SNAPSHOTS_PROD/order_items/create_rds_snapshot_table,snowflake__monitoring,t1,Payments,snowflake
snowflake/APP_DATA/MAIN_BACKEND_SNAPSHOTS_PROD/order_records/create_rds_snapshot_table,snowflake__monitoring,t1,Payments,snowflake
snowflake/APP_DATA/MAIN_BACKEND_SNAPSHOTS_PROD/order_tax_transactions/create_rds_snapshot_table,snowflake__monitoring,t2,Payments,snowflake
snowflake/APP_DATA/MAIN_BACKEND_SNAPSHOTS_PROD/order_taxes/create_rds_snapshot_table,snowflake__monitoring,t1,Payments,snowflake
snowflake/APP_DATA/MAIN_BACKEND_SNAPSHOTS_PROD/orders/create_rds_snapshot_table,snowflake__monitoring,t1,Payments,snowflake
snowflake/APP_DATA/MAIN_BACKEND_SNAPSHOTS_PROD/pack_entries/create_rds_snapshot_table,snowflake__monitoring,t2,Payments,snowflake
snowflake/APP_DATA/MAIN_BACKEND_SNAPSHOTS_PROD/packs/create_rds_snapshot_table,snowflake__monitoring,t2,Payments,snowflake
snowflake/APP_DATA/MAIN_BACKEND_SNAPSHOTS_PROD/paid_coupon_data/create_rds_snapshot_table,snowflake__monitoring,t2,Growth,snowflake
snowflake/APP_DATA/MAIN_BACKEND_SNAPSHOTS_PROD/payment_refund_transaction_audit_logs/create_rds_snapshot_table,snowflake__monitoring,t1,Payments,snowflake
snowflake/APP_DATA/MAIN_BACKEND_SNAPSHOTS_PROD/payment_transactions/create_rds_snapshot_table,snowflake__monitoring,t1,Payments,snowflake
snowflake/APP_DATA/MAIN_BACKEND_SNAPSHOTS_PROD/payments/create_rds_snapshot_table,snowflake__monitoring,t1,Payments,snowflake
snowflake/APP_DATA/MAIN_BACKEND_SNAPSHOTS_PROD/payout_accounts/create_rds_snapshot_table,snowflake__monitoring,t1,Payments,snowflake
snowflake/APP_DATA/MAIN_BACKEND_SNAPSHOTS_PROD/payouts/create_rds_snapshot_table,snowflake__monitoring,t1,Payments,snowflake
snowflake/APP_DATA/MAIN_BACKEND_SNAPSHOTS_PROD/pickup_details/create_rds_snapshot_table,snowflake__monitoring,t1,Logistics,snowflake
snowflake/APP_DATA/MAIN_BACKEND_SNAPSHOTS_PROD/pickup_requests/create_rds_snapshot_table,snowflake__monitoring,t2,Logistics,snowflake
snowflake/APP_DATA/MAIN_BACKEND_SNAPSHOTS_PROD/platform_charges/create_rds_snapshot_table,snowflake__monitoring,t1,Payments,snowflake
snowflake/APP_DATA/MAIN_BACKEND_SNAPSHOTS_PROD/pre_signup_referral_contact/create_rds_snapshot_table,snowflake__monitoring,t2,Growth,snowflake
snowflake/APP_DATA/MAIN_BACKEND_SNAPSHOTS_PROD/pre_signup_seller_application_contacts/create_rds_snapshot_table,snowflake__monitoring,t2,Growth,snowflake
snowflake/APP_DATA/MAIN_BACKEND_SNAPSHOTS_PROD/premier_shop/create_rds_snapshot_table,snowflake__monitoring,t2,Formats,snowflake
snowflake/APP_DATA/MAIN_BACKEND_SNAPSHOTS_PROD/premier_shop_evaluations/create_rds_snapshot_table,snowflake__monitoring,t2,Formats,snowflake
snowflake/APP_DATA/MAIN_BACKEND_SNAPSHOTS_PROD/product_classifiers/create_rds_snapshot_table,snowflake__monitoring,t2,Marketplace,snowflake
snowflake/APP_DATA/MAIN_BACKEND_SNAPSHOTS_PROD/product_profile_descriptors/create_rds_snapshot_table,snowflake__monitoring,t2,Marketplace,snowflake
snowflake/APP_DATA/MAIN_BACKEND_SNAPSHOTS_PROD/product_profiles/create_rds_snapshot_table,snowflake__monitoring,t2,Marketplace,snowflake
snowflake/APP_DATA/MAIN_BACKEND_SNAPSHOTS_PROD/product_tags/create_rds_snapshot_table,snowflake__monitoring,t2,Marketplace,snowflake
snowflake/APP_DATA/MAIN_BACKEND_SNAPSHOTS_PROD/product_videos/create_rds_snapshot_table,snowflake__monitoring,t2,Marketplace,snowflake
snowflake/APP_DATA/MAIN_BACKEND_SNAPSHOTS_PROD/products/create_rds_snapshot_table,snowflake__monitoring,t1,Marketplace,snowflake
snowflake/APP_DATA/MAIN_BACKEND_SNAPSHOTS_PROD/profile_listings/create_rds_snapshot_table,snowflake__monitoring,t1,Marketplace,snowflake
snowflake/APP_DATA/MAIN_BACKEND_SNAPSHOTS_PROD/question_choices/create_rds_snapshot_table,snowflake__monitoring,t1,CustomerExperienceEngineering,snowflake
snowflake/APP_DATA/MAIN_BACKEND_SNAPSHOTS_PROD/quotations/create_rds_snapshot_table,snowflake__monitoring,t2,Payments,snowflake
snowflake/APP_DATA/MAIN_BACKEND_SNAPSHOTS_PROD/raffle_drop_bookmarks/create_rds_snapshot_table,snowflake__monitoring,t2,DataPlatform,snowflake
snowflake/APP_DATA/MAIN_BACKEND_SNAPSHOTS_PROD/raffle_drop_entries/create_rds_snapshot_table,snowflake__monitoring,t2,DataPlatform,snowflake
snowflake/APP_DATA/MAIN_BACKEND_SNAPSHOTS_PROD/raffle_drop_entry_listings/create_rds_snapshot_table,snowflake__monitoring,t2,DataPlatform,snowflake
snowflake/APP_DATA/MAIN_BACKEND_SNAPSHOTS_PROD/raffle_drop_entry_shares/create_rds_snapshot_table,snowflake__monitoring,t2,DataPlatform,snowflake
snowflake/APP_DATA/MAIN_BACKEND_SNAPSHOTS_PROD/rating_answers/create_rds_snapshot_table,snowflake__monitoring,t1,AppPlatform,snowflake
snowflake/APP_DATA/MAIN_BACKEND_SNAPSHOTS_PROD/recurring_live_schedules/create_rds_snapshot_table,snowflake__monitoring,t2,Inventory,snowflake
snowflake/APP_DATA/MAIN_BACKEND_SNAPSHOTS_PROD/referral_challenge_milestone_progress/create_rds_snapshot_table,snowflake__monitoring,t2,Growth,snowflake
snowflake/APP_DATA/MAIN_BACKEND_SNAPSHOTS_PROD/referral_challenge_progress/create_rds_snapshot_table,snowflake__monitoring,t2,Growth,snowflake
snowflake/APP_DATA/MAIN_BACKEND_SNAPSHOTS_PROD/referral_challenge_referred_user/create_rds_snapshot_table,snowflake__monitoring,t2,Growth,snowflake
snowflake/APP_DATA/MAIN_BACKEND_SNAPSHOTS_PROD/referral_codes/create_rds_snapshot_table,snowflake__monitoring,t2,Growth,snowflake
snowflake/APP_DATA/MAIN_BACKEND_SNAPSHOTS_PROD/referral_credit_pending_reveal/create_rds_snapshot_table,snowflake__monitoring,t2,Growth,snowflake
snowflake/APP_DATA/MAIN_BACKEND_SNAPSHOTS_PROD/refund_requests/create_rds_snapshot_table,snowflake__monitoring,t1,Payments,snowflake
snowflake/APP_DATA/MAIN_BACKEND_SNAPSHOTS_PROD/reportreasons/create_rds_snapshot_table,snowflake__monitoring,t2,GlobalTrustAndSafety,snowflake
snowflake/APP_DATA/MAIN_BACKEND_SNAPSHOTS_PROD/saved_searches/create_rds_snapshot_table,snowflake__monitoring,t2,Discovery,snowflake
snowflake/APP_DATA/MAIN_BACKEND_SNAPSHOTS_PROD/seller_account_settings/create_rds_snapshot_table,snowflake__monitoring,t2,Growth,snowflake
snowflake/APP_DATA/MAIN_BACKEND_SNAPSHOTS_PROD/seller_activation_states/create_rds_snapshot_table,snowflake__monitoring,t2,Growth,snowflake
snowflake/APP_DATA/MAIN_BACKEND_SNAPSHOTS_PROD/seller_application_states/create_rds_snapshot_table,snowflake__monitoring,t2,Growth,snowflake
snowflake/APP_DATA/MAIN_BACKEND_SNAPSHOTS_PROD/seller_default_shipping_settings/create_rds_snapshot_table,snowflake__monitoring,t2,Logistics,snowflake
snowflake/APP_DATA/MAIN_BACKEND_SNAPSHOTS_PROD/seller_incentive/create_rds_snapshot_table,snowflake__monitoring,t2,Growth,snowflake
snowflake/APP_DATA/MAIN_BACKEND_SNAPSHOTS_PROD/seller_livestream_shipping_settings/create_rds_snapshot_table,snowflake__monitoring,t1,Logistics,snowflake
snowflake/APP_DATA/MAIN_BACKEND_SNAPSHOTS_PROD/seller_loyalty_program/create_rds_snapshot_table,snowflake__monitoring,t2,Community,snowflake
snowflake/APP_DATA/MAIN_BACKEND_SNAPSHOTS_PROD/seller_order_cancellation_reasons/create_rds_snapshot_table,snowflake__monitoring,t2,Payments,snowflake
snowflake/APP_DATA/MAIN_BACKEND_SNAPSHOTS_PROD/seller_promotions/create_rds_snapshot_table,snowflake__monitoring,t2,Payments,snowflake
snowflake/APP_DATA/MAIN_BACKEND_SNAPSHOTS_PROD/seller_taxes/create_rds_snapshot_table,snowflake__monitoring,t2,Payments,snowflake
snowflake/APP_DATA/MAIN_BACKEND_SNAPSHOTS_PROD/share_url/create_rds_snapshot_table,snowflake__monitoring,t2,Growth,snowflake
snowflake/APP_DATA/MAIN_BACKEND_SNAPSHOTS_PROD/sharing/create_rds_snapshot_table,snowflake__monitoring,t1,Growth,snowflake
snowflake/APP_DATA/MAIN_BACKEND_SNAPSHOTS_PROD/shipment_insurance_info/create_rds_snapshot_table,snowflake__monitoring,t2,Logistics,snowflake
snowflake/APP_DATA/MAIN_BACKEND_SNAPSHOTS_PROD/shipment_items/create_rds_snapshot_table,snowflake__monitoring,t2,Logistics,snowflake
snowflake/APP_DATA/MAIN_BACKEND_SNAPSHOTS_PROD/shipments/create_rds_snapshot_table,snowflake__monitoring,t1,Logistics,snowflake
snowflake/APP_DATA/MAIN_BACKEND_SNAPSHOTS_PROD/shipping_adjustment_line_items/create_rds_snapshot_table,snowflake__monitoring,t1,Logistics,snowflake
snowflake/APP_DATA/MAIN_BACKEND_SNAPSHOTS_PROD/shipping_adjustments/create_rds_snapshot_table,snowflake__monitoring,t1,Logistics,snowflake
snowflake/APP_DATA/MAIN_BACKEND_SNAPSHOTS_PROD/shipping_credit_usages/create_rds_snapshot_table,snowflake__monitoring,t1,Logistics,snowflake
snowflake/APP_DATA/MAIN_BACKEND_SNAPSHOTS_PROD/shipping_credits/create_rds_snapshot_table,snowflake__monitoring,t1,Logistics,snowflake
snowflake/APP_DATA/MAIN_BACKEND_SNAPSHOTS_PROD/shipping_insurance_claims/create_rds_snapshot_table,snowflake__monitoring,t1,Logistics,snowflake
snowflake/APP_DATA/MAIN_BACKEND_SNAPSHOTS_PROD/shipping_labels/create_rds_snapshot_table,snowflake__monitoring,t1,Logistics,snowflake
snowflake/APP_DATA/MAIN_BACKEND_SNAPSHOTS_PROD/shipping_manifests/create_rds_snapshot_table,snowflake__monitoring,t2,Logistics,snowflake
snowflake/APP_DATA/MAIN_BACKEND_SNAPSHOTS_PROD/shipping_profiles/create_rds_snapshot_table,snowflake__monitoring,t1,Logistics,snowflake
snowflake/APP_DATA/MAIN_BACKEND_SNAPSHOTS_PROD/shipping_users/create_rds_snapshot_table,snowflake__monitoring,t2,Logistics,snowflake
snowflake/APP_DATA/MAIN_BACKEND_SNAPSHOTS_PROD/show_notes/create_rds_snapshot_table,snowflake__monitoring,t2,Community,snowflake
snowflake/APP_DATA/MAIN_BACKEND_SNAPSHOTS_PROD/smart_contracts/create_rds_snapshot_table,snowflake__monitoring,t2,Payments,snowflake
snowflake/APP_DATA/MAIN_BACKEND_SNAPSHOTS_PROD/statement/create_rds_snapshot_table,snowflake__monitoring,t2,Payments,snowflake
snowflake/APP_DATA/MAIN_BACKEND_SNAPSHOTS_PROD/statement_line_item/create_rds_snapshot_table,snowflake__monitoring,t2,Payments,snowflake
snowflake/APP_DATA/MAIN_BACKEND_SNAPSHOTS_PROD/stories/create_rds_snapshot_table,snowflake__monitoring,t2,Discovery,snowflake
snowflake/APP_DATA/MAIN_BACKEND_SNAPSHOTS_PROD/story_listings/create_rds_snapshot_table,snowflake__monitoring,t2,Discovery,snowflake
snowflake/APP_DATA/MAIN_BACKEND_SNAPSHOTS_PROD/story_user_actions/create_rds_snapshot_table,snowflake__monitoring,t2,Discovery,snowflake
snowflake/APP_DATA/MAIN_BACKEND_SNAPSHOTS_PROD/stripe_early_fraud_warnings/create_rds_snapshot_table,snowflake__monitoring,t2,Payments,snowflake
snowflake/APP_DATA/MAIN_BACKEND_SNAPSHOTS_PROD/support_report_reasons/create_rds_snapshot_table,snowflake__monitoring,t2,CustomerExperienceEngineering,snowflake
snowflake/APP_DATA/MAIN_BACKEND_SNAPSHOTS_PROD/surfaces/create_rds_snapshot_table,snowflake__monitoring,t2,Growth,snowflake
snowflake/APP_DATA/MAIN_BACKEND_SNAPSHOTS_PROD/survey_questions/create_rds_snapshot_table,snowflake__monitoring,t2,Growth,snowflake
snowflake/APP_DATA/MAIN_BACKEND_SNAPSHOTS_PROD/survey_user_answers/create_rds_snapshot_table,snowflake__monitoring,t1,Growth,snowflake
snowflake/APP_DATA/MAIN_BACKEND_SNAPSHOTS_PROD/surveys/create_rds_snapshot_table,snowflake__monitoring,t2,Growth,snowflake
snowflake/APP_DATA/MAIN_BACKEND_SNAPSHOTS_PROD/tax_input_items/create_rds_snapshot_table,snowflake__monitoring,t2,Payments,snowflake
snowflake/APP_DATA/MAIN_BACKEND_SNAPSHOTS_PROD/tax_line_items/create_rds_snapshot_table,snowflake__monitoring,t2,Payments,snowflake
snowflake/APP_DATA/MAIN_BACKEND_SNAPSHOTS_PROD/tax_transactions/create_rds_snapshot_table,snowflake__monitoring,t2,Payments,snowflake
snowflake/APP_DATA/MAIN_BACKEND_SNAPSHOTS_PROD/taxonomies/create_rds_snapshot_table,snowflake__monitoring,t1,Search,snowflake
snowflake/APP_DATA/MAIN_BACKEND_SNAPSHOTS_PROD/taxonomy_cron_job/create_rds_snapshot_table,snowflake__monitoring,t2,Discovery,snowflake
snowflake/APP_DATA/MAIN_BACKEND_SNAPSHOTS_PROD/team_member_invites/create_rds_snapshot_table,snowflake__monitoring,t2,Seller Scaling,snowflake
snowflake/APP_DATA/MAIN_BACKEND_SNAPSHOTS_PROD/team_members/create_rds_snapshot_table,snowflake__monitoring,t2,Seller Scaling,snowflake
snowflake/APP_DATA/MAIN_BACKEND_SNAPSHOTS_PROD/time_listing_events/create_rds_snapshot_table,snowflake__monitoring,t2,Seller Merchandising,snowflake
snowflake/APP_DATA/MAIN_BACKEND_SNAPSHOTS_PROD/tips/create_rds_snapshot_table,snowflake__monitoring,t1,Community,snowflake
snowflake/APP_DATA/MAIN_BACKEND_SNAPSHOTS_PROD/ts_actions/create_rds_snapshot_table,snowflake__monitoring,t1,GlobalTrustAndSafety,snowflake
snowflake/APP_DATA/MAIN_BACKEND_SNAPSHOTS_PROD/ts_addresses/create_rds_snapshot_table,snowflake__monitoring,t1,GlobalTrustAndSafety,snowflake
snowflake/APP_DATA/MAIN_BACKEND_SNAPSHOTS_PROD/ts_email_template/create_rds_snapshot_table,snowflake__monitoring,t2,GlobalTrustAndSafety,snowflake
snowflake/APP_DATA/MAIN_BACKEND_SNAPSHOTS_PROD/ts_fraud_guardrail_exceptions/create_rds_snapshot_table,snowflake__monitoring,t2,GlobalTrustAndSafety,snowflake
snowflake/APP_DATA/MAIN_BACKEND_SNAPSHOTS_PROD/ts_tag_action/create_rds_snapshot_table,snowflake__monitoring,t1,GlobalTrustAndSafety,snowflake
snowflake/APP_DATA/MAIN_BACKEND_SNAPSHOTS_PROD/ts_tags/create_rds_snapshot_table,snowflake__monitoring,t1,GlobalTrustAndSafety,snowflake
snowflake/APP_DATA/MAIN_BACKEND_SNAPSHOTS_PROD/ts_users/create_rds_snapshot_table,snowflake__monitoring,t2,GlobalTrustAndSafety,snowflake
snowflake/APP_DATA/MAIN_BACKEND_SNAPSHOTS_PROD/ts_violations/create_rds_snapshot_table,snowflake__monitoring,t1,GlobalTrustAndSafety,snowflake
snowflake/APP_DATA/MAIN_BACKEND_SNAPSHOTS_PROD/unique_item_events/create_rds_snapshot_table,snowflake__monitoring,t2,Marketplace,snowflake
snowflake/APP_DATA/MAIN_BACKEND_SNAPSHOTS_PROD/unique_items/create_rds_snapshot_table,snowflake__monitoring,t2,Marketplace,snowflake
snowflake/APP_DATA/MAIN_BACKEND_SNAPSHOTS_PROD/unsafe_text/create_rds_snapshot_table,snowflake__monitoring,t2,GlobalTrustAndSafety,snowflake
snowflake/APP_DATA/MAIN_BACKEND_SNAPSHOTS_PROD/user_blocking/create_rds_snapshot_table,snowflake__monitoring,t2,Community,snowflake
snowflake/APP_DATA/MAIN_BACKEND_SNAPSHOTS_PROD/user_cross_stream_keys/create_rds_snapshot_table,snowflake__monitoring,t2,Growth,snowflake
snowflake/APP_DATA/MAIN_BACKEND_SNAPSHOTS_PROD/user_device/create_rds_snapshot_table,snowflake__monitoring,t1,DataPlatform,snowflake
snowflake/APP_DATA/MAIN_BACKEND_SNAPSHOTS_PROD/user_external_oauth_ids/create_rds_snapshot_table,snowflake__monitoring,t2,DataPlatform,snowflake
snowflake/APP_DATA/MAIN_BACKEND_SNAPSHOTS_PROD/user_follows/create_rds_snapshot_table,snowflake__monitoring,t1,Community,snowflake
snowflake/APP_DATA/MAIN_BACKEND_SNAPSHOTS_PROD/user_loyalty_status/create_rds_snapshot_table,snowflake__monitoring,t2,Community,snowflake
snowflake/APP_DATA/MAIN_BACKEND_SNAPSHOTS_PROD/user_object_action/create_rds_snapshot_table,snowflake__monitoring,t1,DataPlatform,snowflake
snowflake/APP_DATA/MAIN_BACKEND_SNAPSHOTS_PROD/user_permission_action/create_rds_snapshot_table,snowflake__monitoring,t2,GlobalTrustAndSafety,snowflake
snowflake/APP_DATA/MAIN_BACKEND_SNAPSHOTS_PROD/user_permissions/create_rds_snapshot_table,snowflake__monitoring,t2,GlobalTrustAndSafety,snowflake
snowflake/APP_DATA/MAIN_BACKEND_SNAPSHOTS_PROD/user_preferences/create_rds_snapshot_table,snowflake__monitoring,t2,Community,snowflake
snowflake/APP_DATA/MAIN_BACKEND_SNAPSHOTS_PROD/user_profiles/create_rds_snapshot_table,snowflake__monitoring,t1,DataPlatform,snowflake
snowflake/APP_DATA/MAIN_BACKEND_SNAPSHOTS_PROD/user_reports/create_rds_snapshot_table,snowflake__monitoring,t2,GlobalTrustAndSafety,snowflake
snowflake/APP_DATA/MAIN_BACKEND_SNAPSHOTS_PROD/user_state/create_rds_snapshot_table,snowflake__monitoring,t2,DataPlatform,snowflake
snowflake/APP_DATA/MAIN_BACKEND_SNAPSHOTS_PROD/user_strikes/create_rds_snapshot_table,snowflake__monitoring,t2,DataPlatform,snowflake
snowflake/APP_DATA/MAIN_BACKEND_SNAPSHOTS_PROD/users/create_rds_snapshot_table,snowflake__monitoring,t1,DataPlatform,snowflake
snowflake/APP_DATA/MAIN_BACKEND_SNAPSHOTS_PROD/verification_request_line_items/create_rds_snapshot_table,snowflake__monitoring,t2,DataPlatform,snowflake
snowflake/APP_DATA/MAIN_BACKEND_SNAPSHOTS_PROD/verification_requests/create_rds_snapshot_table,snowflake__monitoring,t2,DataPlatform,snowflake
snowflake/APP_DATA/MAIN_BACKEND_SNAPSHOTS_PROD/verification_submissions/create_rds_snapshot_table,snowflake__monitoring,t2,DataPlatform,snowflake
snowflake/APP_DATA/MAIN_BACKEND_SNAPSHOTS_PROD/videos/create_rds_snapshot_table,snowflake__monitoring,t2,AppPlatform,snowflake
snowflake/APP_DATA/MAIN_BACKEND_SNAPSHOTS_PROD/wallet_entry/create_rds_snapshot_table,snowflake__monitoring,t2,Payments,snowflake
snowflake/APP_DATA/MAIN_BACKEND_SNAPSHOTS_PROD/webhook_events/create_rds_snapshot_table,snowflake__monitoring,t2,Seller Scaling,snowflake
snowflake/APP_DATA/MAIN_BACKEND_SNAPSHOTS_PROD/webhook_subscriptions/create_rds_snapshot_table,snowflake__monitoring,t2,Seller Scaling,snowflake
snowflake/APP_DATA/PUBLIC/Lives/monitoring,snowflake__monitoring,t2,Inventory,snowflake
snowflake/APP_DATA/PUBLIC/ad_auctions/monitoring,snowflake__monitoring,t2,Ads,snowflake
snowflake/APP_DATA/PUBLIC/ad_bandits/monitoring,snowflake__monitoring,t2,Ads,snowflake
snowflake/APP_DATA/PUBLIC/ad_bidding/monitoring,snowflake__monitoring,t2,Ads,snowflake
snowflake/APP_DATA/PUBLIC/ad_campaign_performance_stats/monitoring,snowflake__monitoring,t2,Ads,snowflake
snowflake/APP_DATA/PUBLIC/ad_campaigns/monitoring,snowflake__monitoring,t2,Ads,snowflake
snowflake/APP_DATA/PUBLIC/ad_credit_campaigns/monitoring,snowflake__monitoring,t2,Ads,snowflake
snowflake/APP_DATA/PUBLIC/ad_forecasting_values/monitoring,snowflake__monitoring,t2,Ads,snowflake
snowflake/APP_DATA/PUBLIC/addresses/monitoring,snowflake__monitoring,t1,Logistics,snowflake
snowflake/APP_DATA/PUBLIC/addresses_allowlist/monitoring,snowflake__monitoring,t1,GlobalTrustAndSafety,snowflake
snowflake/APP_DATA/PUBLIC/ads_attribution/monitoring,snowflake__monitoring,t2,Ads,snowflake
snowflake/APP_DATA/PUBLIC/api_listing_attributes/monitoring,snowflake__monitoring,t2,Marketplace,snowflake
snowflake/APP_DATA/PUBLIC/api_product_attributes/monitoring,snowflake__monitoring,t2,Marketplace,snowflake
snowflake/APP_DATA/PUBLIC/auction_bidders/monitoring,snowflake__monitoring,t2,Marketplace,snowflake
snowflake/APP_DATA/PUBLIC/auction_info/monitoring,snowflake__monitoring,t1,Marketplace,snowflake
snowflake/APP_DATA/PUBLIC/brands/monitoring,snowflake__monitoring,t2,Growth,snowflake
snowflake/APP_DATA/PUBLIC/break_spot_options/monitoring,snowflake__monitoring,t2,Marketplace,snowflake
snowflake/APP_DATA/PUBLIC/break_spots/monitoring,snowflake__monitoring,t2,Marketplace,snowflake
snowflake/APP_DATA/PUBLIC/breaks/monitoring,snowflake__monitoring,t1,Marketplace,snowflake
snowflake/APP_DATA/PUBLIC/bulk_imported_listings/monitoring,snowflake__monitoring,t1,Marketplace,snowflake
snowflake/APP_DATA/PUBLIC/bulk_upload_jobs/monitoring,snowflake__monitoring,t2,Marketplace,snowflake
snowflake/APP_DATA/PUBLIC/bundling_windows/monitoring,snowflake__monitoring,t1,Logistics,snowflake
snowflake/APP_DATA/PUBLIC/buyer_default_shipping_settings/monitoring,snowflake__monitoring,t2,Logistics,snowflake
snowflake/APP_DATA/PUBLIC/buyer_livestream_shipping_settings/monitoring,snowflake__monitoring,t2,Logistics,snowflake
snowflake/APP_DATA/PUBLIC/cancellation_requests/monitoring,snowflake__monitoring,t2,Payments,snowflake
snowflake/APP_DATA/PUBLIC/cards/monitoring,snowflake__monitoring,t1,Payments,snowflake
snowflake/APP_DATA/PUBLIC/catalog_product_attributes/monitoring,snowflake__monitoring,t2,Marketplace,snowflake
snowflake/APP_DATA/PUBLIC/catalog_product_type_attributes/monitoring,snowflake__monitoring,t2,Marketplace,snowflake
snowflake/APP_DATA/PUBLIC/catalog_product_types/monitoring,snowflake__monitoring,t2,Marketplace,snowflake
snowflake/APP_DATA/PUBLIC/catalog_products/monitoring,snowflake__monitoring,t2,Marketplace,snowflake
snowflake/APP_DATA/PUBLIC/categories/monitoring,snowflake__monitoring,t1,Marketplace,snowflake
snowflake/APP_DATA/PUBLIC/category_catalog_product_types/monitoring,snowflake__monitoring,t2,Marketplace,snowflake
snowflake/APP_DATA/PUBLIC/cdc_create_shared_objects,snowflake__monitoring,t3,DataPlatform,snowflake
snowflake/APP_DATA/PUBLIC/client_app_install_tokens/monitoring,snowflake__monitoring,t2,Seller Scaling,snowflake
snowflake/APP_DATA/PUBLIC/client_app_installs/monitoring,snowflake__monitoring,t2,Seller Scaling,snowflake
snowflake/APP_DATA/PUBLIC/client_apps/monitoring,snowflake__monitoring,t2,Seller Scaling,snowflake
snowflake/APP_DATA/PUBLIC/community_boost_contributions/monitoring,snowflake__monitoring,t2,Ads,snowflake
snowflake/APP_DATA/PUBLIC/community_boost_jars/monitoring,snowflake__monitoring,t2,Ads,snowflake
snowflake/APP_DATA/PUBLIC/conversation_group_participants/monitoring,snowflake__monitoring,t2,Community,snowflake
snowflake/APP_DATA/PUBLIC/conversation_groups/monitoring,snowflake__monitoring,t2,Community,snowflake
snowflake/APP_DATA/PUBLIC/coupon_claims/monitoring,snowflake__monitoring,t2,Community,snowflake
snowflake/APP_DATA/PUBLIC/coupon_usages/monitoring,snowflake__monitoring,t1,Growth,snowflake
snowflake/APP_DATA/PUBLIC/coupons/monitoring,snowflake__monitoring,t1,Growth,snowflake
snowflake/APP_DATA/PUBLIC/credit_expiry/monitoring,snowflake__monitoring,t2,Ads,snowflake
snowflake/APP_DATA/PUBLIC/cross_stream_status/monitoring,snowflake__monitoring,t2,Growth,snowflake
snowflake/APP_DATA/PUBLIC/currency_conversion_rates/monitoring,snowflake__monitoring,t1,Payments,snowflake
snowflake/APP_DATA/PUBLIC/deal_proposal/monitoring,snowflake__monitoring,t2,Payments,snowflake
snowflake/APP_DATA/PUBLIC/delayed_action_jobs/monitoring,snowflake__monitoring,t2,Logistics,snowflake
snowflake/APP_DATA/PUBLIC/editorial_pushes/monitoring,snowflake__monitoring,t2,Growth,snowflake
snowflake/APP_DATA/PUBLIC/entitlements/monitoring,snowflake__monitoring,t2,Payments,snowflake
snowflake/APP_DATA/PUBLIC/entity_relationships/monitoring,snowflake__monitoring,t1,Search,snowflake
snowflake/APP_DATA/PUBLIC/entity_restrictions/monitoring,snowflake__monitoring,t2,GlobalTrustAndSafety,snowflake
snowflake/APP_DATA/PUBLIC/experiences/monitoring,snowflake__monitoring,t2,Growth,snowflake
snowflake/APP_DATA/PUBLIC/external_product_taxonomy/monitoring,snowflake__monitoring,t2,Marketplace,snowflake
snowflake/APP_DATA/PUBLIC/friends/monitoring,snowflake__monitoring,t2,Community,snowflake
snowflake/APP_DATA/PUBLIC/gifting_preferences/monitoring,snowflake__monitoring,t1,Community,snowflake
snowflake/APP_DATA/PUBLIC/handling_charges/monitoring,snowflake__monitoring,t1,Payments,snowflake
snowflake/APP_DATA/PUBLIC/hits/monitoring,snowflake__monitoring,t2,Marketplace,snowflake
snowflake/APP_DATA/PUBLIC/images/monitoring,snowflake__monitoring,t1,Marketplace,snowflake
snowflake/APP_DATA/PUBLIC/impact_clicks/monitoring,snowflake__monitoring,t2,Growth,snowflake
snowflake/APP_DATA/PUBLIC/imported_contacts/monitoring,snowflake__monitoring,t2,Community,snowflake
snowflake/APP_DATA/PUBLIC/invoice_line_items/monitoring,snowflake__monitoring,t1,Payments,snowflake
snowflake/APP_DATA/PUBLIC/invoices/monitoring,snowflake__monitoring,t1,Payments,snowflake
snowflake/APP_DATA/PUBLIC/item_disputes/monitoring,snowflake__monitoring,t2,Marketplace,snowflake
snowflake/APP_DATA/PUBLIC/ledger_transactions/monitoring,snowflake__monitoring,t1,Payments,snowflake
snowflake/APP_DATA/PUBLIC/listing_conditions/monitoring,snowflake__monitoring,t2,Marketplace,snowflake
snowflake/APP_DATA/PUBLIC/listing_properties/monitoring,snowflake__monitoring,t2,Marketplace,snowflake
snowflake/APP_DATA/PUBLIC/listing_review/monitoring,snowflake__monitoring,t2,Marketplace,snowflake
snowflake/APP_DATA/PUBLIC/listings/monitoring,snowflake__monitoring,t1,Marketplace,snowflake
snowflake/APP_DATA/PUBLIC/live_access_restrictions/monitoring,snowflake__monitoring,t2,DataPlatform,snowflake
snowflake/APP_DATA/PUBLIC/live_clip_recording_info/monitoring,snowflake__monitoring,t2,AppPlatform,snowflake
snowflake/APP_DATA/PUBLIC/live_clip_user_actions/monitoring,snowflake__monitoring,t2,AppPlatform,snowflake
snowflake/APP_DATA/PUBLIC/live_clips/monitoring,snowflake__monitoring,t2,AppPlatform,snowflake
snowflake/APP_DATA/PUBLIC/live_listings/monitoring,snowflake__monitoring,t1,Marketplace,snowflake
snowflake/APP_DATA/PUBLIC/live_recordings/monitoring,snowflake__monitoring,t2,AppPlatform,snowflake
snowflake/APP_DATA/PUBLIC/lives_v2/monitoring,snowflake__monitoring,t2,Inventory,snowflake
snowflake/APP_DATA/PUBLIC/livestream_ad/monitoring,snowflake__monitoring,t2,Ads,snowflake
snowflake/APP_DATA/PUBLIC/livestream_rtc/monitoring,snowflake__monitoring,t2,AppPlatform,snowflake
snowflake/APP_DATA/PUBLIC/livestream_tags/monitoring,snowflake__monitoring,t1,Search,snowflake
snowflake/APP_DATA/PUBLIC/livestream_watchlists/monitoring,snowflake__monitoring,t2,AppPlatform,snowflake
snowflake/APP_DATA/PUBLIC/loyalty_achievement_definition/monitoring,snowflake__monitoring,t2,Community,snowflake
snowflake/APP_DATA/PUBLIC/loyalty_achievement_group/monitoring,snowflake__monitoring,t2,Community,snowflake
snowflake/APP_DATA/PUBLIC/loyalty_reward_definition/monitoring,snowflake__monitoring,t2,Community,snowflake
snowflake/APP_DATA/PUBLIC/loyalty_user_achievement_progress/monitoring,snowflake__monitoring,t2,Community,snowflake
snowflake/APP_DATA/PUBLIC/new_seller_group_conversation/monitoring,snowflake__monitoring,t2,Growth,snowflake
snowflake/APP_DATA/PUBLIC/new_seller_onboarding_session/monitoring,snowflake__monitoring,t2,Growth,snowflake
snowflake/APP_DATA/PUBLIC/notification_mutes/monitoring,snowflake__monitoring,t2,Growth,snowflake
snowflake/APP_DATA/PUBLIC/notification_settings/monitoring,snowflake__monitoring,t2,Growth,snowflake
snowflake/APP_DATA/PUBLIC/op_reviews/monitoring,snowflake__monitoring,t2,AppPlatform,snowflake
snowflake/APP_DATA/PUBLIC/order_items/monitoring,snowflake__monitoring,t1,Payments,snowflake
snowflake/APP_DATA/PUBLIC/order_records/monitoring,snowflake__monitoring,t1,Payments,snowflake
snowflake/APP_DATA/PUBLIC/order_tax_transactions/monitoring,snowflake__monitoring,t2,Payments,snowflake
snowflake/APP_DATA/PUBLIC/order_taxes/monitoring,snowflake__monitoring,t1,Payments,snowflake
snowflake/APP_DATA/PUBLIC/orders/monitoring,snowflake__monitoring,t1,Payments,snowflake
snowflake/APP_DATA/PUBLIC/pack_entries/monitoring,snowflake__monitoring,t2,Payments,snowflake
snowflake/APP_DATA/PUBLIC/packs/monitoring,snowflake__monitoring,t2,Payments,snowflake
snowflake/APP_DATA/PUBLIC/paid_coupon_data/monitoring,snowflake__monitoring,t2,Growth,snowflake
snowflake/APP_DATA/PUBLIC/payment_refund_transaction_audit_logs/monitoring,snowflake__monitoring,t1,Payments,snowflake
snowflake/APP_DATA/PUBLIC/payment_transactions/monitoring,snowflake__monitoring,t1,Payments,snowflake
snowflake/APP_DATA/PUBLIC/payments/monitoring,snowflake__monitoring,t1,Payments,snowflake
snowflake/APP_DATA/PUBLIC/payout_accounts/monitoring,snowflake__monitoring,t1,Payments,snowflake
snowflake/APP_DATA/PUBLIC/payouts/monitoring,snowflake__monitoring,t1,Payments,snowflake
snowflake/APP_DATA/PUBLIC/pickup_details/monitoring,snowflake__monitoring,t1,Logistics,snowflake
snowflake/APP_DATA/PUBLIC/pickup_requests/monitoring,snowflake__monitoring,t2,Logistics,snowflake
snowflake/APP_DATA/PUBLIC/platform_charges/monitoring,snowflake__monitoring,t1,Payments,snowflake
snowflake/APP_DATA/PUBLIC/pre_signup_referral_contact/monitoring,snowflake__monitoring,t2,Growth,snowflake
snowflake/APP_DATA/PUBLIC/pre_signup_seller_application_contacts/monitoring,snowflake__monitoring,t2,Growth,snowflake
snowflake/APP_DATA/PUBLIC/premier_shop/monitoring,snowflake__monitoring,t2,Formats,snowflake
snowflake/APP_DATA/PUBLIC/premier_shop_evaluations/monitoring,snowflake__monitoring,t2,Formats,snowflake
snowflake/APP_DATA/PUBLIC/product_classifiers/monitoring,snowflake__monitoring,t2,Marketplace,snowflake
snowflake/APP_DATA/PUBLIC/product_profile_descriptors/monitoring,snowflake__monitoring,t2,Marketplace,snowflake
snowflake/APP_DATA/PUBLIC/product_profiles/monitoring,snowflake__monitoring,t2,Marketplace,snowflake
snowflake/APP_DATA/PUBLIC/product_tags/monitoring,snowflake__monitoring,t2,Marketplace,snowflake
snowflake/APP_DATA/PUBLIC/product_videos/monitoring,snowflake__monitoring,t2,Marketplace,snowflake
snowflake/APP_DATA/PUBLIC/products/monitoring,snowflake__monitoring,t1,Marketplace,snowflake
snowflake/APP_DATA/PUBLIC/profile_listings/monitoring,snowflake__monitoring,t1,Marketplace,snowflake
snowflake/APP_DATA/PUBLIC/question_choices/monitoring,snowflake__monitoring,t1,CustomerExperienceEngineering,snowflake
snowflake/APP_DATA/PUBLIC/quotations/monitoring,snowflake__monitoring,t2,Payments,snowflake
snowflake/APP_DATA/PUBLIC/raffle_drop_bookmarks/monitoring,snowflake__monitoring,t2,DataPlatform,snowflake
snowflake/APP_DATA/PUBLIC/raffle_drop_entries/monitoring,snowflake__monitoring,t2,DataPlatform,snowflake
snowflake/APP_DATA/PUBLIC/raffle_drop_entry_listings/monitoring,snowflake__monitoring,t2,DataPlatform,snowflake
snowflake/APP_DATA/PUBLIC/raffle_drop_entry_shares/monitoring,snowflake__monitoring,t2,DataPlatform,snowflake
snowflake/APP_DATA/PUBLIC/rating_answers/monitoring,snowflake__monitoring,t1,AppPlatform,snowflake
snowflake/APP_DATA/PUBLIC/recurring_live_schedules/monitoring,snowflake__monitoring,t2,Inventory,snowflake
snowflake/APP_DATA/PUBLIC/referral_challenge_milestone_progress/monitoring,snowflake__monitoring,t2,Growth,snowflake
snowflake/APP_DATA/PUBLIC/referral_challenge_progress/monitoring,snowflake__monitoring,t2,Growth,snowflake
snowflake/APP_DATA/PUBLIC/referral_challenge_referred_user/monitoring,snowflake__monitoring,t2,Growth,snowflake
snowflake/APP_DATA/PUBLIC/referral_codes/monitoring,snowflake__monitoring,t2,Growth,snowflake
snowflake/APP_DATA/PUBLIC/referral_credit_pending_reveal/monitoring,snowflake__monitoring,t2,Growth,snowflake
snowflake/APP_DATA/PUBLIC/refund_requests/monitoring,snowflake__monitoring,t1,Payments,snowflake
snowflake/APP_DATA/PUBLIC/reportreasons/monitoring,snowflake__monitoring,t2,GlobalTrustAndSafety,snowflake
snowflake/APP_DATA/PUBLIC/saved_searches/monitoring,snowflake__monitoring,t2,Discovery,snowflake
snowflake/APP_DATA/PUBLIC/seller_account_settings/monitoring,snowflake__monitoring,t2,Growth,snowflake
snowflake/APP_DATA/PUBLIC/seller_activation_states/monitoring,snowflake__monitoring,t2,Growth,snowflake
snowflake/APP_DATA/PUBLIC/seller_application_states/monitoring,snowflake__monitoring,t2,Growth,snowflake
snowflake/APP_DATA/PUBLIC/seller_default_shipping_settings/monitoring,snowflake__monitoring,t2,Logistics,snowflake
snowflake/APP_DATA/PUBLIC/seller_incentive/monitoring,snowflake__monitoring,t2,Growth,snowflake
snowflake/APP_DATA/PUBLIC/seller_livestream_shipping_settings/monitoring,snowflake__monitoring,t1,Logistics,snowflake
snowflake/APP_DATA/PUBLIC/seller_loyalty_program/monitoring,snowflake__monitoring,t2,Community,snowflake
snowflake/APP_DATA/PUBLIC/seller_order_cancellation_reasons/monitoring,snowflake__monitoring,t2,Payments,snowflake
snowflake/APP_DATA/PUBLIC/seller_promotions/monitoring,snowflake__monitoring,t2,Payments,snowflake
snowflake/APP_DATA/PUBLIC/seller_taxes/monitoring,snowflake__monitoring,t2,Payments,snowflake
snowflake/APP_DATA/PUBLIC/share_url/monitoring,snowflake__monitoring,t2,Growth,snowflake
snowflake/APP_DATA/PUBLIC/sharing/monitoring,snowflake__monitoring,t1,Growth,snowflake
snowflake/APP_DATA/PUBLIC/shipment_insurance_info/monitoring,snowflake__monitoring,t2,Logistics,snowflake
snowflake/APP_DATA/PUBLIC/shipment_items/monitoring,snowflake__monitoring,t2,Logistics,snowflake
snowflake/APP_DATA/PUBLIC/shipments/monitoring,snowflake__monitoring,t1,Logistics,snowflake
snowflake/APP_DATA/PUBLIC/shipping_adjustment_line_items/monitoring,snowflake__monitoring,t1,Logistics,snowflake
snowflake/APP_DATA/PUBLIC/shipping_adjustments/monitoring,snowflake__monitoring,t1,Logistics,snowflake
snowflake/APP_DATA/PUBLIC/shipping_credit_usages/monitoring,snowflake__monitoring,t1,Logistics,snowflake
snowflake/APP_DATA/PUBLIC/shipping_credits/monitoring,snowflake__monitoring,t1,Logistics,snowflake
snowflake/APP_DATA/PUBLIC/shipping_insurance_claims/monitoring,snowflake__monitoring,t1,Logistics,snowflake
snowflake/APP_DATA/PUBLIC/shipping_labels/monitoring,snowflake__monitoring,t1,Logistics,snowflake
snowflake/APP_DATA/PUBLIC/shipping_manifests/monitoring,snowflake__monitoring,t2,Logistics,snowflake
snowflake/APP_DATA/PUBLIC/shipping_profiles/monitoring,snowflake__monitoring,t1,Logistics,snowflake
snowflake/APP_DATA/PUBLIC/shipping_users/monitoring,snowflake__monitoring,t2,Logistics,snowflake
snowflake/APP_DATA/PUBLIC/show_notes/monitoring,snowflake__monitoring,t2,Community,snowflake
snowflake/APP_DATA/PUBLIC/smart_contracts/monitoring,snowflake__monitoring,t2,Payments,snowflake
snowflake/APP_DATA/PUBLIC/statement/monitoring,snowflake__monitoring,t2,Payments,snowflake
snowflake/APP_DATA/PUBLIC/statement_line_item/monitoring,snowflake__monitoring,t2,Payments,snowflake
snowflake/APP_DATA/PUBLIC/stories/monitoring,snowflake__monitoring,t2,Discovery,snowflake
snowflake/APP_DATA/PUBLIC/story_listings/monitoring,snowflake__monitoring,t2,Discovery,snowflake
snowflake/APP_DATA/PUBLIC/story_user_actions/monitoring,snowflake__monitoring,t2,Discovery,snowflake
snowflake/APP_DATA/PUBLIC/stripe_early_fraud_warnings/monitoring,snowflake__monitoring,t2,Payments,snowflake
snowflake/APP_DATA/PUBLIC/support_report_reasons/monitoring,snowflake__monitoring,t2,CustomerExperienceEngineering,snowflake
snowflake/APP_DATA/PUBLIC/surfaces/monitoring,snowflake__monitoring,t2,Growth,snowflake
snowflake/APP_DATA/PUBLIC/survey_questions/monitoring,snowflake__monitoring,t2,Growth,snowflake
snowflake/APP_DATA/PUBLIC/survey_user_answers/monitoring,snowflake__monitoring,t1,Growth,snowflake
snowflake/APP_DATA/PUBLIC/surveys/monitoring,snowflake__monitoring,t2,Growth,snowflake
snowflake/APP_DATA/PUBLIC/tax_input_items/monitoring,snowflake__monitoring,t2,Payments,snowflake
snowflake/APP_DATA/PUBLIC/tax_line_items/monitoring,snowflake__monitoring,t2,Payments,snowflake
snowflake/APP_DATA/PUBLIC/tax_transactions/monitoring,snowflake__monitoring,t2,Payments,snowflake
snowflake/APP_DATA/PUBLIC/taxonomies/monitoring,snowflake__monitoring,t1,Search,snowflake
snowflake/APP_DATA/PUBLIC/taxonomy_cron_job/monitoring,snowflake__monitoring,t2,Discovery,snowflake
snowflake/APP_DATA/PUBLIC/team_member_invites/monitoring,snowflake__monitoring,t2,Seller Scaling,snowflake
snowflake/APP_DATA/PUBLIC/team_members/monitoring,snowflake__monitoring,t2,Seller Scaling,snowflake
snowflake/APP_DATA/PUBLIC/time_listing_events/monitoring,snowflake__monitoring,t2,Seller Merchandising,snowflake
snowflake/APP_DATA/PUBLIC/tips/monitoring,snowflake__monitoring,t1,Community,snowflake
snowflake/APP_DATA/PUBLIC/ts_actions/monitoring,snowflake__monitoring,t1,GlobalTrustAndSafety,snowflake
snowflake/APP_DATA/PUBLIC/ts_addresses/monitoring,snowflake__monitoring,t1,GlobalTrustAndSafety,snowflake
snowflake/APP_DATA/PUBLIC/ts_email_template/monitoring,snowflake__monitoring,t2,GlobalTrustAndSafety,snowflake
snowflake/APP_DATA/PUBLIC/ts_fraud_guardrail_exceptions/monitoring,snowflake__monitoring,t2,GlobalTrustAndSafety,snowflake
snowflake/APP_DATA/PUBLIC/ts_tag_action/monitoring,snowflake__monitoring,t1,GlobalTrustAndSafety,snowflake
snowflake/APP_DATA/PUBLIC/ts_tags/monitoring,snowflake__monitoring,t1,GlobalTrustAndSafety,snowflake
snowflake/APP_DATA/PUBLIC/ts_users/monitoring,snowflake__monitoring,t2,GlobalTrustAndSafety,snowflake
snowflake/APP_DATA/PUBLIC/ts_violations/monitoring,snowflake__monitoring,t1,GlobalTrustAndSafety,snowflake
snowflake/APP_DATA/PUBLIC/unique_item_events/monitoring,snowflake__monitoring,t2,Marketplace,snowflake
snowflake/APP_DATA/PUBLIC/unique_items/monitoring,snowflake__monitoring,t2,Marketplace,snowflake
snowflake/APP_DATA/PUBLIC/unsafe_text/monitoring,snowflake__monitoring,t2,GlobalTrustAndSafety,snowflake
snowflake/APP_DATA/PUBLIC/user_blocking/monitoring,snowflake__monitoring,t2,Community,snowflake
snowflake/APP_DATA/PUBLIC/user_cross_stream_keys/monitoring,snowflake__monitoring,t2,Growth,snowflake
snowflake/APP_DATA/PUBLIC/user_device/monitoring,snowflake__monitoring,t1,DataPlatform,snowflake
snowflake/APP_DATA/PUBLIC/user_external_oauth_ids/monitoring,snowflake__monitoring,t2,DataPlatform,snowflake
snowflake/APP_DATA/PUBLIC/user_follows/monitoring,snowflake__monitoring,t1,Community,snowflake
snowflake/APP_DATA/PUBLIC/user_loyalty_status/monitoring,snowflake__monitoring,t2,Community,snowflake
snowflake/APP_DATA/PUBLIC/user_object_action/monitoring,snowflake__monitoring,t1,DataPlatform,snowflake
snowflake/APP_DATA/PUBLIC/user_permission_action/monitoring,snowflake__monitoring,t2,GlobalTrustAndSafety,snowflake
snowflake/APP_DATA/PUBLIC/user_permissions/monitoring,snowflake__monitoring,t2,GlobalTrustAndSafety,snowflake
snowflake/APP_DATA/PUBLIC/user_preferences/monitoring,snowflake__monitoring,t2,Community,snowflake
snowflake/APP_DATA/PUBLIC/user_profiles/monitoring,snowflake__monitoring,t1,DataPlatform,snowflake
snowflake/APP_DATA/PUBLIC/user_reports/monitoring,snowflake__monitoring,t2,GlobalTrustAndSafety,snowflake
snowflake/APP_DATA/PUBLIC/user_state/monitoring,snowflake__monitoring,t2,DataPlatform,snowflake
snowflake/APP_DATA/PUBLIC/user_strikes/monitoring,snowflake__monitoring,t2,DataPlatform,snowflake
snowflake/APP_DATA/PUBLIC/users/monitoring,snowflake__monitoring,t1,DataPlatform,snowflake
snowflake/APP_DATA/PUBLIC/verification_request_line_items/monitoring,snowflake__monitoring,t2,DataPlatform,snowflake
snowflake/APP_DATA/PUBLIC/verification_requests/monitoring,snowflake__monitoring,t2,DataPlatform,snowflake
snowflake/APP_DATA/PUBLIC/verification_submissions/monitoring,snowflake__monitoring,t2,DataPlatform,snowflake
snowflake/APP_DATA/PUBLIC/videos/monitoring,snowflake__monitoring,t2,AppPlatform,snowflake
snowflake/APP_DATA/PUBLIC/wallet_entry/monitoring,snowflake__monitoring,t2,Payments,snowflake
snowflake/APP_DATA/PUBLIC/webhook_events/monitoring,snowflake__monitoring,t2,Seller Scaling,snowflake
snowflake/APP_DATA/PUBLIC/webhook_subscriptions/monitoring,snowflake__monitoring,t2,Seller Scaling,snowflake
snowflake/PROD/LIVESTREAMS_V3/livestream_history,snowflake__live_service,t4,not_set,snowflake
snowflake/PROD/LIVESTREAMS_V3/livestream_product_history,snowflake__live_service,t4,not_set,snowflake
snowflake/app_data/cdc_load1/main_backend_landing,default,,,snowflake
snowflake/app_data/cdc_prod/ad_auctions_history,default,,,snowflake
snowflake/app_data/cdc_prod/ad_auctions_most_recent,default,,,snowflake
snowflake/app_data/cdc_prod/ad_bandits_history,default,,,snowflake
snowflake/app_data/cdc_prod/ad_bandits_most_recent,default,,,snowflake
snowflake/app_data/cdc_prod/ad_bidding_history,default,,,snowflake
snowflake/app_data/cdc_prod/ad_bidding_most_recent,default,,,snowflake
snowflake/app_data/cdc_prod/ad_campaign_performance_stats_history,default,,,snowflake
snowflake/app_data/cdc_prod/ad_campaign_performance_stats_most_recent,default,,,snowflake
snowflake/app_data/cdc_prod/ad_campaigns_history,default,,,snowflake
snowflake/app_data/cdc_prod/ad_campaigns_most_recent,default,,,snowflake
snowflake/app_data/cdc_prod/ad_credit_campaigns_history,default,,,snowflake
snowflake/app_data/cdc_prod/ad_credit_campaigns_most_recent,default,,,snowflake
snowflake/app_data/cdc_prod/ad_forecasting_values_history,default,,,snowflake
snowflake/app_data/cdc_prod/ad_forecasting_values_most_recent,default,,,snowflake
snowflake/app_data/cdc_prod/addresses_allowlist_history,default,,,snowflake
snowflake/app_data/cdc_prod/addresses_allowlist_most_recent,default,,,snowflake
snowflake/app_data/cdc_prod/addresses_history,default,,,snowflake
snowflake/app_data/cdc_prod/addresses_most_recent,default,,,snowflake
snowflake/app_data/cdc_prod/ads_attribution_history,default,,,snowflake
snowflake/app_data/cdc_prod/ads_attribution_most_recent,default,,,snowflake
snowflake/app_data/cdc_prod/api_listing_attributes_history,default,,,snowflake
snowflake/app_data/cdc_prod/api_listing_attributes_most_recent,default,,,snowflake
snowflake/app_data/cdc_prod/api_product_attributes_history,default,,,snowflake
snowflake/app_data/cdc_prod/api_product_attributes_most_recent,default,,,snowflake
snowflake/app_data/cdc_prod/auction_bidders_history,default,,,snowflake
snowflake/app_data/cdc_prod/auction_bidders_most_recent,default,,,snowflake
snowflake/app_data/cdc_prod/auction_info_history,default,,,snowflake
snowflake/app_data/cdc_prod/auction_info_most_recent,default,,,snowflake
snowflake/app_data/cdc_prod/brands_history,default,,,snowflake
snowflake/app_data/cdc_prod/brands_most_recent,default,,,snowflake
snowflake/app_data/cdc_prod/break_spot_options_history,default,,,snowflake
snowflake/app_data/cdc_prod/break_spot_options_most_recent,default,,,snowflake
snowflake/app_data/cdc_prod/break_spots_history,default,,,snowflake
snowflake/app_data/cdc_prod/break_spots_most_recent,default,,,snowflake
snowflake/app_data/cdc_prod/breaks_history,default,,,snowflake
snowflake/app_data/cdc_prod/breaks_most_recent,default,,,snowflake
snowflake/app_data/cdc_prod/bulk_imported_listings_history,default,,,snowflake
snowflake/app_data/cdc_prod/bulk_imported_listings_most_recent,default,,,snowflake
snowflake/app_data/cdc_prod/bulk_upload_jobs_history,default,,,snowflake
snowflake/app_data/cdc_prod/bulk_upload_jobs_most_recent,default,,,snowflake
snowflake/app_data/cdc_prod/bundling_windows_history,default,,,snowflake
snowflake/app_data/cdc_prod/bundling_windows_most_recent,default,,,snowflake
snowflake/app_data/cdc_prod/buyer_default_shipping_settings_history,default,,,snowflake
snowflake/app_data/cdc_prod/buyer_default_shipping_settings_most_recent,default,,,snowflake
snowflake/app_data/cdc_prod/buyer_livestream_shipping_settings_history,default,,,snowflake
snowflake/app_data/cdc_prod/buyer_livestream_shipping_settings_most_recent,default,,,snowflake
snowflake/app_data/cdc_prod/cancellation_requests_history,default,,,snowflake
snowflake/app_data/cdc_prod/cancellation_requests_most_recent,default,,,snowflake
snowflake/app_data/cdc_prod/cards_history,default,,,snowflake
snowflake/app_data/cdc_prod/cards_most_recent,default,,,snowflake
snowflake/app_data/cdc_prod/catalog_product_attributes_history,default,,,snowflake
snowflake/app_data/cdc_prod/catalog_product_attributes_most_recent,default,,,snowflake
snowflake/app_data/cdc_prod/catalog_product_type_attributes_history,default,,,snowflake
snowflake/app_data/cdc_prod/catalog_product_type_attributes_most_recent,default,,,snowflake
snowflake/app_data/cdc_prod/catalog_product_types_history,default,,,snowflake
snowflake/app_data/cdc_prod/catalog_product_types_most_recent,default,,,snowflake
snowflake/app_data/cdc_prod/catalog_products_history,default,,,snowflake
snowflake/app_data/cdc_prod/catalog_products_most_recent,default,,,snowflake
snowflake/app_data/cdc_prod/categories_history,default,,,snowflake
snowflake/app_data/cdc_prod/categories_most_recent,default,,,snowflake
snowflake/app_data/cdc_prod/category_catalog_product_types_history,default,,,snowflake
snowflake/app_data/cdc_prod/category_catalog_product_types_most_recent,default,,,snowflake
snowflake/app_data/cdc_prod/client_app_install_tokens_history,default,,,snowflake
snowflake/app_data/cdc_prod/client_app_install_tokens_most_recent,default,,,snowflake
snowflake/app_data/cdc_prod/client_app_installs_history,default,,,snowflake
snowflake/app_data/cdc_prod/client_app_installs_most_recent,default,,,snowflake
snowflake/app_data/cdc_prod/client_apps_history,default,,,snowflake
snowflake/app_data/cdc_prod/client_apps_most_recent,default,,,snowflake
snowflake/app_data/cdc_prod/community_boost_contributions_history,default,,,snowflake
snowflake/app_data/cdc_prod/community_boost_contributions_most_recent,default,,,snowflake
snowflake/app_data/cdc_prod/community_boost_jars_history,default,,,snowflake
snowflake/app_data/cdc_prod/community_boost_jars_most_recent,default,,,snowflake
snowflake/app_data/cdc_prod/conversation_group_participants_history,default,,,snowflake
snowflake/app_data/cdc_prod/conversation_group_participants_most_recent,default,,,snowflake
snowflake/app_data/cdc_prod/conversation_groups_history,default,,,snowflake
snowflake/app_data/cdc_prod/conversation_groups_most_recent,default,,,snowflake
snowflake/app_data/cdc_prod/coupon_claims_history,default,,,snowflake
snowflake/app_data/cdc_prod/coupon_claims_most_recent,default,,,snowflake
snowflake/app_data/cdc_prod/coupon_usages_history,default,,,snowflake
snowflake/app_data/cdc_prod/coupon_usages_most_recent,default,,,snowflake
snowflake/app_data/cdc_prod/coupons_history,default,,,snowflake
snowflake/app_data/cdc_prod/coupons_most_recent,default,,,snowflake
snowflake/app_data/cdc_prod/credit_expiry_history,default,,,snowflake
snowflake/app_data/cdc_prod/credit_expiry_most_recent,default,,,snowflake
snowflake/app_data/cdc_prod/cross_stream_status_history,default,,,snowflake
snowflake/app_data/cdc_prod/cross_stream_status_most_recent,default,,,snowflake
snowflake/app_data/cdc_prod/currency_conversion_rates_history,default,,,snowflake
snowflake/app_data/cdc_prod/currency_conversion_rates_most_recent,default,,,snowflake
snowflake/app_data/cdc_prod/deal_proposal_history,default,,,snowflake
snowflake/app_data/cdc_prod/deal_proposal_most_recent,default,,,snowflake
snowflake/app_data/cdc_prod/delayed_action_jobs_history,default,,,snowflake
snowflake/app_data/cdc_prod/delayed_action_jobs_most_recent,default,,,snowflake
snowflake/app_data/cdc_prod/editorial_pushes_history,default,,,snowflake
snowflake/app_data/cdc_prod/editorial_pushes_most_recent,default,,,snowflake
snowflake/app_data/cdc_prod/entitlements_history,default,,,snowflake
snowflake/app_data/cdc_prod/entitlements_most_recent,default,,,snowflake
snowflake/app_data/cdc_prod/entity_relationships_history,default,,,snowflake
snowflake/app_data/cdc_prod/entity_relationships_most_recent,default,,,snowflake
snowflake/app_data/cdc_prod/entity_restrictions_history,default,,,snowflake
snowflake/app_data/cdc_prod/entity_restrictions_most_recent,default,,,snowflake
snowflake/app_data/cdc_prod/experiences_history,default,,,snowflake
snowflake/app_data/cdc_prod/experiences_most_recent,default,,,snowflake
snowflake/app_data/cdc_prod/external_product_taxonomy_history,default,,,snowflake
snowflake/app_data/cdc_prod/external_product_taxonomy_most_recent,default,,,snowflake
snowflake/app_data/cdc_prod/friends_history,default,,,snowflake
snowflake/app_data/cdc_prod/friends_most_recent,default,,,snowflake
snowflake/app_data/cdc_prod/gifting_preferences_history,default,,,snowflake
snowflake/app_data/cdc_prod/gifting_preferences_most_recent,default,,,snowflake
snowflake/app_data/cdc_prod/handling_charges_history,default,,,snowflake
snowflake/app_data/cdc_prod/handling_charges_most_recent,default,,,snowflake
snowflake/app_data/cdc_prod/hits_history,default,,,snowflake
snowflake/app_data/cdc_prod/hits_most_recent,default,,,snowflake
snowflake/app_data/cdc_prod/images_history,default,,,snowflake
snowflake/app_data/cdc_prod/images_most_recent,default,,,snowflake
snowflake/app_data/cdc_prod/impact_clicks_history,default,,,snowflake
snowflake/app_data/cdc_prod/impact_clicks_most_recent,default,,,snowflake
snowflake/app_data/cdc_prod/imported_contacts_history,default,,,snowflake
snowflake/app_data/cdc_prod/imported_contacts_most_recent,default,,,snowflake
snowflake/app_data/cdc_prod/invoice_line_items_history,default,,,snowflake
snowflake/app_data/cdc_prod/invoice_line_items_most_recent,default,,,snowflake
snowflake/app_data/cdc_prod/invoices_history,default,,,snowflake
snowflake/app_data/cdc_prod/invoices_most_recent,default,,,snowflake
snowflake/app_data/cdc_prod/item_disputes_history,default,,,snowflake
snowflake/app_data/cdc_prod/item_disputes_most_recent,default,,,snowflake
snowflake/app_data/cdc_prod/ledger_transactions_history,default,,,snowflake
snowflake/app_data/cdc_prod/ledger_transactions_most_recent,default,,,snowflake
snowflake/app_data/cdc_prod/listing_conditions_history,default,,,snowflake
snowflake/app_data/cdc_prod/listing_conditions_most_recent,default,,,snowflake
snowflake/app_data/cdc_prod/listing_properties_history,default,,,snowflake
snowflake/app_data/cdc_prod/listing_properties_most_recent,default,,,snowflake
snowflake/app_data/cdc_prod/listing_review_history,default,,,snowflake
snowflake/app_data/cdc_prod/listing_review_most_recent,default,,,snowflake
snowflake/app_data/cdc_prod/listings_history,default,,,snowflake
snowflake/app_data/cdc_prod/listings_most_recent,default,,,snowflake
snowflake/app_data/cdc_prod/live_access_restrictions_history,default,,,snowflake
snowflake/app_data/cdc_prod/live_access_restrictions_most_recent,default,,,snowflake
snowflake/app_data/cdc_prod/live_clip_recording_info_history,default,,,snowflake
snowflake/app_data/cdc_prod/live_clip_recording_info_most_recent,default,,,snowflake
snowflake/app_data/cdc_prod/live_clip_user_actions_history,default,,,snowflake
snowflake/app_data/cdc_prod/live_clip_user_actions_most_recent,default,,,snowflake
snowflake/app_data/cdc_prod/live_clips_history,default,,,snowflake
snowflake/app_data/cdc_prod/live_clips_most_recent,default,,,snowflake
snowflake/app_data/cdc_prod/live_listings_history,default,,,snowflake
snowflake/app_data/cdc_prod/live_listings_most_recent,default,,,snowflake
snowflake/app_data/cdc_prod/live_recordings_history,default,,,snowflake
snowflake/app_data/cdc_prod/live_recordings_most_recent,default,,,snowflake
snowflake/app_data/cdc_prod/lives_history,default,,,snowflake
snowflake/app_data/cdc_prod/lives_most_recent,default,,,snowflake
snowflake/app_data/cdc_prod/lives_v2_history,default,,,snowflake
snowflake/app_data/cdc_prod/lives_v2_most_recent,default,,,snowflake
snowflake/app_data/cdc_prod/livestream_ad_history,default,,,snowflake
snowflake/app_data/cdc_prod/livestream_ad_most_recent,default,,,snowflake
snowflake/app_data/cdc_prod/livestream_rtc_history,default,,,snowflake
snowflake/app_data/cdc_prod/livestream_rtc_most_recent,default,,,snowflake
snowflake/app_data/cdc_prod/livestream_tags_history,default,,,snowflake
snowflake/app_data/cdc_prod/livestream_tags_most_recent,default,,,snowflake
snowflake/app_data/cdc_prod/livestream_watchlists_history,default,,,snowflake
snowflake/app_data/cdc_prod/livestream_watchlists_most_recent,default,,,snowflake
snowflake/app_data/cdc_prod/loyalty_achievement_definition_history,default,,,snowflake
snowflake/app_data/cdc_prod/loyalty_achievement_definition_most_recent,default,,,snowflake
snowflake/app_data/cdc_prod/loyalty_achievement_group_history,default,,,snowflake
snowflake/app_data/cdc_prod/loyalty_achievement_group_most_recent,default,,,snowflake
snowflake/app_data/cdc_prod/loyalty_reward_definition_history,default,,,snowflake
snowflake/app_data/cdc_prod/loyalty_reward_definition_most_recent,default,,,snowflake
snowflake/app_data/cdc_prod/loyalty_user_achievement_progress_history,default,,,snowflake
snowflake/app_data/cdc_prod/loyalty_user_achievement_progress_most_recent,default,,,snowflake
snowflake/app_data/cdc_prod/new_seller_group_conversation_history,default,,,snowflake
snowflake/app_data/cdc_prod/new_seller_group_conversation_most_recent,default,,,snowflake
snowflake/app_data/cdc_prod/new_seller_onboarding_session_history,default,,,snowflake
snowflake/app_data/cdc_prod/new_seller_onboarding_session_most_recent,default,,,snowflake
snowflake/app_data/cdc_prod/notification_mutes_history,default,,,snowflake
snowflake/app_data/cdc_prod/notification_mutes_most_recent,default,,,snowflake
snowflake/app_data/cdc_prod/notification_settings_history,default,,,snowflake
snowflake/app_data/cdc_prod/notification_settings_most_recent,default,,,snowflake
snowflake/app_data/cdc_prod/op_reviews_history,default,,,snowflake
snowflake/app_data/cdc_prod/op_reviews_most_recent,default,,,snowflake
snowflake/app_data/cdc_prod/order_items_history,default,,,snowflake
snowflake/app_data/cdc_prod/order_items_most_recent,default,,,snowflake
snowflake/app_data/cdc_prod/order_records_history,default,,,snowflake
snowflake/app_data/cdc_prod/order_records_most_recent,default,,,snowflake
snowflake/app_data/cdc_prod/order_tax_transactions_history,default,,,snowflake
snowflake/app_data/cdc_prod/order_tax_transactions_most_recent,default,,,snowflake
snowflake/app_data/cdc_prod/order_taxes_history,default,,,snowflake
snowflake/app_data/cdc_prod/order_taxes_most_recent,default,,,snowflake
snowflake/app_data/cdc_prod/orders_history,default,,,snowflake
snowflake/app_data/cdc_prod/orders_most_recent,default,,,snowflake
snowflake/app_data/cdc_prod/pack_entries_history,default,,,snowflake
snowflake/app_data/cdc_prod/pack_entries_most_recent,default,,,snowflake
snowflake/app_data/cdc_prod/packs_history,default,,,snowflake
snowflake/app_data/cdc_prod/packs_most_recent,default,,,snowflake
snowflake/app_data/cdc_prod/paid_coupon_data_history,default,,,snowflake
snowflake/app_data/cdc_prod/paid_coupon_data_most_recent,default,,,snowflake
snowflake/app_data/cdc_prod/payment_refund_transaction_audit_logs_history,default,,,snowflake
snowflake/app_data/cdc_prod/payment_refund_transaction_audit_logs_most_recent,default,,,snowflake
snowflake/app_data/cdc_prod/payment_transactions_history,default,,,snowflake
snowflake/app_data/cdc_prod/payment_transactions_most_recent,default,,,snowflake
snowflake/app_data/cdc_prod/payments_history,default,,,snowflake
snowflake/app_data/cdc_prod/payments_most_recent,default,,,snowflake
snowflake/app_data/cdc_prod/payout_accounts_history,default,,,snowflake
snowflake/app_data/cdc_prod/payout_accounts_most_recent,default,,,snowflake
snowflake/app_data/cdc_prod/payouts_history,default,,,snowflake
snowflake/app_data/cdc_prod/payouts_most_recent,default,,,snowflake
snowflake/app_data/cdc_prod/pickup_details_history,default,,,snowflake
snowflake/app_data/cdc_prod/pickup_details_most_recent,default,,,snowflake
snowflake/app_data/cdc_prod/pickup_requests_history,default,,,snowflake
snowflake/app_data/cdc_prod/pickup_requests_most_recent,default,,,snowflake
snowflake/app_data/cdc_prod/platform_charges_history,default,,,snowflake
snowflake/app_data/cdc_prod/platform_charges_most_recent,default,,,snowflake
snowflake/app_data/cdc_prod/pre_signup_referral_contact_history,default,,,snowflake
snowflake/app_data/cdc_prod/pre_signup_referral_contact_most_recent,default,,,snowflake
snowflake/app_data/cdc_prod/pre_signup_seller_application_contacts_history,default,,,snowflake
snowflake/app_data/cdc_prod/pre_signup_seller_application_contacts_most_recent,default,,,snowflake
snowflake/app_data/cdc_prod/premier_shop_evaluations_history,default,,,snowflake
snowflake/app_data/cdc_prod/premier_shop_evaluations_most_recent,default,,,snowflake
snowflake/app_data/cdc_prod/premier_shop_history,default,,,snowflake
snowflake/app_data/cdc_prod/premier_shop_most_recent,default,,,snowflake
snowflake/app_data/cdc_prod/product_classifiers_history,default,,,snowflake
snowflake/app_data/cdc_prod/product_classifiers_most_recent,default,,,snowflake
snowflake/app_data/cdc_prod/product_profile_descriptors_history,default,,,snowflake
snowflake/app_data/cdc_prod/product_profile_descriptors_most_recent,default,,,snowflake
snowflake/app_data/cdc_prod/product_profiles_history,default,,,snowflake
snowflake/app_data/cdc_prod/product_profiles_most_recent,default,,,snowflake
snowflake/app_data/cdc_prod/product_tags_history,default,,,snowflake
snowflake/app_data/cdc_prod/product_tags_most_recent,default,,,snowflake
snowflake/app_data/cdc_prod/product_videos_history,default,,,snowflake
snowflake/app_data/cdc_prod/product_videos_most_recent,default,,,snowflake
snowflake/app_data/cdc_prod/products_history,default,,,snowflake
snowflake/app_data/cdc_prod/products_most_recent,default,,,snowflake
snowflake/app_data/cdc_prod/profile_listings_history,default,,,snowflake
snowflake/app_data/cdc_prod/profile_listings_most_recent,default,,,snowflake
snowflake/app_data/cdc_prod/question_choices_history,default,,,snowflake
snowflake/app_data/cdc_prod/question_choices_most_recent,default,,,snowflake
snowflake/app_data/cdc_prod/quotations_history,default,,,snowflake
snowflake/app_data/cdc_prod/quotations_most_recent,default,,,snowflake
snowflake/app_data/cdc_prod/raffle_drop_bookmarks_history,default,,,snowflake
snowflake/app_data/cdc_prod/raffle_drop_bookmarks_most_recent,default,,,snowflake
snowflake/app_data/cdc_prod/raffle_drop_entries_history,default,,,snowflake
snowflake/app_data/cdc_prod/raffle_drop_entries_most_recent,default,,,snowflake
snowflake/app_data/cdc_prod/raffle_drop_entry_listings_history,default,,,snowflake
snowflake/app_data/cdc_prod/raffle_drop_entry_listings_most_recent,default,,,snowflake
snowflake/app_data/cdc_prod/raffle_drop_entry_shares_history,default,,,snowflake
snowflake/app_data/cdc_prod/raffle_drop_entry_shares_most_recent,default,,,snowflake
snowflake/app_data/cdc_prod/rating_answers_history,default,,,snowflake
snowflake/app_data/cdc_prod/rating_answers_most_recent,default,,,snowflake
snowflake/app_data/cdc_prod/recurring_live_schedules_history,default,,,snowflake
snowflake/app_data/cdc_prod/recurring_live_schedules_most_recent,default,,,snowflake
snowflake/app_data/cdc_prod/referral_challenge_milestone_progress_history,default,,,snowflake
snowflake/app_data/cdc_prod/referral_challenge_milestone_progress_most_recent,default,,,snowflake
snowflake/app_data/cdc_prod/referral_challenge_progress_history,default,,,snowflake
snowflake/app_data/cdc_prod/referral_challenge_progress_most_recent,default,,,snowflake
snowflake/app_data/cdc_prod/referral_challenge_referred_user_history,default,,,snowflake
snowflake/app_data/cdc_prod/referral_challenge_referred_user_most_recent,default,,,snowflake
snowflake/app_data/cdc_prod/referral_codes_history,default,,,snowflake
snowflake/app_data/cdc_prod/referral_codes_most_recent,default,,,snowflake
snowflake/app_data/cdc_prod/referral_credit_pending_reveal_history,default,,,snowflake
snowflake/app_data/cdc_prod/referral_credit_pending_reveal_most_recent,default,,,snowflake
snowflake/app_data/cdc_prod/refund_requests_history,default,,,snowflake
snowflake/app_data/cdc_prod/refund_requests_most_recent,default,,,snowflake
snowflake/app_data/cdc_prod/reportreasons_history,default,,,snowflake
snowflake/app_data/cdc_prod/reportreasons_most_recent,default,,,snowflake
snowflake/app_data/cdc_prod/saved_searches_history,default,,,snowflake
snowflake/app_data/cdc_prod/saved_searches_most_recent,default,,,snowflake
snowflake/app_data/cdc_prod/seller_account_settings_history,default,,,snowflake
snowflake/app_data/cdc_prod/seller_account_settings_most_recent,default,,,snowflake
snowflake/app_data/cdc_prod/seller_activation_states_history,default,,,snowflake
snowflake/app_data/cdc_prod/seller_activation_states_most_recent,default,,,snowflake
snowflake/app_data/cdc_prod/seller_application_states_history,default,,,snowflake
snowflake/app_data/cdc_prod/seller_application_states_most_recent,default,,,snowflake
snowflake/app_data/cdc_prod/seller_default_shipping_settings_history,default,,,snowflake
snowflake/app_data/cdc_prod/seller_default_shipping_settings_most_recent,default,,,snowflake
snowflake/app_data/cdc_prod/seller_incentive_history,default,,,snowflake
snowflake/app_data/cdc_prod/seller_incentive_most_recent,default,,,snowflake
snowflake/app_data/cdc_prod/seller_livestream_shipping_settings_history,default,,,snowflake
snowflake/app_data/cdc_prod/seller_livestream_shipping_settings_most_recent,default,,,snowflake
snowflake/app_data/cdc_prod/seller_loyalty_program_history,default,,,snowflake
snowflake/app_data/cdc_prod/seller_loyalty_program_most_recent,default,,,snowflake
snowflake/app_data/cdc_prod/seller_order_cancellation_reasons_history,default,,,snowflake
snowflake/app_data/cdc_prod/seller_order_cancellation_reasons_most_recent,default,,,snowflake
snowflake/app_data/cdc_prod/seller_promotions_history,default,,,snowflake
snowflake/app_data/cdc_prod/seller_promotions_most_recent,default,,,snowflake
snowflake/app_data/cdc_prod/seller_taxes_history,default,,,snowflake
snowflake/app_data/cdc_prod/seller_taxes_most_recent,default,,,snowflake
snowflake/app_data/cdc_prod/share_url_history,default,,,snowflake
snowflake/app_data/cdc_prod/share_url_most_recent,default,,,snowflake
snowflake/app_data/cdc_prod/sharing_history,default,,,snowflake
snowflake/app_data/cdc_prod/sharing_most_recent,default,,,snowflake
snowflake/app_data/cdc_prod/shipment_insurance_info_history,default,,,snowflake
snowflake/app_data/cdc_prod/shipment_insurance_info_most_recent,default,,,snowflake
snowflake/app_data/cdc_prod/shipment_items_history,default,,,snowflake
snowflake/app_data/cdc_prod/shipment_items_most_recent,default,,,snowflake
snowflake/app_data/cdc_prod/shipments_history,default,,,snowflake
snowflake/app_data/cdc_prod/shipments_most_recent,default,,,snowflake
snowflake/app_data/cdc_prod/shipping_adjustment_line_items_history,default,,,snowflake
snowflake/app_data/cdc_prod/shipping_adjustment_line_items_most_recent,default,,,snowflake
snowflake/app_data/cdc_prod/shipping_adjustments_history,default,,,snowflake
snowflake/app_data/cdc_prod/shipping_adjustments_most_recent,default,,,snowflake
snowflake/app_data/cdc_prod/shipping_credit_usages_history,default,,,snowflake
snowflake/app_data/cdc_prod/shipping_credit_usages_most_recent,default,,,snowflake
snowflake/app_data/cdc_prod/shipping_credits_history,default,,,snowflake
snowflake/app_data/cdc_prod/shipping_credits_most_recent,default,,,snowflake
snowflake/app_data/cdc_prod/shipping_insurance_claims_history,default,,,snowflake
snowflake/app_data/cdc_prod/shipping_insurance_claims_most_recent,default,,,snowflake
snowflake/app_data/cdc_prod/shipping_labels_history,default,,,snowflake
snowflake/app_data/cdc_prod/shipping_labels_most_recent,default,,,snowflake
snowflake/app_data/cdc_prod/shipping_manifests_history,default,,,snowflake
snowflake/app_data/cdc_prod/shipping_manifests_most_recent,default,,,snowflake
snowflake/app_data/cdc_prod/shipping_profiles_history,default,,,snowflake
snowflake/app_data/cdc_prod/shipping_profiles_most_recent,default,,,snowflake
snowflake/app_data/cdc_prod/shipping_users_history,default,,,snowflake
snowflake/app_data/cdc_prod/shipping_users_most_recent,default,,,snowflake
snowflake/app_data/cdc_prod/show_notes_history,default,,,snowflake
snowflake/app_data/cdc_prod/show_notes_most_recent,default,,,snowflake
snowflake/app_data/cdc_prod/smart_contracts_history,default,,,snowflake
snowflake/app_data/cdc_prod/smart_contracts_most_recent,default,,,snowflake
snowflake/app_data/cdc_prod/statement_history,default,,,snowflake
snowflake/app_data/cdc_prod/statement_line_item_history,default,,,snowflake
snowflake/app_data/cdc_prod/statement_line_item_most_recent,default,,,snowflake
snowflake/app_data/cdc_prod/statement_most_recent,default,,,snowflake
snowflake/app_data/cdc_prod/stories_history,default,,,snowflake
snowflake/app_data/cdc_prod/stories_most_recent,default,,,snowflake
snowflake/app_data/cdc_prod/story_listings_history,default,,,snowflake
snowflake/app_data/cdc_prod/story_listings_most_recent,default,,,snowflake
snowflake/app_data/cdc_prod/story_user_actions_history,default,,,snowflake
snowflake/app_data/cdc_prod/story_user_actions_most_recent,default,,,snowflake
snowflake/app_data/cdc_prod/stripe_early_fraud_warnings_history,default,,,snowflake
snowflake/app_data/cdc_prod/stripe_early_fraud_warnings_most_recent,default,,,snowflake
snowflake/app_data/cdc_prod/support_report_reasons_history,default,,,snowflake
snowflake/app_data/cdc_prod/support_report_reasons_most_recent,default,,,snowflake
snowflake/app_data/cdc_prod/surfaces_history,default,,,snowflake
snowflake/app_data/cdc_prod/surfaces_most_recent,default,,,snowflake
snowflake/app_data/cdc_prod/survey_questions_history,default,,,snowflake
snowflake/app_data/cdc_prod/survey_questions_most_recent,default,,,snowflake
snowflake/app_data/cdc_prod/survey_user_answers_history,default,,,snowflake
snowflake/app_data/cdc_prod/survey_user_answers_most_recent,default,,,snowflake
snowflake/app_data/cdc_prod/surveys_history,default,,,snowflake
snowflake/app_data/cdc_prod/surveys_most_recent,default,,,snowflake
snowflake/app_data/cdc_prod/tax_input_items_history,default,,,snowflake
snowflake/app_data/cdc_prod/tax_input_items_most_recent,default,,,snowflake
snowflake/app_data/cdc_prod/tax_line_items_history,default,,,snowflake
snowflake/app_data/cdc_prod/tax_line_items_most_recent,default,,,snowflake
snowflake/app_data/cdc_prod/tax_transactions_history,default,,,snowflake
snowflake/app_data/cdc_prod/tax_transactions_most_recent,default,,,snowflake
snowflake/app_data/cdc_prod/taxonomies_history,default,,,snowflake
snowflake/app_data/cdc_prod/taxonomies_most_recent,default,,,snowflake
snowflake/app_data/cdc_prod/taxonomy_cron_job_history,default,,,snowflake
snowflake/app_data/cdc_prod/taxonomy_cron_job_most_recent,default,,,snowflake
snowflake/app_data/cdc_prod/team_member_invites_history,default,,,snowflake
snowflake/app_data/cdc_prod/team_member_invites_most_recent,default,,,snowflake
snowflake/app_data/cdc_prod/team_members_history,default,,,snowflake
snowflake/app_data/cdc_prod/team_members_most_recent,default,,,snowflake
snowflake/app_data/cdc_prod/time_listing_events_history,default,,,snowflake
snowflake/app_data/cdc_prod/time_listing_events_most_recent,default,,,snowflake
snowflake/app_data/cdc_prod/tips_history,default,,,snowflake
snowflake/app_data/cdc_prod/tips_most_recent,default,,,snowflake
snowflake/app_data/cdc_prod/ts_actions_history,default,,,snowflake
snowflake/app_data/cdc_prod/ts_actions_most_recent,default,,,snowflake
snowflake/app_data/cdc_prod/ts_addresses_history,default,,,snowflake
snowflake/app_data/cdc_prod/ts_addresses_most_recent,default,,,snowflake
snowflake/app_data/cdc_prod/ts_email_template_history,default,,,snowflake
snowflake/app_data/cdc_prod/ts_email_template_most_recent,default,,,snowflake
snowflake/app_data/cdc_prod/ts_fraud_guardrail_exceptions_history,default,,,snowflake
snowflake/app_data/cdc_prod/ts_fraud_guardrail_exceptions_most_recent,default,,,snowflake
snowflake/app_data/cdc_prod/ts_tag_action_history,default,,,snowflake
snowflake/app_data/cdc_prod/ts_tag_action_most_recent,default,,,snowflake
snowflake/app_data/cdc_prod/ts_tags_history,default,,,snowflake
snowflake/app_data/cdc_prod/ts_tags_most_recent,default,,,snowflake
snowflake/app_data/cdc_prod/ts_users_history,default,,,snowflake
snowflake/app_data/cdc_prod/ts_users_most_recent,default,,,snowflake
snowflake/app_data/cdc_prod/ts_violations_history,default,,,snowflake
snowflake/app_data/cdc_prod/ts_violations_most_recent,default,,,snowflake
snowflake/app_data/cdc_prod/unique_item_events_history,default,,,snowflake
snowflake/app_data/cdc_prod/unique_item_events_most_recent,default,,,snowflake
snowflake/app_data/cdc_prod/unique_items_history,default,,,snowflake
snowflake/app_data/cdc_prod/unique_items_most_recent,default,,,snowflake
snowflake/app_data/cdc_prod/unsafe_text_history,default,,,snowflake
snowflake/app_data/cdc_prod/unsafe_text_most_recent,default,,,snowflake
snowflake/app_data/cdc_prod/user_blocking_history,default,,,snowflake
snowflake/app_data/cdc_prod/user_blocking_most_recent,default,,,snowflake
snowflake/app_data/cdc_prod/user_cross_stream_keys_history,default,,,snowflake
snowflake/app_data/cdc_prod/user_cross_stream_keys_most_recent,default,,,snowflake
snowflake/app_data/cdc_prod/user_device_history,default,,,snowflake
snowflake/app_data/cdc_prod/user_device_most_recent,default,,,snowflake
snowflake/app_data/cdc_prod/user_external_oauth_ids_history,default,,,snowflake
snowflake/app_data/cdc_prod/user_external_oauth_ids_most_recent,default,,,snowflake
snowflake/app_data/cdc_prod/user_follows_history,default,,,snowflake
snowflake/app_data/cdc_prod/user_follows_most_recent,default,,,snowflake
snowflake/app_data/cdc_prod/user_loyalty_status_history,default,,,snowflake
snowflake/app_data/cdc_prod/user_loyalty_status_most_recent,default,,,snowflake
snowflake/app_data/cdc_prod/user_object_action_history,default,,,snowflake
snowflake/app_data/cdc_prod/user_object_action_most_recent,default,,,snowflake
snowflake/app_data/cdc_prod/user_permission_action_history,default,,,snowflake
snowflake/app_data/cdc_prod/user_permission_action_most_recent,default,,,snowflake
snowflake/app_data/cdc_prod/user_permissions_history,default,,,snowflake
snowflake/app_data/cdc_prod/user_permissions_most_recent,default,,,snowflake
snowflake/app_data/cdc_prod/user_preferences_history,default,,,snowflake
snowflake/app_data/cdc_prod/user_preferences_most_recent,default,,,snowflake
snowflake/app_data/cdc_prod/user_profiles_history,default,,,snowflake
snowflake/app_data/cdc_prod/user_profiles_most_recent,default,,,snowflake
snowflake/app_data/cdc_prod/user_reports_history,default,,,snowflake
snowflake/app_data/cdc_prod/user_reports_most_recent,default,,,snowflake
snowflake/app_data/cdc_prod/user_state_history,default,,,snowflake
snowflake/app_data/cdc_prod/user_state_most_recent,default,,,snowflake
snowflake/app_data/cdc_prod/user_strikes_history,default,,,snowflake
snowflake/app_data/cdc_prod/user_strikes_most_recent,default,,,snowflake
snowflake/app_data/cdc_prod/users_history,default,,,snowflake
snowflake/app_data/cdc_prod/users_most_recent,default,,,snowflake
snowflake/app_data/cdc_prod/verification_request_line_items_history,default,,,snowflake
snowflake/app_data/cdc_prod/verification_request_line_items_most_recent,default,,,snowflake
snowflake/app_data/cdc_prod/verification_requests_history,default,,,snowflake
snowflake/app_data/cdc_prod/verification_requests_most_recent,default,,,snowflake
snowflake/app_data/cdc_prod/verification_submissions_history,default,,,snowflake
snowflake/app_data/cdc_prod/verification_submissions_most_recent,default,,,snowflake
snowflake/app_data/cdc_prod/videos_history,default,,,snowflake
snowflake/app_data/cdc_prod/videos_most_recent,default,,,snowflake
snowflake/app_data/cdc_prod/wallet_entry_history,default,,,snowflake
snowflake/app_data/cdc_prod/wallet_entry_most_recent,default,,,snowflake
snowflake/app_data/cdc_prod/webhook_events_history,default,,,snowflake
snowflake/app_data/cdc_prod/webhook_events_most_recent,default,,,snowflake
snowflake/app_data/cdc_prod/webhook_subscriptions_history,default,,,snowflake
snowflake/app_data/cdc_prod/webhook_subscriptions_most_recent,default,,,snowflake
snowflake/app_data/livestream_cdc_prod/livestream_history_v2,default,,,snowflake
snowflake/app_data/livestream_cdc_prod/livestream_most_recent,default,,,snowflake
snowflake/app_data/livestream_cdc_prod/livestream_product_history_v2,default,,,snowflake
snowflake/app_data/livestream_cdc_prod/livestream_product_most_recent,default,,,snowflake
snowflake/app_data/main_backend_snapshots_prod/ad_auctions,default,,,snowflake
snowflake/app_data/main_backend_snapshots_prod/ad_bandits,default,,,snowflake
snowflake/app_data/main_backend_snapshots_prod/ad_bidding,default,,,snowflake
snowflake/app_data/main_backend_snapshots_prod/ad_campaign_performance_stats,default,,,snowflake
snowflake/app_data/main_backend_snapshots_prod/ad_campaigns,default,,,snowflake
snowflake/app_data/main_backend_snapshots_prod/ad_credit_campaigns,default,,,snowflake
snowflake/app_data/main_backend_snapshots_prod/ad_forecasting_values,default,,,snowflake
snowflake/app_data/main_backend_snapshots_prod/addresses,default,,,snowflake
snowflake/app_data/main_backend_snapshots_prod/addresses_allowlist,default,,,snowflake
snowflake/app_data/main_backend_snapshots_prod/ads_attribution,default,,,snowflake
snowflake/app_data/main_backend_snapshots_prod/api_listing_attributes,default,,,snowflake
snowflake/app_data/main_backend_snapshots_prod/api_product_attributes,default,,,snowflake
snowflake/app_data/main_backend_snapshots_prod/auction_bidders,default,,,snowflake
snowflake/app_data/main_backend_snapshots_prod/auction_info,default,,,snowflake
snowflake/app_data/main_backend_snapshots_prod/brands,default,,,snowflake
snowflake/app_data/main_backend_snapshots_prod/break_spot_options,default,,,snowflake
snowflake/app_data/main_backend_snapshots_prod/break_spots,default,,,snowflake
snowflake/app_data/main_backend_snapshots_prod/breaks,default,,,snowflake
snowflake/app_data/main_backend_snapshots_prod/bulk_imported_listings,default,,,snowflake
snowflake/app_data/main_backend_snapshots_prod/bulk_upload_jobs,default,,,snowflake
snowflake/app_data/main_backend_snapshots_prod/bundling_windows,default,,,snowflake
snowflake/app_data/main_backend_snapshots_prod/buyer_default_shipping_settings,default,,,snowflake
snowflake/app_data/main_backend_snapshots_prod/buyer_livestream_shipping_settings,default,,,snowflake
snowflake/app_data/main_backend_snapshots_prod/cancellation_requests,default,,,snowflake
snowflake/app_data/main_backend_snapshots_prod/cards,default,,,snowflake
snowflake/app_data/main_backend_snapshots_prod/catalog_product_attributes,default,,,snowflake
snowflake/app_data/main_backend_snapshots_prod/catalog_product_type_attributes,default,,,snowflake
snowflake/app_data/main_backend_snapshots_prod/catalog_product_types,default,,,snowflake
snowflake/app_data/main_backend_snapshots_prod/catalog_products,default,,,snowflake
snowflake/app_data/main_backend_snapshots_prod/categories,default,,,snowflake
snowflake/app_data/main_backend_snapshots_prod/category_catalog_product_types,default,,,snowflake
snowflake/app_data/main_backend_snapshots_prod/client_app_install_tokens,default,,,snowflake
snowflake/app_data/main_backend_snapshots_prod/client_app_installs,default,,,snowflake
snowflake/app_data/main_backend_snapshots_prod/client_apps,default,,,snowflake
snowflake/app_data/main_backend_snapshots_prod/community_boost_contributions,default,,,snowflake
snowflake/app_data/main_backend_snapshots_prod/community_boost_jars,default,,,snowflake
snowflake/app_data/main_backend_snapshots_prod/conversation_group_participants,default,,,snowflake
snowflake/app_data/main_backend_snapshots_prod/conversation_groups,default,,,snowflake
snowflake/app_data/main_backend_snapshots_prod/coupon_claims,default,,,snowflake
snowflake/app_data/main_backend_snapshots_prod/coupon_usages,default,,,snowflake
snowflake/app_data/main_backend_snapshots_prod/coupons,default,,,snowflake
snowflake/app_data/main_backend_snapshots_prod/credit_expiry,default,,,snowflake
snowflake/app_data/main_backend_snapshots_prod/cross_stream_status,default,,,snowflake
snowflake/app_data/main_backend_snapshots_prod/currency_conversion_rates,default,,,snowflake
snowflake/app_data/main_backend_snapshots_prod/deal_proposal,default,,,snowflake
snowflake/app_data/main_backend_snapshots_prod/delayed_action_jobs,default,,,snowflake
snowflake/app_data/main_backend_snapshots_prod/editorial_pushes,default,,,snowflake
snowflake/app_data/main_backend_snapshots_prod/entitlements,default,,,snowflake
snowflake/app_data/main_backend_snapshots_prod/entity_relationships,default,,,snowflake
snowflake/app_data/main_backend_snapshots_prod/entity_restrictions,default,,,snowflake
snowflake/app_data/main_backend_snapshots_prod/experiences,default,,,snowflake
snowflake/app_data/main_backend_snapshots_prod/external_product_taxonomy,default,,,snowflake
snowflake/app_data/main_backend_snapshots_prod/friends,default,,,snowflake
snowflake/app_data/main_backend_snapshots_prod/gifting_preferences,default,,,snowflake
snowflake/app_data/main_backend_snapshots_prod/handling_charges,default,,,snowflake
snowflake/app_data/main_backend_snapshots_prod/hits,default,,,snowflake
snowflake/app_data/main_backend_snapshots_prod/images,default,,,snowflake
snowflake/app_data/main_backend_snapshots_prod/impact_clicks,default,,,snowflake
snowflake/app_data/main_backend_snapshots_prod/imported_contacts,default,,,snowflake
snowflake/app_data/main_backend_snapshots_prod/invoice_line_items,default,,,snowflake
snowflake/app_data/main_backend_snapshots_prod/invoices,default,,,snowflake
snowflake/app_data/main_backend_snapshots_prod/item_disputes,default,,,snowflake
snowflake/app_data/main_backend_snapshots_prod/ledger_transactions,default,,,snowflake
snowflake/app_data/main_backend_snapshots_prod/listing_conditions,default,,,snowflake
snowflake/app_data/main_backend_snapshots_prod/listing_properties,default,,,snowflake
snowflake/app_data/main_backend_snapshots_prod/listing_review,default,,,snowflake
snowflake/app_data/main_backend_snapshots_prod/listings,default,,,snowflake
snowflake/app_data/main_backend_snapshots_prod/live_access_restrictions,default,,,snowflake
snowflake/app_data/main_backend_snapshots_prod/live_clip_recording_info,default,,,snowflake
snowflake/app_data/main_backend_snapshots_prod/live_clip_user_actions,default,,,snowflake
snowflake/app_data/main_backend_snapshots_prod/live_clips,default,,,snowflake
snowflake/app_data/main_backend_snapshots_prod/live_listings,default,,,snowflake
snowflake/app_data/main_backend_snapshots_prod/live_recordings,default,,,snowflake
snowflake/app_data/main_backend_snapshots_prod/lives,default,,,snowflake
snowflake/app_data/main_backend_snapshots_prod/lives_v2,default,,,snowflake
snowflake/app_data/main_backend_snapshots_prod/livestream_ad,default,,,snowflake
snowflake/app_data/main_backend_snapshots_prod/livestream_rtc,default,,,snowflake
snowflake/app_data/main_backend_snapshots_prod/livestream_tags,default,,,snowflake
snowflake/app_data/main_backend_snapshots_prod/livestream_watchlists,default,,,snowflake
snowflake/app_data/main_backend_snapshots_prod/loyalty_achievement_definition,default,,,snowflake
snowflake/app_data/main_backend_snapshots_prod/loyalty_achievement_group,default,,,snowflake
snowflake/app_data/main_backend_snapshots_prod/loyalty_reward_definition,default,,,snowflake
snowflake/app_data/main_backend_snapshots_prod/loyalty_user_achievement_progress,default,,,snowflake
snowflake/app_data/main_backend_snapshots_prod/new_seller_group_conversation,default,,,snowflake
snowflake/app_data/main_backend_snapshots_prod/new_seller_onboarding_session,default,,,snowflake
snowflake/app_data/main_backend_snapshots_prod/notification_mutes,default,,,snowflake
snowflake/app_data/main_backend_snapshots_prod/notification_settings,default,,,snowflake
snowflake/app_data/main_backend_snapshots_prod/op_reviews,default,,,snowflake
snowflake/app_data/main_backend_snapshots_prod/order_items,default,,,snowflake
snowflake/app_data/main_backend_snapshots_prod/order_records,default,,,snowflake
snowflake/app_data/main_backend_snapshots_prod/order_tax_transactions,default,,,snowflake
snowflake/app_data/main_backend_snapshots_prod/order_taxes,default,,,snowflake
snowflake/app_data/main_backend_snapshots_prod/orders,default,,,snowflake
snowflake/app_data/main_backend_snapshots_prod/pack_entries,default,,,snowflake
snowflake/app_data/main_backend_snapshots_prod/packs,default,,,snowflake
snowflake/app_data/main_backend_snapshots_prod/paid_coupon_data,default,,,snowflake
snowflake/app_data/main_backend_snapshots_prod/payment_refund_transaction_audit_logs,default,,,snowflake
snowflake/app_data/main_backend_snapshots_prod/payment_transactions,default,,,snowflake
snowflake/app_data/main_backend_snapshots_prod/payments,default,,,snowflake
snowflake/app_data/main_backend_snapshots_prod/payout_accounts,default,,,snowflake
snowflake/app_data/main_backend_snapshots_prod/payouts,default,,,snowflake
snowflake/app_data/main_backend_snapshots_prod/pickup_details,default,,,snowflake
snowflake/app_data/main_backend_snapshots_prod/pickup_requests,default,,,snowflake
snowflake/app_data/main_backend_snapshots_prod/platform_charges,default,,,snowflake
snowflake/app_data/main_backend_snapshots_prod/pre_signup_referral_contact,default,,,snowflake
snowflake/app_data/main_backend_snapshots_prod/pre_signup_seller_application_contacts,default,,,snowflake
snowflake/app_data/main_backend_snapshots_prod/premier_shop,default,,,snowflake
snowflake/app_data/main_backend_snapshots_prod/premier_shop_evaluations,default,,,snowflake
snowflake/app_data/main_backend_snapshots_prod/product_classifiers,default,,,snowflake
snowflake/app_data/main_backend_snapshots_prod/product_profile_descriptors,default,,,snowflake
snowflake/app_data/main_backend_snapshots_prod/product_profiles,default,,,snowflake
snowflake/app_data/main_backend_snapshots_prod/product_tags,default,,,snowflake
snowflake/app_data/main_backend_snapshots_prod/product_videos,default,,,snowflake
snowflake/app_data/main_backend_snapshots_prod/products,default,,,snowflake
snowflake/app_data/main_backend_snapshots_prod/profile_listings,default,,,snowflake
snowflake/app_data/main_backend_snapshots_prod/question_choices,default,,,snowflake
snowflake/app_data/main_backend_snapshots_prod/quotations,default,,,snowflake
snowflake/app_data/main_backend_snapshots_prod/raffle_drop_bookmarks,default,,,snowflake
snowflake/app_data/main_backend_snapshots_prod/raffle_drop_entries,default,,,snowflake
snowflake/app_data/main_backend_snapshots_prod/raffle_drop_entry_listings,default,,,snowflake
snowflake/app_data/main_backend_snapshots_prod/raffle_drop_entry_shares,default,,,snowflake
snowflake/app_data/main_backend_snapshots_prod/rating_answers,default,,,snowflake
snowflake/app_data/main_backend_snapshots_prod/recurring_live_schedules,default,,,snowflake
snowflake/app_data/main_backend_snapshots_prod/referral_challenge_milestone_progress,default,,,snowflake
snowflake/app_data/main_backend_snapshots_prod/referral_challenge_progress,default,,,snowflake
snowflake/app_data/main_backend_snapshots_prod/referral_challenge_referred_user,default,,,snowflake
snowflake/app_data/main_backend_snapshots_prod/referral_codes,default,,,snowflake
snowflake/app_data/main_backend_snapshots_prod/referral_credit_pending_reveal,default,,,snowflake
snowflake/app_data/main_backend_snapshots_prod/refund_requests,default,,,snowflake
snowflake/app_data/main_backend_snapshots_prod/reportreasons,default,,,snowflake
snowflake/app_data/main_backend_snapshots_prod/saved_searches,default,,,snowflake
snowflake/app_data/main_backend_snapshots_prod/seller_account_settings,default,,,snowflake
snowflake/app_data/main_backend_snapshots_prod/seller_activation_states,default,,,snowflake
snowflake/app_data/main_backend_snapshots_prod/seller_application_states,default,,,snowflake
snowflake/app_data/main_backend_snapshots_prod/seller_default_shipping_settings,default,,,snowflake
snowflake/app_data/main_backend_snapshots_prod/seller_incentive,default,,,snowflake
snowflake/app_data/main_backend_snapshots_prod/seller_livestream_shipping_settings,default,,,snowflake
snowflake/app_data/main_backend_snapshots_prod/seller_loyalty_program,default,,,snowflake
snowflake/app_data/main_backend_snapshots_prod/seller_order_cancellation_reasons,default,,,snowflake
snowflake/app_data/main_backend_snapshots_prod/seller_promotions,default,,,snowflake
snowflake/app_data/main_backend_snapshots_prod/seller_taxes,default,,,snowflake
snowflake/app_data/main_backend_snapshots_prod/share_url,default,,,snowflake
snowflake/app_data/main_backend_snapshots_prod/sharing,default,,,snowflake
snowflake/app_data/main_backend_snapshots_prod/shipment_insurance_info,default,,,snowflake
snowflake/app_data/main_backend_snapshots_prod/shipment_items,default,,,snowflake
snowflake/app_data/main_backend_snapshots_prod/shipments,default,,,snowflake
snowflake/app_data/main_backend_snapshots_prod/shipping_adjustment_line_items,default,,,snowflake
snowflake/app_data/main_backend_snapshots_prod/shipping_adjustments,default,,,snowflake
snowflake/app_data/main_backend_snapshots_prod/shipping_credit_usages,default,,,snowflake
snowflake/app_data/main_backend_snapshots_prod/shipping_credits,default,,,snowflake
snowflake/app_data/main_backend_snapshots_prod/shipping_insurance_claims,default,,,snowflake
snowflake/app_data/main_backend_snapshots_prod/shipping_labels,default,,,snowflake
snowflake/app_data/main_backend_snapshots_prod/shipping_manifests,default,,,snowflake
snowflake/app_data/main_backend_snapshots_prod/shipping_profiles,default,,,snowflake
snowflake/app_data/main_backend_snapshots_prod/shipping_users,default,,,snowflake
snowflake/app_data/main_backend_snapshots_prod/show_notes,default,,,snowflake
snowflake/app_data/main_backend_snapshots_prod/smart_contracts,default,,,snowflake
snowflake/app_data/main_backend_snapshots_prod/statement,default,,,snowflake
snowflake/app_data/main_backend_snapshots_prod/statement_line_item,default,,,snowflake
snowflake/app_data/main_backend_snapshots_prod/stories,default,,,snowflake
snowflake/app_data/main_backend_snapshots_prod/story_listings,default,,,snowflake
snowflake/app_data/main_backend_snapshots_prod/story_user_actions,default,,,snowflake
snowflake/app_data/main_backend_snapshots_prod/stripe_early_fraud_warnings,default,,,snowflake
snowflake/app_data/main_backend_snapshots_prod/support_report_reasons,default,,,snowflake
snowflake/app_data/main_backend_snapshots_prod/surfaces,default,,,snowflake
snowflake/app_data/main_backend_snapshots_prod/survey_questions,default,,,snowflake
snowflake/app_data/main_backend_snapshots_prod/survey_user_answers,default,,,snowflake
snowflake/app_data/main_backend_snapshots_prod/surveys,default,,,snowflake
snowflake/app_data/main_backend_snapshots_prod/tax_input_items,default,,,snowflake
snowflake/app_data/main_backend_snapshots_prod/tax_line_items,default,,,snowflake
snowflake/app_data/main_backend_snapshots_prod/tax_transactions,default,,,snowflake
snowflake/app_data/main_backend_snapshots_prod/taxonomies,default,,,snowflake
snowflake/app_data/main_backend_snapshots_prod/taxonomy_cron_job,default,,,snowflake
snowflake/app_data/main_backend_snapshots_prod/team_member_invites,default,,,snowflake
snowflake/app_data/main_backend_snapshots_prod/team_members,default,,,snowflake
snowflake/app_data/main_backend_snapshots_prod/time_listing_events,default,,,snowflake
snowflake/app_data/main_backend_snapshots_prod/tips,default,,,snowflake
snowflake/app_data/main_backend_snapshots_prod/ts_actions,default,,,snowflake
snowflake/app_data/main_backend_snapshots_prod/ts_addresses,default,,,snowflake
snowflake/app_data/main_backend_snapshots_prod/ts_email_template,default,,,snowflake
snowflake/app_data/main_backend_snapshots_prod/ts_fraud_guardrail_exceptions,default,,,snowflake
snowflake/app_data/main_backend_snapshots_prod/ts_tag_action,default,,,snowflake
snowflake/app_data/main_backend_snapshots_prod/ts_tags,default,,,snowflake
snowflake/app_data/main_backend_snapshots_prod/ts_users,default,,,snowflake
snowflake/app_data/main_backend_snapshots_prod/ts_violations,default,,,snowflake
snowflake/app_data/main_backend_snapshots_prod/unique_item_events,default,,,snowflake
snowflake/app_data/main_backend_snapshots_prod/unique_items,default,,,snowflake
snowflake/app_data/main_backend_snapshots_prod/unsafe_text,default,,,snowflake
snowflake/app_data/main_backend_snapshots_prod/user_blocking,default,,,snowflake
snowflake/app_data/main_backend_snapshots_prod/user_cross_stream_keys,default,,,snowflake
snowflake/app_data/main_backend_snapshots_prod/user_device,default,,,snowflake
snowflake/app_data/main_backend_snapshots_prod/user_external_oauth_ids,default,,,snowflake
snowflake/app_data/main_backend_snapshots_prod/user_follows,default,,,snowflake
snowflake/app_data/main_backend_snapshots_prod/user_loyalty_status,default,,,snowflake
snowflake/app_data/main_backend_snapshots_prod/user_object_action,default,,,snowflake
snowflake/app_data/main_backend_snapshots_prod/user_permission_action,default,,,snowflake
snowflake/app_data/main_backend_snapshots_prod/user_permissions,default,,,snowflake
snowflake/app_data/main_backend_snapshots_prod/user_preferences,default,,,snowflake
snowflake/app_data/main_backend_snapshots_prod/user_profiles,default,,,snowflake
snowflake/app_data/main_backend_snapshots_prod/user_reports,default,,,snowflake
snowflake/app_data/main_backend_snapshots_prod/user_state,default,,,snowflake
snowflake/app_data/main_backend_snapshots_prod/user_strikes,default,,,snowflake
snowflake/app_data/main_backend_snapshots_prod/users,default,,,snowflake
snowflake/app_data/main_backend_snapshots_prod/verification_request_line_items,default,,,snowflake
snowflake/app_data/main_backend_snapshots_prod/verification_requests,default,,,snowflake
snowflake/app_data/main_backend_snapshots_prod/verification_submissions,default,,,snowflake
snowflake/app_data/main_backend_snapshots_prod/videos,default,,,snowflake
snowflake/app_data/main_backend_snapshots_prod/wallet_entry,default,,,snowflake
snowflake/app_data/main_backend_snapshots_prod/webhook_events,default,,,snowflake
snowflake/app_data/main_backend_snapshots_prod/webhook_subscriptions,default,,,snowflake
snowflake/bid_hourly_150_retrain_export_metadata,bid_hourly_150,t4,not_set,snowflake
snowflake/bid_hourly_150_train_export_metadata,bid_hourly_150,t4,not_set,snowflake
snowflake/bid_sec_retrain_export_metadata,bid_sec,t4,not_set,snowflake
snowflake/bid_sec_train_export_metadata,bid_sec,t4,not_set,snowflake
snowflake/bid_tax_ag_retrain_export_metadata,bid_tax_ag,t4,not_set,snowflake
snowflake/bid_tax_ag_train_export_metadata,bid_tax_ag,t4,not_set,snowflake
snowflake/catex/aggregation_asset/enriched_records/enrichment__enriched_records,snowflake__catex,t3,CatEx,snowflake
snowflake/catex/backfill_asset/fix_duplicates_in_assets,snowflake__catex,t3,CatEx,snowflake
snowflake/catex/backfill_asset/fix_fb_address_data,snowflake__catex,t3,CatEx,snowflake
snowflake/catex/backfill_asset/fix_state_in_assets,snowflake__catex,t3,CatEx,snowflake
snowflake/catex/compliance/nullify_pii_data,compliance,t4,not_set,snowflake
snowflake/catex/export_asset/export__seller_lead_personas,snowflake__catex,t3,CatEx,snowflake
snowflake/catex/export_asset/export__seller_lead_scoring,snowflake__catex,t3,CatEx,snowflake
snowflake/catex/export_asset/export__whatnot_seller_data,snowflake__catex,t3,CatEx,snowflake
snowflake/catex/export_asset/outreach_emails/export__outreach_emails,snowflake__catex,t3,CatEx,snowflake
snowflake/catex/monitoring/tt_hashtag_monitoring,snowflake__catex,t3,CatEx,snowflake
snowflake/catex/resource_asset/ebay_profile/enrichment__ebay_data,snowflake__catex,t3,CatEx,snowflake
snowflake/catex/resource_asset/facebook_profile/enrichment__facebook_profiles,snowflake__catex,t3,CatEx,snowflake
snowflake/catex/resource_asset/google_maps/enrichment__google_maps,snowflake__catex,t3,CatEx,snowflake
snowflake/catex/resource_asset/instagram_profile/enrichment__instagram_profiles,snowflake__catex,t3,CatEx,snowflake
snowflake/catex/resource_asset/linktree/enrichment__linktree_data,snowflake__catex,t3,CatEx,snowflake
snowflake/catex/resource_asset/storeleads/enrichment__storeleads,snowflake__catex,t3,CatEx,snowflake
snowflake/catex/resource_asset/tiktok_profile/enrichment__tiktok_profiles,snowflake__catex,t3,CatEx,snowflake
snowflake/catex/resource_asset/website_content/enrichment__website_data,snowflake__catex,t3,CatEx,snowflake
snowflake/catex/resource_asset/website_url/enrichment__website_url_data,snowflake__catex,t3,CatEx,snowflake
snowflake/catex/seeding_asset/seeding__seller_accounts,snowflake__catex,t3,CatEx,snowflake
snowflake/catex/seeding_asset/seeding__seller_leads,snowflake__catex,t3,CatEx,snowflake
snowflake/catex/seeding_asset/seeding__whatnot_sellers,snowflake__catex,t3,CatEx,snowflake
snowflake/chalk/prod/query_fyf_bid_online_query_10bb3b81fcb1017b0d54a2fc8be32e6ab12ed6121ade5c2e96c3e454d6473566_values,default,,,snowflake
snowflake/chalk/prod/query_fyf_bid_online_query_552a2f0ce14584eb73ba7435535f17f11d853c92e195229e9f4d7a5d993db00e_values,default,,,snowflake
snowflake/chalk/prod/query_fyf_bid_online_query_68e69767cb8d95dc7b9d484db4834b7683be45446943e09df75db8045437baa8_values,default,,,snowflake
snowflake/chalk/prod/query_fyf_bid_online_query_818ba8c4dc35c3fe79d6abc488a728e45680170e666478ff867cda296d2c95d6_values,default,,,snowflake
snowflake/chalk/prod/query_fyf_bid_online_query_89d8d8a80cf8afcc31f5bda8e9b79ceff8913553a6845d5277d0326429c2dc74_values,default,,,snowflake
snowflake/chalk/prod/query_log,default,,,snowflake
snowflake/confluent/events_processed_prod/confluent__events_deduped,dbt__whatnot_events,,,snowflake
snowflake/confluent/main_cluster/dedicated_analytics_events,default,,,snowflake
snowflake/data_apps/public/livestream_watches,default,,,snowflake
snowflake/data_apps/public/per_livestream_metrics,default,,,snowflake
snowflake/data_apps/public/seller_lifetime_metrics_v3,default,,,snowflake
snowflake/dbt/applications/a__category_group_mapping,dbt__applications__a__category_group_mapping,t1,unset,snowflake
snowflake/dbt/applications/a__farm_system_sellers,dbt__applications__a__farm_system_sellers,t1,unset,snowflake
snowflake/dbt/applications/airtable__acct_mgmt_activation_levers_calendar,dbt__applications__airtable,t3,DataPlatform,snowflake
snowflake/dbt/applications/airtable__acct_mgmt_budget_request_tracker,dbt__applications__airtable,t3,DataPlatform,snowflake
snowflake/dbt/applications/airtable__affiliate_crm_leads,dbt__applications__airtable,t3,DataPlatform,snowflake
snowflake/dbt/applications/airtable__affiliate_crm_outreach,dbt__applications__airtable,t3,DataPlatform,snowflake
snowflake/dbt/applications/airtable__affiliate_crm_zip,dbt__applications__airtable,t3,DataPlatform,snowflake
snowflake/dbt/applications/airtable__applications_archive_1,dbt__applications__airtable,t3,DataPlatform,snowflake
snowflake/dbt/applications/airtable__applications_archive_overflow,dbt__applications__airtable,t3,DataPlatform,snowflake
snowflake/dbt/applications/airtable__applications_archive_overflow_2,dbt__applications__airtable,t3,DataPlatform,snowflake
snowflake/dbt/applications/airtable__applications_archive_overflow_3,dbt__applications__airtable,t3,DataPlatform,snowflake
snowflake/dbt/applications/airtable__applications_archive_overflow_4,dbt__applications__airtable,t3,DataPlatform,snowflake
snowflake/dbt/applications/airtable__calendly_capacity,dbt__applications__airtable,t3,DataPlatform,snowflake
snowflake/dbt/applications/airtable__calendly_sign_ups,dbt__applications__airtable,t3,DataPlatform,snowflake
snowflake/dbt/applications/airtable__canada,dbt__applications__airtable,t3,DataPlatform,snowflake
snowflake/dbt/applications/airtable__cash_flow_requests,dbt__applications__airtable,t3,DataPlatform,snowflake
snowflake/dbt/applications/airtable__cx_automations_macro_tags,dbt__applications__airtable,t3,DataPlatform,snowflake
snowflake/dbt/applications/airtable__cx_automations_zd_groups,dbt__applications__airtable,t3,DataPlatform,snowflake
snowflake/dbt/applications/airtable__cx_automations_zd_macros,dbt__applications__airtable,t3,DataPlatform,snowflake
snowflake/dbt/applications/airtable__cx_contact_reason_map,dbt__applications__airtable,t3,DataPlatform,snowflake
snowflake/dbt/applications/airtable__gtm_crm_contracts,dbt__applications__airtable,t3,DataPlatform,snowflake
snowflake/dbt/applications/airtable__gtm_crm_deliverables,dbt__applications__airtable,t3,DataPlatform,snowflake
snowflake/dbt/applications/airtable__gtm_crm_influencer,dbt__applications__airtable,t3,DataPlatform,snowflake
snowflake/dbt/applications/airtable__gtm_crm_outreach,dbt__applications__airtable,t3,DataPlatform,snowflake
snowflake/dbt/applications/airtable__gtm_crm_payments,dbt__applications__airtable,t3,DataPlatform,snowflake
snowflake/dbt/applications/airtable__gtm_crm_slack_id,dbt__applications__airtable,t3,DataPlatform,snowflake
snowflake/dbt/applications/airtable__gtm_crm_taxonomy,dbt__applications__airtable,t3,DataPlatform,snowflake
snowflake/dbt/applications/airtable__gtm_crm_tracker,dbt__applications__airtable,t3,DataPlatform,snowflake
snowflake/dbt/applications/airtable__inbound,dbt__applications__airtable,t3,DataPlatform,snowflake
snowflake/dbt/applications/airtable__inbound2,dbt__applications__airtable,t3,DataPlatform,snowflake
snowflake/dbt/applications/airtable__lead_management_existing_sellers,dbt__applications__airtable,t3,DataPlatform,snowflake
snowflake/dbt/applications/airtable__lead_management_leads,dbt__applications__airtable,t3,DataPlatform,snowflake
snowflake/dbt/applications/airtable__lead_management_leads_old,dbt__applications__airtable,t3,DataPlatform,snowflake
snowflake/dbt/applications/airtable__lead_management_requests,dbt__applications__airtable,t3,DataPlatform,snowflake
snowflake/dbt/applications/airtable__quizzes,dbt__applications__airtable,t3,DataPlatform,snowflake
snowflake/dbt/applications/airtable__quizzes2,dbt__applications__airtable,t3,DataPlatform,snowflake
snowflake/dbt/applications/airtable__retroactive_applications,dbt__applications__airtable,t3,DataPlatform,snowflake
snowflake/dbt/applications/airtable__seller_crm_accelerator_contracts,dbt__applications__airtable,t3,DataPlatform,snowflake
snowflake/dbt/applications/airtable__seller_crm_activations_levers,dbt__applications__airtable,t3,DataPlatform,snowflake
snowflake/dbt/applications/airtable__seller_crm_contracts,dbt__applications__airtable,t3,DataPlatform,snowflake
snowflake/dbt/applications/airtable__seller_crm_custom_contracts,dbt__applications__airtable,t3,DataPlatform,snowflake
snowflake/dbt/applications/airtable__seller_crm_parent_child_mapping,dbt__applications__airtable,t3,DataPlatform,snowflake
snowflake/dbt/applications/airtable__seller_crm_payments,dbt__applications__airtable,t3,DataPlatform,snowflake
snowflake/dbt/applications/airtable__seller_crm_standard_contracts,dbt__applications__airtable,t3,DataPlatform,snowflake
snowflake/dbt/applications/airtable__seller_crm_touchpoints,dbt__applications__airtable,t3,DataPlatform,snowflake
snowflake/dbt/applications/airtable__seller_dash_us_account_mapping,dbt__applications__airtable,t3,DataPlatform,snowflake
snowflake/dbt/applications/airtable__seller_dash_us_deal_inputs,dbt__applications__airtable,t3,DataPlatform,snowflake
snowflake/dbt/applications/airtable__seller_influencer_payment_schedules_influencer_payments,dbt__applications__airtable,t3,DataPlatform,snowflake
snowflake/dbt/applications/airtable__seller_influencer_payment_schedules_influencer_requests,dbt__applications__airtable,t3,DataPlatform,snowflake
snowflake/dbt/applications/airtable__seller_influencer_payment_schedules_zip_requests,dbt__applications__airtable,t3,DataPlatform,snowflake
snowflake/dbt/applications/airtable__stg_acct_mgmt_activation_levers_calendar,dbt__applications__airtable,t3,DataPlatform,snowflake
snowflake/dbt/applications/airtable__stg_acct_mgmt_budget_request_tracker,dbt__applications__airtable,t3,DataPlatform,snowflake
snowflake/dbt/applications/airtable__stg_affiliate_crm_leads,dbt__applications__airtable,t3,DataPlatform,snowflake
snowflake/dbt/applications/airtable__stg_affiliate_crm_outreach,dbt__applications__airtable,t3,DataPlatform,snowflake
snowflake/dbt/applications/airtable__stg_affiliate_crm_zip,dbt__applications__airtable,t3,DataPlatform,snowflake
snowflake/dbt/applications/airtable__stg_applications_archive_1,dbt__applications__airtable,t3,DataPlatform,snowflake
snowflake/dbt/applications/airtable__stg_applications_archive_overflow,dbt__applications__airtable,t3,DataPlatform,snowflake
snowflake/dbt/applications/airtable__stg_applications_archive_overflow_2,dbt__applications__airtable,t3,DataPlatform,snowflake
snowflake/dbt/applications/airtable__stg_applications_archive_overflow_3,dbt__applications__airtable,t3,DataPlatform,snowflake
snowflake/dbt/applications/airtable__stg_applications_archive_overflow_4,dbt__applications__airtable,t3,DataPlatform,snowflake
snowflake/dbt/applications/airtable__stg_calendly_capacity,dbt__applications__airtable,t3,DataPlatform,snowflake
snowflake/dbt/applications/airtable__stg_calendly_sign_ups,dbt__applications__airtable,t3,DataPlatform,snowflake
snowflake/dbt/applications/airtable__stg_canada,dbt__applications__airtable,t3,DataPlatform,snowflake
snowflake/dbt/applications/airtable__stg_cash_flow_requests,dbt__applications__airtable,t3,DataPlatform,snowflake
snowflake/dbt/applications/airtable__stg_combined_quizzes,dbt__applications__airtable,t3,DataPlatform,snowflake
snowflake/dbt/applications/airtable__stg_cx_automations_macro_tags,dbt__applications__airtable,t3,DataPlatform,snowflake
snowflake/dbt/applications/airtable__stg_cx_automations_zd_groups,dbt__applications__airtable,t3,DataPlatform,snowflake
snowflake/dbt/applications/airtable__stg_cx_automations_zd_macros,dbt__applications__airtable,t3,DataPlatform,snowflake
snowflake/dbt/applications/airtable__stg_cx_contact_reason_map,dbt__applications__airtable,t3,DataPlatform,snowflake
snowflake/dbt/applications/airtable__stg_gtm_crm_contracts,dbt__applications__airtable,t3,DataPlatform,snowflake
snowflake/dbt/applications/airtable__stg_gtm_crm_deliverables,dbt__applications__airtable,t3,DataPlatform,snowflake
snowflake/dbt/applications/airtable__stg_gtm_crm_influencers,dbt__applications__airtable,t3,DataPlatform,snowflake
snowflake/dbt/applications/airtable__stg_gtm_crm_outreach,dbt__applications__airtable,t3,DataPlatform,snowflake
snowflake/dbt/applications/airtable__stg_gtm_crm_payments,dbt__applications__airtable,t3,DataPlatform,snowflake
snowflake/dbt/applications/airtable__stg_gtm_crm_slack_id,dbt__applications__airtable,t3,DataPlatform,snowflake
snowflake/dbt/applications/airtable__stg_gtm_crm_taxonomy,dbt__applications__airtable,t3,DataPlatform,snowflake
snowflake/dbt/applications/airtable__stg_gtm_crm_tracker,dbt__applications__airtable,t3,DataPlatform,snowflake
snowflake/dbt/applications/airtable__stg_inbound,dbt__applications__airtable,t3,DataPlatform,snowflake
snowflake/dbt/applications/airtable__stg_inbound2,dbt__applications__airtable,t3,DataPlatform,snowflake
snowflake/dbt/applications/airtable__stg_lead_management_existing_sellers,dbt__applications__airtable,t3,DataPlatform,snowflake
snowflake/dbt/applications/airtable__stg_lead_management_leads,dbt__applications__airtable,t3,DataPlatform,snowflake
snowflake/dbt/applications/airtable__stg_lead_management_leads_old,dbt__applications__airtable,t3,DataPlatform,snowflake
snowflake/dbt/applications/airtable__stg_lead_management_requests,dbt__applications__airtable,t3,DataPlatform,snowflake
snowflake/dbt/applications/airtable__stg_retroactive_applications,dbt__applications__airtable,t3,DataPlatform,snowflake
snowflake/dbt/applications/airtable__stg_seller_crm_activations_levers,dbt__applications__airtable,t3,DataPlatform,snowflake
snowflake/dbt/applications/airtable__stg_seller_crm_contracts,dbt__applications__airtable,t3,DataPlatform,snowflake
snowflake/dbt/applications/airtable__stg_seller_crm_parent_child_mapping,dbt__applications__airtable,t3,DataPlatform,snowflake
snowflake/dbt/applications/airtable__stg_seller_crm_payments,dbt__applications__airtable,t3,DataPlatform,snowflake
snowflake/dbt/applications/airtable__stg_seller_crm_touchpoints,dbt__applications__airtable,t3,DataPlatform,snowflake
snowflake/dbt/applications/airtable__stg_seller_dash_us_account_mapping,dbt__applications__airtable,t3,DataPlatform,snowflake
snowflake/dbt/applications/airtable__stg_seller_dash_us_deal_inputs,dbt__applications__airtable,t3,DataPlatform,snowflake
snowflake/dbt/applications/airtable__stg_seller_influencer_payment_schedules_influencer_payments,dbt__applications__airtable,t3,DataPlatform,snowflake
snowflake/dbt/applications/airtable__stg_seller_influencer_payment_schedules_influencer_requests,dbt__applications__airtable,t3,DataPlatform,snowflake
snowflake/dbt/applications/airtable__stg_seller_influencer_payment_schedules_zip_requests,dbt__applications__airtable,t3,DataPlatform,snowflake
snowflake/dbt/applications/airtable__stg_support_cost,dbt__applications__airtable,t3,DataPlatform,snowflake
snowflake/dbt/applications/airtable__stg_support_dim_agent_roster,dbt__applications__airtable,t3,DataPlatform,snowflake
snowflake/dbt/applications/airtable__stg_support_dim_targets,dbt__applications__airtable,t3,DataPlatform,snowflake
snowflake/dbt/applications/airtable__stg_support_fact_attendance_overrides,dbt__applications__airtable,t3,DataPlatform,snowflake
snowflake/dbt/applications/airtable__stg_support_fact_qa_v1,dbt__applications__airtable,t3,DataPlatform,snowflake
snowflake/dbt/applications/airtable__stg_support_fact_qa_v2,dbt__applications__airtable,t3,DataPlatform,snowflake
snowflake/dbt/applications/airtable__stg_support_fact_qa_v3,dbt__applications__airtable,t3,DataPlatform,snowflake
snowflake/dbt/applications/airtable__stg_support_fact_qa_v4,dbt__applications__airtable,t3,DataPlatform,snowflake
snowflake/dbt/applications/airtable__stg_support_fact_qa_v4_ctl,dbt__applications__airtable,t3,DataPlatform,snowflake
snowflake/dbt/applications/airtable__stg_support_fact_technical_escalations,dbt__applications__airtable,t3,DataPlatform,snowflake
snowflake/dbt/applications/airtable__stg_support_fact_voc_review,dbt__applications__airtable,t3,DataPlatform,snowflake
snowflake/dbt/applications/airtable__stg_support_ts_qa,dbt__applications__airtable,t3,DataPlatform,snowflake
snowflake/dbt/applications/airtable__stg_support_ts_qa_v2,dbt__applications__airtable,t3,DataPlatform,snowflake
snowflake/dbt/applications/airtable__stg_support_ts_qa_v2_ctl,dbt__applications__airtable,t3,DataPlatform,snowflake
snowflake/dbt/applications/airtable__stg_support_wfm_activity_by_interval,dbt__applications__airtable,t3,DataPlatform,snowflake
snowflake/dbt/applications/airtable__stg_support_wfm_adherence_hourly,dbt__applications__airtable,t3,DataPlatform,snowflake
snowflake/dbt/applications/airtable__stg_support_wfm_attendance,dbt__applications__airtable,t3,DataPlatform,snowflake
snowflake/dbt/applications/airtable__stg_support_wfm_in_house_stats,dbt__applications__airtable,t3,DataPlatform,snowflake
snowflake/dbt/applications/airtable__stg_support_wfm_in_house_time,dbt__applications__airtable,t3,DataPlatform,snowflake
snowflake/dbt/applications/airtable__stg_support_wfm_schedules,dbt__applications__airtable,t3,DataPlatform,snowflake
snowflake/dbt/applications/airtable__stg_support_wfm_scheduling_detail,dbt__applications__airtable,t3,DataPlatform,snowflake
snowflake/dbt/applications/airtable__stg_support_wfm_tickets_by_day_by_group,dbt__applications__airtable,t3,DataPlatform,snowflake
snowflake/dbt/applications/airtable__stg_support_wfm_ts_daily_aht,dbt__applications__airtable,t3,DataPlatform,snowflake
snowflake/dbt/applications/airtable__stg_support_wfm_ts_scheduled_hours,dbt__applications__airtable,t3,DataPlatform,snowflake
snowflake/dbt/applications/airtable__stg_support_wfm_ts_stats,dbt__applications__airtable,t3,DataPlatform,snowflake
snowflake/dbt/applications/airtable__stg_support_wfm_ts_time,dbt__applications__airtable,t3,DataPlatform,snowflake
snowflake/dbt/applications/airtable__stg_tnr_queue_to_label_mapping,dbt__applications__airtable,t3,DataPlatform,snowflake
snowflake/dbt/applications/airtable__stg_whale_hunting_targets,dbt__applications__airtable,t3,DataPlatform,snowflake
snowflake/dbt/applications/airtable__support_cost,dbt__applications__airtable,t3,DataPlatform,snowflake
snowflake/dbt/applications/airtable__support_dim_agent_roster,dbt__applications__airtable,t3,DataPlatform,snowflake
snowflake/dbt/applications/airtable__support_dim_targets,dbt__applications__airtable,t3,DataPlatform,snowflake
snowflake/dbt/applications/airtable__support_fact_attendance_overrides,dbt__applications__airtable,t3,DataPlatform,snowflake
snowflake/dbt/applications/airtable__support_fact_qa_v1,dbt__applications__airtable,t3,DataPlatform,snowflake
snowflake/dbt/applications/airtable__support_fact_qa_v2,dbt__applications__airtable,t3,DataPlatform,snowflake
snowflake/dbt/applications/airtable__support_fact_qa_v3,dbt__applications__airtable,t3,DataPlatform,snowflake
snowflake/dbt/applications/airtable__support_fact_qa_v4,dbt__applications__airtable,t3,DataPlatform,snowflake
snowflake/dbt/applications/airtable__support_fact_qa_v4_ctl,dbt__applications__airtable,t3,DataPlatform,snowflake
snowflake/dbt/applications/airtable__support_fact_technical_escalations,dbt__applications__airtable,t3,DataPlatform,snowflake
snowflake/dbt/applications/airtable__support_fact_voc_review,dbt__applications__airtable,t3,DataPlatform,snowflake
snowflake/dbt/applications/airtable__support_ts_qa,dbt__applications__airtable,t3,DataPlatform,snowflake
snowflake/dbt/applications/airtable__support_ts_qa_v2,dbt__applications__airtable,t3,DataPlatform,snowflake
snowflake/dbt/applications/airtable__support_ts_qa_v2_ctl,dbt__applications__airtable,t3,DataPlatform,snowflake
snowflake/dbt/applications/airtable__support_wfm_activity_by_interval,dbt__applications__airtable,t3,DataPlatform,snowflake
snowflake/dbt/applications/airtable__support_wfm_adherence_hourly,dbt__applications__airtable,t3,DataPlatform,snowflake
snowflake/dbt/applications/airtable__support_wfm_attendance,dbt__applications__airtable,t3,DataPlatform,snowflake
snowflake/dbt/applications/airtable__support_wfm_in_house_stats,dbt__applications__airtable,t3,DataPlatform,snowflake
snowflake/dbt/applications/airtable__support_wfm_in_house_time,dbt__applications__airtable,t3,DataPlatform,snowflake
snowflake/dbt/applications/airtable__support_wfm_schedules,dbt__applications__airtable,t3,DataPlatform,snowflake
snowflake/dbt/applications/airtable__support_wfm_scheduling_detail,dbt__applications__airtable,t3,DataPlatform,snowflake
snowflake/dbt/applications/airtable__support_wfm_tickets_by_day_by_group,dbt__applications__airtable,t3,DataPlatform,snowflake
snowflake/dbt/applications/airtable__support_wfm_ts_daily_aht,dbt__applications__airtable,t3,DataPlatform,snowflake
snowflake/dbt/applications/airtable__support_wfm_ts_scheduled_hours,dbt__applications__airtable,t3,DataPlatform,snowflake
snowflake/dbt/applications/airtable__support_wfm_ts_stats,dbt__applications__airtable,t3,DataPlatform,snowflake
snowflake/dbt/applications/airtable__support_wfm_ts_time,dbt__applications__airtable,t3,DataPlatform,snowflake
snowflake/dbt/applications/airtable__tnr_queue_to_label_mapping,dbt__applications__airtable,t3,DataPlatform,snowflake
snowflake/dbt/applications/airtable__whale_hunting_targets,dbt__applications__airtable,t3,DataPlatform,snowflake
snowflake/dbt/applications/apple_search_ads__ua_spend,dbt__applications__apple_search_ads,t2,DataPlatform,snowflake
snowflake/dbt/applications/applovin_ads__ua_spend,dbt__applications__applovin_ads,t2,DataPlatform,snowflake
snowflake/dbt/applications/appsflyer__clicks,dbt__applications__appsflyer,t2,DataPlatform,snowflake
snowflake/dbt/applications/appsflyer__clicks_retargeting,dbt__applications__appsflyer,t2,DataPlatform,snowflake
snowflake/dbt/applications/appsflyer__cost_channel,dbt__applications__appsflyer,t2,DataPlatform,snowflake
snowflake/dbt/applications/appsflyer__cost_geo,dbt__applications__appsflyer,t2,DataPlatform,snowflake
snowflake/dbt/applications/appsflyer__cost_summary,dbt__applications__appsflyer,t2,DataPlatform,snowflake
snowflake/dbt/applications/appsflyer__impressions_retargeting,dbt__applications__appsflyer,t2,DataPlatform,snowflake
snowflake/dbt/applications/appsflyer__inapps,dbt__applications__appsflyer,t2,DataPlatform,snowflake
snowflake/dbt/applications/appsflyer__installs,dbt__applications__appsflyer,t2,DataPlatform,snowflake
snowflake/dbt/applications/appsflyer__raw_purchase_events,dbt__applications__appsflyer,t2,DataPlatform,snowflake
snowflake/dbt/applications/appsflyer__reinstalls,dbt__applications__appsflyer,t2,DataPlatform,snowflake
snowflake/dbt/applications/appsflyer__skad_inapps,dbt__applications__appsflyer,t2,DataPlatform,snowflake
snowflake/dbt/applications/appsflyer__skad_installs,dbt__applications__appsflyer,t2,DataPlatform,snowflake
snowflake/dbt/applications/appsflyer__skad_redownloads,dbt__applications__appsflyer,t2,DataPlatform,snowflake
snowflake/dbt/applications/aws__daily_costs_services_accounts,dbt__applications__aws_costs,t2,DataPlatform,snowflake
snowflake/dbt/applications/backend_events__referral_lifecycle,dbt__applications__events,t2,DataPlatform,snowflake
snowflake/dbt/applications/backend_events__shipment_tracking_update,dbt__applications__events,t1,DataPlatform,snowflake
snowflake/dbt/applications/backend_events__shipment_update,dbt__applications__events,t1,DataPlatform,snowflake
snowflake/dbt/applications/backend_events__user_cancelled_order,dbt__applications__events,t1,DataPlatform,snowflake
snowflake/dbt/applications/backend_events__user_flagged_as_bot,dbt__applications__events,t1,DataPlatform,snowflake
snowflake/dbt/applications/braintree__disputes,dbt__applications__braintree,t2,DataPlatform,snowflake
snowflake/dbt/applications/braintree__refunds,dbt__applications__braintree,t2,DataPlatform,snowflake
snowflake/dbt/applications/compliance__audit_logs,dbt__applications__compliance,t1,DataPlatform,snowflake
snowflake/dbt/applications/dagster__asset_edges,dbt__applications__dagster_cloud,t3,DataPlatform,snowflake
snowflake/dbt/applications/dagster__asset_issues,dbt__applications__dagster_cloud,t3,DataPlatform,snowflake
snowflake/dbt/applications/dagster__assets,dbt__applications__dagster_cloud,t3,DataPlatform,snowflake
snowflake/dbt/applications/dagster__dbt_assets,dbt__applications__dagster_cloud,t3,DataPlatform,snowflake
snowflake/dbt/applications/dagster__engine_events,dbt__applications__dagster_cloud,t3,DataPlatform,snowflake
snowflake/dbt/applications/datadog__incidents,dbt__applications__datadog,t2,DataPlatform,snowflake
snowflake/dbt/applications/datadog__mbe_request_logs,dbt__applications__datadog,t2,DataPlatform,snowflake
snowflake/dbt/applications/datadog__rum_crashes,dbt__applications__datadog,t3,DataPlatform,snowflake
snowflake/dbt/applications/datadog__slo_corrections,dbt__applications__datadog,t2,DataPlatform,snowflake
snowflake/dbt/applications/datadog__slo_metrics,dbt__applications__datadog,t3,DataPlatform,snowflake
snowflake/dbt/applications/datadog__slos,dbt__applications__datadog,t3,DataPlatform,snowflake
snowflake/dbt/applications/datadog__stg_incidents,dbt__applications__datadog,t2,DataPlatform,snowflake
snowflake/dbt/applications/datadog__stg_slo_corrections,dbt__applications__datadog,t2,DataPlatform,snowflake
snowflake/dbt/applications/datadog__stg_slos,dbt__applications__datadog,t3,DataPlatform,snowflake
snowflake/dbt/applications/dbt__data_dict,dbt__applications__dbt,t3,DataPlatform,snowflake
snowflake/dbt/applications/dbt__groups,dbt__applications__dbt,t3,DataPlatform,snowflake
snowflake/dbt/applications/dbt__project_graph,dbt__applications__dbt,t3,DataPlatform,snowflake
snowflake/dbt/applications/dbt__run_results,dbt__applications__dbt,t3,DataPlatform,snowflake
snowflake/dbt/applications/dbt__run_results__resource,dbt__applications__dbt,t3,DataPlatform,snowflake
snowflake/dbt/applications/facebook_ads__seller_ad_spend,dbt__applications__facebook_ads,t3,DataPlatform,snowflake
snowflake/dbt/applications/facebook_ads__stg_ad_accounts,dbt__applications__facebook_ads,t3,DataPlatform,snowflake
snowflake/dbt/applications/facebook_ads__stg_ad_sets,dbt__applications__facebook_ads,t3,DataPlatform,snowflake
snowflake/dbt/applications/facebook_ads__stg_ads,dbt__applications__facebook_ads,t3,DataPlatform,snowflake
snowflake/dbt/applications/facebook_ads__stg_campaigns,dbt__applications__facebook_ads,t3,DataPlatform,snowflake
snowflake/dbt/applications/facebook_ads__stg_insights,dbt__applications__facebook_ads,t3,DataPlatform,snowflake
snowflake/dbt/applications/facebook_ads__ua_spend,dbt__applications__facebook_ads,t3,DataPlatform,snowflake
snowflake/dbt/applications/firebase__messaging,dbt__applications__firebase,t2,DataPlatform,snowflake
snowflake/dbt/applications/firebase__stg_attributions,dbt__applications__firebase,t2,DataPlatform,snowflake
snowflake/dbt/applications/firebase__stg_messaging,dbt__applications__firebase,t2,DataPlatform,snowflake
snowflake/dbt/applications/frontend_events__application_opens,dbt__applications__events,t1,DataPlatform,snowflake
snowflake/dbt/applications/frontend_events__legacy_app_versions,dbt__applications__events,t1,DataPlatform,snowflake
snowflake/dbt/applications/frontend_events__tap_live_chat_send_button,dbt__applications__events,t1,DataPlatform,snowflake
snowflake/dbt/applications/google_ads__seller_ad_spend,dbt__applications__google_ads,t3,DataPlatform,snowflake
snowflake/dbt/applications/google_ads__stg_ad_groups,dbt__applications__google_ads,t3,DataPlatform,snowflake
snowflake/dbt/applications/google_ads__stg_ad_performance_reports,dbt__applications__google_ads,t3,DataPlatform,snowflake
snowflake/dbt/applications/google_ads__stg_ads,dbt__applications__google_ads,t3,DataPlatform,snowflake
snowflake/dbt/applications/google_ads__stg_campaign_performance_reports,dbt__applications__google_ads,t3,DataPlatform,snowflake
snowflake/dbt/applications/google_ads__stg_campaigns,dbt__applications__google_ads,t3,DataPlatform,snowflake
snowflake/dbt/applications/google_ads__stg_click_performance_reports,dbt__applications__google_ads,t3,DataPlatform,snowflake
snowflake/dbt/applications/google_ads__ua_spend,dbt__applications__google_ads,t3,DataPlatform,snowflake
snowflake/dbt/applications/hex_app__account_management__gmv_targets,dbt__applications__hex_app,t3,DataPlatform,snowflake
snowflake/dbt/applications/hex_app__company_model_daily_targets,dbt__applications__hex_app,t3,DataPlatform,snowflake
snowflake/dbt/applications/hex_app__company_model_outputs,dbt__applications__hex_app,t3,DataPlatform,snowflake
snowflake/dbt/applications/hex_app__company_model_targets,dbt__applications__hex_app,t3,DataPlatform,snowflake
snowflake/dbt/applications/hex_app__reporting_utils__seller_tags,dbt__applications__hex_app,t3,DataPlatform,snowflake
snowflake/dbt/applications/hex_app__sales__ae_funnel_targets,dbt__applications__hex_app,t3,DataPlatform,snowflake
snowflake/dbt/applications/hex_app__sales__category_cohort_gmv_targets,dbt__applications__hex_app,t3,DataPlatform,snowflake
snowflake/dbt/applications/hex_app__stg_account_management__gmv_targets,dbt__applications__hex_app,t3,DataPlatform,snowflake
snowflake/dbt/applications/hex_app__stg_company_model_daily_targets,dbt__applications__hex_app,t3,DataPlatform,snowflake
snowflake/dbt/applications/hex_app__stg_company_model_outputs,dbt__applications__hex_app,t3,DataPlatform,snowflake
snowflake/dbt/applications/hex_app__stg_company_model_targets,dbt__applications__hex_app,t3,DataPlatform,snowflake
snowflake/dbt/applications/hex_app__stg_reporting_utils__seller_tags,dbt__applications__hex_app,t3,DataPlatform,snowflake
snowflake/dbt/applications/hex_app__stg_sales__ae_funnel_targets,dbt__applications__hex_app,t3,DataPlatform,snowflake
snowflake/dbt/applications/hex_app__stg_sales__category_cohort_gmv_targets,dbt__applications__hex_app,t3,DataPlatform,snowflake
snowflake/dbt/applications/impact__actions,dbt__applications__impact,t2,DataPlatform,snowflake
snowflake/dbt/applications/impact__partners,dbt__applications__impact,t2,DataPlatform,snowflake
snowflake/dbt/applications/jira__issues,dbt__applications__jira,t4,DataPlatform,snowflake
snowflake/dbt/applications/live_auction_service__livestream,dbt__applications__live_auction_service,t1,DataPlatform,snowflake
snowflake/dbt/applications/live_auction_service__livestream_history,dbt__applications__live_auction_service,t1,DataPlatform,snowflake
snowflake/dbt/applications/live_auction_service__livestream_product,dbt__applications__live_auction_service,t1,DataPlatform,snowflake
snowflake/dbt/applications/live_auction_service__livestream_product_history,dbt__applications__live_auction_service,t1,DataPlatform,snowflake
snowflake/dbt/applications/live_service__livestream_bans,dbt__applications__live_service,t2,DataPlatform,snowflake
snowflake/dbt/applications/live_service__livestream_bookmarks,dbt__applications__live_service,t1,DataPlatform,snowflake
snowflake/dbt/applications/live_service__livestream_categories,dbt__applications__live_service,t1,DataPlatform,snowflake
snowflake/dbt/applications/live_service__livestream_media,dbt__applications__live_service,t2,DataPlatform,snowflake
snowflake/dbt/applications/live_service__livestream_products,dbt__applications__live_service,t1,DataPlatform,snowflake
snowflake/dbt/applications/live_service__livestream_tags,dbt__applications__live_service,t1,DataPlatform,snowflake
snowflake/dbt/applications/live_service__livestreams,dbt__applications__live_service,t1,DataPlatform,snowflake
snowflake/dbt/applications/live_service__stg_livestream_history,dbt__applications__live_service,t1,DataPlatform,snowflake
snowflake/dbt/applications/live_service__stg_livestream_metrics,dbt__applications__live_service,t1,DataPlatform,snowflake
snowflake/dbt/applications/live_service__stg_livestream_product_history,dbt__applications__live_service,t1,DataPlatform,snowflake
snowflake/dbt/applications/live_service__stg_livestream_product_metrics,dbt__applications__live_service,t1,DataPlatform,snowflake
snowflake/dbt/applications/live_service__stg_livestream_quantity_product_metrics,dbt__applications__live_service,t1,DataPlatform,snowflake
snowflake/dbt/applications/mailchimp__campaigns,dbt__applications__mailchimp,t2,DataPlatform,snowflake
snowflake/dbt/applications/mailchimp__lists,dbt__applications__mailchimp,t2,DataPlatform,snowflake
snowflake/dbt/applications/main_backend__ad_auctions,dbt__applications__main_backend,t2,Ads,snowflake
snowflake/dbt/applications/main_backend__ad_auctions_history,dbt__applications__main_backend,t2,Ads,snowflake
snowflake/dbt/applications/main_backend__ad_auctions_snapshot,dbt__applications__main_backend,t2,Ads,snowflake
snowflake/dbt/applications/main_backend__ad_bandits,dbt__applications__main_backend,t2,Ads,snowflake
snowflake/dbt/applications/main_backend__ad_bandits_history,dbt__applications__main_backend,t2,Ads,snowflake
snowflake/dbt/applications/main_backend__ad_bandits_snapshot,dbt__applications__main_backend,t2,Ads,snowflake
snowflake/dbt/applications/main_backend__ad_bidding,dbt__applications__main_backend,t2,Ads,snowflake
snowflake/dbt/applications/main_backend__ad_bidding_history,dbt__applications__main_backend,t2,Ads,snowflake
snowflake/dbt/applications/main_backend__ad_bidding_snapshot,dbt__applications__main_backend,t2,Ads,snowflake
snowflake/dbt/applications/main_backend__ad_campaign_performance_stats,dbt__applications__main_backend,t2,Ads,snowflake
snowflake/dbt/applications/main_backend__ad_campaign_performance_stats_history,dbt__applications__main_backend,t2,Ads,snowflake
snowflake/dbt/applications/main_backend__ad_campaign_performance_stats_snapshot,dbt__applications__main_backend,t2,Ads,snowflake
snowflake/dbt/applications/main_backend__ad_campaigns,dbt__applications__main_backend,t2,Ads,snowflake
snowflake/dbt/applications/main_backend__ad_campaigns_history,dbt__applications__main_backend,t2,Ads,snowflake
snowflake/dbt/applications/main_backend__ad_campaigns_snapshot,dbt__applications__main_backend,t2,Ads,snowflake
snowflake/dbt/applications/main_backend__ad_credit_campaigns,dbt__applications__main_backend,t2,Ads,snowflake
snowflake/dbt/applications/main_backend__ad_credit_campaigns_history,dbt__applications__main_backend,t2,Ads,snowflake
snowflake/dbt/applications/main_backend__ad_credit_campaigns_snapshot,dbt__applications__main_backend,t2,Ads,snowflake
snowflake/dbt/applications/main_backend__ad_forecasting_values,dbt__applications__main_backend,t2,Ads,snowflake
snowflake/dbt/applications/main_backend__ad_forecasting_values_history,dbt__applications__main_backend,t2,Ads,snowflake
snowflake/dbt/applications/main_backend__ad_forecasting_values_snapshot,dbt__applications__main_backend,t2,Ads,snowflake
snowflake/dbt/applications/main_backend__addresses,dbt__applications__main_backend,t1,Logistics,snowflake
snowflake/dbt/applications/main_backend__addresses_allowlist,dbt__applications__main_backend,t1,GlobalTrustAndSafety,snowflake
snowflake/dbt/applications/main_backend__addresses_allowlist_history,dbt__applications__main_backend,t1,GlobalTrustAndSafety,snowflake
snowflake/dbt/applications/main_backend__addresses_allowlist_snapshot,dbt__applications__main_backend,t1,GlobalTrustAndSafety,snowflake
snowflake/dbt/applications/main_backend__addresses_history,dbt__applications__main_backend,t1,Logistics,snowflake
snowflake/dbt/applications/main_backend__addresses_snapshot,dbt__applications__main_backend,t1,Logistics,snowflake
snowflake/dbt/applications/main_backend__ads_attribution,dbt__applications__main_backend,t2,Ads,snowflake
snowflake/dbt/applications/main_backend__ads_attribution_history,dbt__applications__main_backend,t2,Ads,snowflake
snowflake/dbt/applications/main_backend__ads_attribution_snapshot,dbt__applications__main_backend,t2,Ads,snowflake
snowflake/dbt/applications/main_backend__api_listing_attributes,dbt__applications__main_backend,t2,Marketplace,snowflake
snowflake/dbt/applications/main_backend__api_listing_attributes_history,dbt__applications__main_backend,t2,Marketplace,snowflake
snowflake/dbt/applications/main_backend__api_listing_attributes_snapshot,dbt__applications__main_backend,t2,Marketplace,snowflake
snowflake/dbt/applications/main_backend__api_product_attributes,dbt__applications__main_backend,t2,Marketplace,snowflake
snowflake/dbt/applications/main_backend__api_product_attributes_history,dbt__applications__main_backend,t2,Marketplace,snowflake
snowflake/dbt/applications/main_backend__api_product_attributes_snapshot,dbt__applications__main_backend,t2,Marketplace,snowflake
snowflake/dbt/applications/main_backend__auction_bidders,dbt__applications__main_backend,t2,Marketplace,snowflake
snowflake/dbt/applications/main_backend__auction_bidders_history,dbt__applications__main_backend,t2,Marketplace,snowflake
snowflake/dbt/applications/main_backend__auction_bidders_snapshot,dbt__applications__main_backend,t2,Marketplace,snowflake
snowflake/dbt/applications/main_backend__auction_info,dbt__applications__main_backend,t1,Marketplace,snowflake
snowflake/dbt/applications/main_backend__auction_info_history,dbt__applications__main_backend,t1,Marketplace,snowflake
snowflake/dbt/applications/main_backend__auction_info_snapshot,dbt__applications__main_backend,t1,Marketplace,snowflake
snowflake/dbt/applications/main_backend__brands,dbt__applications__main_backend,t2,Growth,snowflake
snowflake/dbt/applications/main_backend__brands_history,dbt__applications__main_backend,t2,Growth,snowflake
snowflake/dbt/applications/main_backend__brands_snapshot,dbt__applications__main_backend,t2,Growth,snowflake
snowflake/dbt/applications/main_backend__break_spot_options,dbt__applications__main_backend,t2,Marketplace,snowflake
snowflake/dbt/applications/main_backend__break_spot_options_history,dbt__applications__main_backend,t2,Marketplace,snowflake
snowflake/dbt/applications/main_backend__break_spot_options_snapshot,dbt__applications__main_backend,t2,Marketplace,snowflake
snowflake/dbt/applications/main_backend__break_spots,dbt__applications__main_backend,t2,Marketplace,snowflake
snowflake/dbt/applications/main_backend__break_spots_history,dbt__applications__main_backend,t2,Marketplace,snowflake
snowflake/dbt/applications/main_backend__break_spots_snapshot,dbt__applications__main_backend,t2,Marketplace,snowflake
snowflake/dbt/applications/main_backend__breaks,dbt__applications__main_backend,t1,Marketplace,snowflake
snowflake/dbt/applications/main_backend__breaks_history,dbt__applications__main_backend,t1,Marketplace,snowflake
snowflake/dbt/applications/main_backend__breaks_snapshot,dbt__applications__main_backend,t1,Marketplace,snowflake
snowflake/dbt/applications/main_backend__bulk_imported_listings,dbt__applications__main_backend,t1,Marketplace,snowflake
snowflake/dbt/applications/main_backend__bulk_imported_listings_history,dbt__applications__main_backend,t1,Marketplace,snowflake
snowflake/dbt/applications/main_backend__bulk_imported_listings_snapshot,dbt__applications__main_backend,t1,Marketplace,snowflake
snowflake/dbt/applications/main_backend__bulk_upload_jobs,dbt__applications__main_backend,t2,Marketplace,snowflake
snowflake/dbt/applications/main_backend__bulk_upload_jobs_history,dbt__applications__main_backend,t2,Marketplace,snowflake
snowflake/dbt/applications/main_backend__bulk_upload_jobs_snapshot,dbt__applications__main_backend,t2,Marketplace,snowflake
snowflake/dbt/applications/main_backend__bundling_windows,dbt__applications__main_backend,t1,Logistics,snowflake
snowflake/dbt/applications/main_backend__bundling_windows_history,dbt__applications__main_backend,t1,Logistics,snowflake
snowflake/dbt/applications/main_backend__bundling_windows_snapshot,dbt__applications__main_backend,t1,Logistics,snowflake
snowflake/dbt/applications/main_backend__buyer_default_shipping_settings,dbt__applications__main_backend,t2,Logistics,snowflake
snowflake/dbt/applications/main_backend__buyer_default_shipping_settings_history,dbt__applications__main_backend,t2,Logistics,snowflake
snowflake/dbt/applications/main_backend__buyer_default_shipping_settings_snapshot,dbt__applications__main_backend,t2,Logistics,snowflake
snowflake/dbt/applications/main_backend__buyer_livestream_shipping_settings,dbt__applications__main_backend,t2,Logistics,snowflake
snowflake/dbt/applications/main_backend__buyer_livestream_shipping_settings_history,dbt__applications__main_backend,t2,Logistics,snowflake
snowflake/dbt/applications/main_backend__buyer_livestream_shipping_settings_snapshot,dbt__applications__main_backend,t2,Logistics,snowflake
snowflake/dbt/applications/main_backend__cancellation_requests,dbt__applications__main_backend,t2,Payments,snowflake
snowflake/dbt/applications/main_backend__cancellation_requests_history,dbt__applications__main_backend,t2,Payments,snowflake
snowflake/dbt/applications/main_backend__cancellation_requests_snapshot,dbt__applications__main_backend,t2,Payments,snowflake
snowflake/dbt/applications/main_backend__cards,dbt__applications__main_backend,t1,Payments,snowflake
snowflake/dbt/applications/main_backend__cards_history,dbt__applications__main_backend,t1,Payments,snowflake
snowflake/dbt/applications/main_backend__cards_snapshot,dbt__applications__main_backend,t1,Payments,snowflake
snowflake/dbt/applications/main_backend__catalog_product_attributes,dbt__applications__main_backend,t2,Marketplace,snowflake
snowflake/dbt/applications/main_backend__catalog_product_attributes_history,dbt__applications__main_backend,t2,Marketplace,snowflake
snowflake/dbt/applications/main_backend__catalog_product_attributes_snapshot,dbt__applications__main_backend,t2,Marketplace,snowflake
snowflake/dbt/applications/main_backend__catalog_product_type_attributes,dbt__applications__main_backend,t2,Marketplace,snowflake
snowflake/dbt/applications/main_backend__catalog_product_type_attributes_history,dbt__applications__main_backend,t2,Marketplace,snowflake
snowflake/dbt/applications/main_backend__catalog_product_type_attributes_snapshot,dbt__applications__main_backend,t2,Marketplace,snowflake
snowflake/dbt/applications/main_backend__catalog_product_types,dbt__applications__main_backend,t2,Marketplace,snowflake
snowflake/dbt/applications/main_backend__catalog_product_types_history,dbt__applications__main_backend,t2,Marketplace,snowflake
snowflake/dbt/applications/main_backend__catalog_product_types_snapshot,dbt__applications__main_backend,t2,Marketplace,snowflake
snowflake/dbt/applications/main_backend__catalog_products,dbt__applications__main_backend,t2,Marketplace,snowflake
snowflake/dbt/applications/main_backend__catalog_products_history,dbt__applications__main_backend,t2,Marketplace,snowflake
snowflake/dbt/applications/main_backend__catalog_products_snapshot,dbt__applications__main_backend,t2,Marketplace,snowflake
snowflake/dbt/applications/main_backend__categories,dbt__applications__main_backend,t1,Marketplace,snowflake
snowflake/dbt/applications/main_backend__categories_history,dbt__applications__main_backend,t1,Marketplace,snowflake
snowflake/dbt/applications/main_backend__categories_snapshot,dbt__applications__main_backend,t1,Marketplace,snowflake
snowflake/dbt/applications/main_backend__category_catalog_product_types,dbt__applications__main_backend,t2,Marketplace,snowflake
snowflake/dbt/applications/main_backend__category_catalog_product_types_history,dbt__applications__main_backend,t2,Marketplace,snowflake
snowflake/dbt/applications/main_backend__category_catalog_product_types_snapshot,dbt__applications__main_backend,t2,Marketplace,snowflake
snowflake/dbt/applications/main_backend__client_app_install_tokens,dbt__applications__main_backend,t2,Seller Scaling,snowflake
snowflake/dbt/applications/main_backend__client_app_install_tokens_history,dbt__applications__main_backend,t2,Seller Scaling,snowflake
snowflake/dbt/applications/main_backend__client_app_install_tokens_snapshot,dbt__applications__main_backend,t2,Seller Scaling,snowflake
snowflake/dbt/applications/main_backend__client_app_installs,dbt__applications__main_backend,t2,Seller Scaling,snowflake
snowflake/dbt/applications/main_backend__client_app_installs_history,dbt__applications__main_backend,t2,Seller Scaling,snowflake
snowflake/dbt/applications/main_backend__client_app_installs_snapshot,dbt__applications__main_backend,t2,Seller Scaling,snowflake
snowflake/dbt/applications/main_backend__client_apps,dbt__applications__main_backend,t2,Seller Scaling,snowflake
snowflake/dbt/applications/main_backend__client_apps_history,dbt__applications__main_backend,t2,Seller Scaling,snowflake
snowflake/dbt/applications/main_backend__client_apps_snapshot,dbt__applications__main_backend,t2,Seller Scaling,snowflake
snowflake/dbt/applications/main_backend__community_boost_contributions,dbt__applications__main_backend,t2,Ads,snowflake
snowflake/dbt/applications/main_backend__community_boost_contributions_history,dbt__applications__main_backend,t2,Ads,snowflake
snowflake/dbt/applications/main_backend__community_boost_contributions_snapshot,dbt__applications__main_backend,t2,Ads,snowflake
snowflake/dbt/applications/main_backend__community_boost_jars,dbt__applications__main_backend,t2,Ads,snowflake
snowflake/dbt/applications/main_backend__community_boost_jars_history,dbt__applications__main_backend,t2,Ads,snowflake
snowflake/dbt/applications/main_backend__community_boost_jars_snapshot,dbt__applications__main_backend,t2,Ads,snowflake
snowflake/dbt/applications/main_backend__conversation_group_participants,dbt__applications__main_backend,t2,Community,snowflake
snowflake/dbt/applications/main_backend__conversation_group_participants_history,dbt__applications__main_backend,t2,Community,snowflake
snowflake/dbt/applications/main_backend__conversation_group_participants_snapshot,dbt__applications__main_backend,t2,Community,snowflake
snowflake/dbt/applications/main_backend__conversation_groups,dbt__applications__main_backend,t2,Community,snowflake
snowflake/dbt/applications/main_backend__conversation_groups_history,dbt__applications__main_backend,t2,Community,snowflake
snowflake/dbt/applications/main_backend__conversation_groups_snapshot,dbt__applications__main_backend,t2,Community,snowflake
snowflake/dbt/applications/main_backend__coupon_claims,dbt__applications__main_backend,t2,Community,snowflake
snowflake/dbt/applications/main_backend__coupon_claims_history,dbt__applications__main_backend,t2,Community,snowflake
snowflake/dbt/applications/main_backend__coupon_claims_snapshot,dbt__applications__main_backend,t2,Community,snowflake
snowflake/dbt/applications/main_backend__coupon_usages,dbt__applications__main_backend,t1,Growth,snowflake
snowflake/dbt/applications/main_backend__coupon_usages_history,dbt__applications__main_backend,t1,Growth,snowflake
snowflake/dbt/applications/main_backend__coupon_usages_snapshot,dbt__applications__main_backend,t1,Growth,snowflake
snowflake/dbt/applications/main_backend__coupons,dbt__applications__main_backend,t1,Growth,snowflake
snowflake/dbt/applications/main_backend__coupons_history,dbt__applications__main_backend,t1,Growth,snowflake
snowflake/dbt/applications/main_backend__coupons_snapshot,dbt__applications__main_backend,t1,Growth,snowflake
snowflake/dbt/applications/main_backend__credit_expiry,dbt__applications__main_backend,t2,Ads,snowflake
snowflake/dbt/applications/main_backend__credit_expiry_history,dbt__applications__main_backend,t2,Ads,snowflake
snowflake/dbt/applications/main_backend__credit_expiry_snapshot,dbt__applications__main_backend,t2,Ads,snowflake
snowflake/dbt/applications/main_backend__cross_stream_status,dbt__applications__main_backend,t2,Growth,snowflake
snowflake/dbt/applications/main_backend__cross_stream_status_history,dbt__applications__main_backend,t2,Growth,snowflake
snowflake/dbt/applications/main_backend__cross_stream_status_snapshot,dbt__applications__main_backend,t2,Growth,snowflake
snowflake/dbt/applications/main_backend__currency_conversion_rates,dbt__applications__main_backend,t1,Payments,snowflake
snowflake/dbt/applications/main_backend__currency_conversion_rates_history,dbt__applications__main_backend,t1,Payments,snowflake
snowflake/dbt/applications/main_backend__currency_conversion_rates_snapshot,dbt__applications__main_backend,t1,Payments,snowflake
snowflake/dbt/applications/main_backend__deal_proposal,dbt__applications__main_backend,t2,Payments,snowflake
snowflake/dbt/applications/main_backend__deal_proposal_history,dbt__applications__main_backend,t2,Payments,snowflake
snowflake/dbt/applications/main_backend__deal_proposal_snapshot,dbt__applications__main_backend,t2,Payments,snowflake
snowflake/dbt/applications/main_backend__delayed_action_jobs,dbt__applications__main_backend,t2,Logistics,snowflake
snowflake/dbt/applications/main_backend__delayed_action_jobs_history,dbt__applications__main_backend,t2,Logistics,snowflake
snowflake/dbt/applications/main_backend__delayed_action_jobs_snapshot,dbt__applications__main_backend,t2,Logistics,snowflake
snowflake/dbt/applications/main_backend__editorial_pushes,dbt__applications__main_backend,t2,Growth,snowflake
snowflake/dbt/applications/main_backend__editorial_pushes_history,dbt__applications__main_backend,t2,Growth,snowflake
snowflake/dbt/applications/main_backend__editorial_pushes_snapshot,dbt__applications__main_backend,t2,Growth,snowflake
snowflake/dbt/applications/main_backend__entitlements,dbt__applications__main_backend,t2,Payments,snowflake
snowflake/dbt/applications/main_backend__entitlements_history,dbt__applications__main_backend,t2,Payments,snowflake
snowflake/dbt/applications/main_backend__entitlements_snapshot,dbt__applications__main_backend,t2,Payments,snowflake
snowflake/dbt/applications/main_backend__entity_relationships,dbt__applications__main_backend,t1,Search,snowflake
snowflake/dbt/applications/main_backend__entity_relationships_history,dbt__applications__main_backend,t1,Search,snowflake
snowflake/dbt/applications/main_backend__entity_relationships_snapshot,dbt__applications__main_backend,t1,Search,snowflake
snowflake/dbt/applications/main_backend__entity_restrictions,dbt__applications__main_backend,t2,GlobalTrustAndSafety,snowflake
snowflake/dbt/applications/main_backend__entity_restrictions_history,dbt__applications__main_backend,t2,GlobalTrustAndSafety,snowflake
snowflake/dbt/applications/main_backend__entity_restrictions_snapshot,dbt__applications__main_backend,t2,GlobalTrustAndSafety,snowflake
snowflake/dbt/applications/main_backend__experiences,dbt__applications__main_backend,t2,Growth,snowflake
snowflake/dbt/applications/main_backend__experiences_history,dbt__applications__main_backend,t2,Growth,snowflake
snowflake/dbt/applications/main_backend__experiences_snapshot,dbt__applications__main_backend,t2,Growth,snowflake
snowflake/dbt/applications/main_backend__external_product_taxonomy,dbt__applications__main_backend,t2,Marketplace,snowflake
snowflake/dbt/applications/main_backend__external_product_taxonomy_history,dbt__applications__main_backend,t2,Marketplace,snowflake
snowflake/dbt/applications/main_backend__external_product_taxonomy_snapshot,dbt__applications__main_backend,t2,Marketplace,snowflake
snowflake/dbt/applications/main_backend__friends,dbt__applications__main_backend,t2,Community,snowflake
snowflake/dbt/applications/main_backend__friends_history,dbt__applications__main_backend,t2,Community,snowflake
snowflake/dbt/applications/main_backend__friends_snapshot,dbt__applications__main_backend,t2,Community,snowflake
snowflake/dbt/applications/main_backend__gifting_preferences,dbt__applications__main_backend,t1,Community,snowflake
snowflake/dbt/applications/main_backend__gifting_preferences_history,dbt__applications__main_backend,t1,Community,snowflake
snowflake/dbt/applications/main_backend__gifting_preferences_snapshot,dbt__applications__main_backend,t1,Community,snowflake
snowflake/dbt/applications/main_backend__handling_charges,dbt__applications__main_backend,t1,Payments,snowflake
snowflake/dbt/applications/main_backend__handling_charges_history,dbt__applications__main_backend,t1,Payments,snowflake
snowflake/dbt/applications/main_backend__handling_charges_snapshot,dbt__applications__main_backend,t1,Payments,snowflake
snowflake/dbt/applications/main_backend__hits,dbt__applications__main_backend,t2,Marketplace,snowflake
snowflake/dbt/applications/main_backend__hits_history,dbt__applications__main_backend,t2,Marketplace,snowflake
snowflake/dbt/applications/main_backend__hits_snapshot,dbt__applications__main_backend,t2,Marketplace,snowflake
snowflake/dbt/applications/main_backend__images,dbt__applications__main_backend,t1,Marketplace,snowflake
snowflake/dbt/applications/main_backend__images_history,dbt__applications__main_backend,t1,Marketplace,snowflake
snowflake/dbt/applications/main_backend__images_snapshot,dbt__applications__main_backend,t1,Marketplace,snowflake
snowflake/dbt/applications/main_backend__impact_clicks,dbt__applications__main_backend,t2,Growth,snowflake
snowflake/dbt/applications/main_backend__impact_clicks_history,dbt__applications__main_backend,t2,Growth,snowflake
snowflake/dbt/applications/main_backend__impact_clicks_snapshot,dbt__applications__main_backend,t2,Growth,snowflake
snowflake/dbt/applications/main_backend__imported_contacts,dbt__applications__main_backend,t2,Community,snowflake
snowflake/dbt/applications/main_backend__imported_contacts_history,dbt__applications__main_backend,t2,Community,snowflake
snowflake/dbt/applications/main_backend__imported_contacts_snapshot,dbt__applications__main_backend,t2,Community,snowflake
snowflake/dbt/applications/main_backend__invoice_line_items,dbt__applications__main_backend,t1,Payments,snowflake
snowflake/dbt/applications/main_backend__invoice_line_items_history,dbt__applications__main_backend,t1,Payments,snowflake
snowflake/dbt/applications/main_backend__invoice_line_items_snapshot,dbt__applications__main_backend,t1,Payments,snowflake
snowflake/dbt/applications/main_backend__invoices,dbt__applications__main_backend,t1,Payments,snowflake
snowflake/dbt/applications/main_backend__invoices_history,dbt__applications__main_backend,t1,Payments,snowflake
snowflake/dbt/applications/main_backend__invoices_snapshot,dbt__applications__main_backend,t1,Payments,snowflake
snowflake/dbt/applications/main_backend__item_disputes,dbt__applications__main_backend,t2,Marketplace,snowflake
snowflake/dbt/applications/main_backend__item_disputes_history,dbt__applications__main_backend,t2,Marketplace,snowflake
snowflake/dbt/applications/main_backend__item_disputes_snapshot,dbt__applications__main_backend,t2,Marketplace,snowflake
snowflake/dbt/applications/main_backend__ledger_transactions,dbt__applications__main_backend,t1,Payments,snowflake
snowflake/dbt/applications/main_backend__ledger_transactions_history,dbt__applications__main_backend,t1,Payments,snowflake
snowflake/dbt/applications/main_backend__ledger_transactions_snapshot,dbt__applications__main_backend,t1,Payments,snowflake
snowflake/dbt/applications/main_backend__listing_conditions,dbt__applications__main_backend,t2,Marketplace,snowflake
snowflake/dbt/applications/main_backend__listing_conditions_history,dbt__applications__main_backend,t2,Marketplace,snowflake
snowflake/dbt/applications/main_backend__listing_conditions_snapshot,dbt__applications__main_backend,t2,Marketplace,snowflake
snowflake/dbt/applications/main_backend__listing_properties,dbt__applications__main_backend,t2,Marketplace,snowflake
snowflake/dbt/applications/main_backend__listing_properties_history,dbt__applications__main_backend,t2,Marketplace,snowflake
snowflake/dbt/applications/main_backend__listing_properties_snapshot,dbt__applications__main_backend,t2,Marketplace,snowflake
snowflake/dbt/applications/main_backend__listing_review,dbt__applications__main_backend,t2,Marketplace,snowflake
snowflake/dbt/applications/main_backend__listing_review_history,dbt__applications__main_backend,t2,Marketplace,snowflake
snowflake/dbt/applications/main_backend__listing_review_snapshot,dbt__applications__main_backend,t2,Marketplace,snowflake
snowflake/dbt/applications/main_backend__listings,dbt__applications__main_backend,t1,Marketplace,snowflake
snowflake/dbt/applications/main_backend__listings_history,dbt__applications__main_backend,t1,Marketplace,snowflake
snowflake/dbt/applications/main_backend__listings_snapshot,dbt__applications__main_backend,t1,Marketplace,snowflake
snowflake/dbt/applications/main_backend__live_access_restrictions,dbt__applications__main_backend,t2,DataPlatform,snowflake
snowflake/dbt/applications/main_backend__live_access_restrictions_history,dbt__applications__main_backend,t2,DataPlatform,snowflake
snowflake/dbt/applications/main_backend__live_access_restrictions_snapshot,dbt__applications__main_backend,t2,DataPlatform,snowflake
snowflake/dbt/applications/main_backend__live_clip_recording_info,dbt__applications__main_backend,t2,AppPlatform,snowflake
snowflake/dbt/applications/main_backend__live_clip_recording_info_history,dbt__applications__main_backend,t2,AppPlatform,snowflake
snowflake/dbt/applications/main_backend__live_clip_recording_info_snapshot,dbt__applications__main_backend,t2,AppPlatform,snowflake
snowflake/dbt/applications/main_backend__live_clip_user_actions,dbt__applications__main_backend,t2,AppPlatform,snowflake
snowflake/dbt/applications/main_backend__live_clip_user_actions_history,dbt__applications__main_backend,t2,AppPlatform,snowflake
snowflake/dbt/applications/main_backend__live_clip_user_actions_snapshot,dbt__applications__main_backend,t2,AppPlatform,snowflake
snowflake/dbt/applications/main_backend__live_clips,dbt__applications__main_backend,t2,AppPlatform,snowflake
snowflake/dbt/applications/main_backend__live_clips_history,dbt__applications__main_backend,t2,AppPlatform,snowflake
snowflake/dbt/applications/main_backend__live_clips_snapshot,dbt__applications__main_backend,t2,AppPlatform,snowflake
snowflake/dbt/applications/main_backend__live_listings,dbt__applications__main_backend,t1,Marketplace,snowflake
snowflake/dbt/applications/main_backend__live_listings_history,dbt__applications__main_backend,t1,Marketplace,snowflake
snowflake/dbt/applications/main_backend__live_listings_snapshot,dbt__applications__main_backend,t1,Marketplace,snowflake
snowflake/dbt/applications/main_backend__live_recordings,dbt__applications__main_backend,t2,AppPlatform,snowflake
snowflake/dbt/applications/main_backend__live_recordings_history,dbt__applications__main_backend,t2,AppPlatform,snowflake
snowflake/dbt/applications/main_backend__live_recordings_snapshot,dbt__applications__main_backend,t2,AppPlatform,snowflake
snowflake/dbt/applications/main_backend__lives,dbt__applications__main_backend,t2,Inventory,snowflake
snowflake/dbt/applications/main_backend__lives_history,dbt__applications__main_backend,t2,Inventory,snowflake
snowflake/dbt/applications/main_backend__lives_snapshot,dbt__applications__main_backend,t2,Inventory,snowflake
snowflake/dbt/applications/main_backend__lives_v2,dbt__applications__main_backend,t2,Inventory,snowflake
snowflake/dbt/applications/main_backend__lives_v2_history,dbt__applications__main_backend,t2,Inventory,snowflake
snowflake/dbt/applications/main_backend__lives_v2_snapshot,dbt__applications__main_backend,t2,Inventory,snowflake
snowflake/dbt/applications/main_backend__livestream_ad,dbt__applications__main_backend,t2,Ads,snowflake
snowflake/dbt/applications/main_backend__livestream_ad_history,dbt__applications__main_backend,t2,Ads,snowflake
snowflake/dbt/applications/main_backend__livestream_ad_snapshot,dbt__applications__main_backend,t2,Ads,snowflake
snowflake/dbt/applications/main_backend__livestream_rtc,dbt__applications__main_backend,t2,AppPlatform,snowflake
snowflake/dbt/applications/main_backend__livestream_rtc_history,dbt__applications__main_backend,t2,AppPlatform,snowflake
snowflake/dbt/applications/main_backend__livestream_rtc_snapshot,dbt__applications__main_backend,t2,AppPlatform,snowflake
snowflake/dbt/applications/main_backend__livestream_tags,dbt__applications__main_backend,t1,Search,snowflake
snowflake/dbt/applications/main_backend__livestream_tags_history,dbt__applications__main_backend,t1,Search,snowflake
snowflake/dbt/applications/main_backend__livestream_tags_snapshot,dbt__applications__main_backend,t1,Search,snowflake
snowflake/dbt/applications/main_backend__livestream_watchlists,dbt__applications__main_backend,t2,AppPlatform,snowflake
snowflake/dbt/applications/main_backend__livestream_watchlists_history,dbt__applications__main_backend,t2,AppPlatform,snowflake
snowflake/dbt/applications/main_backend__livestream_watchlists_snapshot,dbt__applications__main_backend,t2,AppPlatform,snowflake
snowflake/dbt/applications/main_backend__loyalty_achievement_definition,dbt__applications__main_backend,t2,Community,snowflake
snowflake/dbt/applications/main_backend__loyalty_achievement_definition_history,dbt__applications__main_backend,t2,Community,snowflake
snowflake/dbt/applications/main_backend__loyalty_achievement_definition_snapshot,dbt__applications__main_backend,t2,Community,snowflake
snowflake/dbt/applications/main_backend__loyalty_achievement_group,dbt__applications__main_backend,t2,Community,snowflake
snowflake/dbt/applications/main_backend__loyalty_achievement_group_history,dbt__applications__main_backend,t2,Community,snowflake
snowflake/dbt/applications/main_backend__loyalty_achievement_group_snapshot,dbt__applications__main_backend,t2,Community,snowflake
snowflake/dbt/applications/main_backend__loyalty_reward_definition,dbt__applications__main_backend,t2,Community,snowflake
snowflake/dbt/applications/main_backend__loyalty_reward_definition_history,dbt__applications__main_backend,t2,Community,snowflake
snowflake/dbt/applications/main_backend__loyalty_reward_definition_snapshot,dbt__applications__main_backend,t2,Community,snowflake
snowflake/dbt/applications/main_backend__loyalty_user_achievement_progress,dbt__applications__main_backend,t2,Community,snowflake
snowflake/dbt/applications/main_backend__loyalty_user_achievement_progress_history,dbt__applications__main_backend,t2,Community,snowflake
snowflake/dbt/applications/main_backend__loyalty_user_achievement_progress_snapshot,dbt__applications__main_backend,t2,Community,snowflake
snowflake/dbt/applications/main_backend__new_seller_group_conversation,dbt__applications__main_backend,t2,Growth,snowflake
snowflake/dbt/applications/main_backend__new_seller_group_conversation_history,dbt__applications__main_backend,t2,Growth,snowflake
snowflake/dbt/applications/main_backend__new_seller_group_conversation_snapshot,dbt__applications__main_backend,t2,Growth,snowflake
snowflake/dbt/applications/main_backend__new_seller_onboarding_session,dbt__applications__main_backend,t2,Growth,snowflake
snowflake/dbt/applications/main_backend__new_seller_onboarding_session_history,dbt__applications__main_backend,t2,Growth,snowflake
snowflake/dbt/applications/main_backend__new_seller_onboarding_session_snapshot,dbt__applications__main_backend,t2,Growth,snowflake
snowflake/dbt/applications/main_backend__notification_mutes,dbt__applications__main_backend,t2,Growth,snowflake
snowflake/dbt/applications/main_backend__notification_mutes_history,dbt__applications__main_backend,t2,Growth,snowflake
snowflake/dbt/applications/main_backend__notification_mutes_snapshot,dbt__applications__main_backend,t2,Growth,snowflake
snowflake/dbt/applications/main_backend__notification_settings,dbt__applications__main_backend,t2,Growth,snowflake
snowflake/dbt/applications/main_backend__notification_settings_history,dbt__applications__main_backend,t2,Growth,snowflake
snowflake/dbt/applications/main_backend__notification_settings_snapshot,dbt__applications__main_backend,t2,Growth,snowflake
snowflake/dbt/applications/main_backend__op_reviews,dbt__applications__main_backend,t2,AppPlatform,snowflake
snowflake/dbt/applications/main_backend__op_reviews_history,dbt__applications__main_backend,t2,AppPlatform,snowflake
snowflake/dbt/applications/main_backend__op_reviews_snapshot,dbt__applications__main_backend,t2,AppPlatform,snowflake
snowflake/dbt/applications/main_backend__order_items,dbt__applications__main_backend,t1,Payments,snowflake
snowflake/dbt/applications/main_backend__order_items_history,dbt__applications__main_backend,t1,Payments,snowflake
snowflake/dbt/applications/main_backend__order_items_snapshot,dbt__applications__main_backend,t1,Payments,snowflake
snowflake/dbt/applications/main_backend__order_records,dbt__applications__main_backend,t1,Payments,snowflake
snowflake/dbt/applications/main_backend__order_records_history,dbt__applications__main_backend,t1,Payments,snowflake
snowflake/dbt/applications/main_backend__order_records_snapshot,dbt__applications__main_backend,t1,Payments,snowflake
snowflake/dbt/applications/main_backend__order_tax_transactions,dbt__applications__main_backend,t2,Payments,snowflake
snowflake/dbt/applications/main_backend__order_tax_transactions_history,dbt__applications__main_backend,t2,Payments,snowflake
snowflake/dbt/applications/main_backend__order_tax_transactions_snapshot,dbt__applications__main_backend,t2,Payments,snowflake
snowflake/dbt/applications/main_backend__order_taxes,dbt__applications__main_backend,t1,Payments,snowflake
snowflake/dbt/applications/main_backend__order_taxes_history,dbt__applications__main_backend,t1,Payments,snowflake
snowflake/dbt/applications/main_backend__order_taxes_snapshot,dbt__applications__main_backend,t1,Payments,snowflake
snowflake/dbt/applications/main_backend__orders,dbt__applications__main_backend,t1,Payments,snowflake
snowflake/dbt/applications/main_backend__orders_history,dbt__applications__main_backend,t1,Payments,snowflake
snowflake/dbt/applications/main_backend__orders_snapshot,dbt__applications__main_backend,t1,Payments,snowflake
snowflake/dbt/applications/main_backend__pack_entries,dbt__applications__main_backend,t2,Payments,snowflake
snowflake/dbt/applications/main_backend__pack_entries_history,dbt__applications__main_backend,t2,Payments,snowflake
snowflake/dbt/applications/main_backend__pack_entries_snapshot,dbt__applications__main_backend,t2,Payments,snowflake
snowflake/dbt/applications/main_backend__packs,dbt__applications__main_backend,t2,Payments,snowflake
snowflake/dbt/applications/main_backend__packs_history,dbt__applications__main_backend,t2,Payments,snowflake
snowflake/dbt/applications/main_backend__packs_snapshot,dbt__applications__main_backend,t2,Payments,snowflake
snowflake/dbt/applications/main_backend__paid_coupon_data,dbt__applications__main_backend,t2,Growth,snowflake
snowflake/dbt/applications/main_backend__paid_coupon_data_history,dbt__applications__main_backend,t2,Growth,snowflake
snowflake/dbt/applications/main_backend__paid_coupon_data_snapshot,dbt__applications__main_backend,t2,Growth,snowflake
snowflake/dbt/applications/main_backend__payment_refund_transaction_audit_logs,dbt__applications__main_backend,t1,Payments,snowflake
snowflake/dbt/applications/main_backend__payment_refund_transaction_audit_logs_history,dbt__applications__main_backend,t1,Payments,snowflake
snowflake/dbt/applications/main_backend__payment_refund_transaction_audit_logs_snapshot,dbt__applications__main_backend,t1,Payments,snowflake
snowflake/dbt/applications/main_backend__payment_transactions,dbt__applications__main_backend,t1,Payments,snowflake
snowflake/dbt/applications/main_backend__payment_transactions_history,dbt__applications__main_backend,t1,Payments,snowflake
snowflake/dbt/applications/main_backend__payment_transactions_snapshot,dbt__applications__main_backend,t1,Payments,snowflake
snowflake/dbt/applications/main_backend__payments,dbt__applications__main_backend,t1,Payments,snowflake
snowflake/dbt/applications/main_backend__payments_history,dbt__applications__main_backend,t1,Payments,snowflake
snowflake/dbt/applications/main_backend__payments_snapshot,dbt__applications__main_backend,t1,Payments,snowflake
snowflake/dbt/applications/main_backend__payout_accounts,dbt__applications__main_backend,t1,Payments,snowflake
snowflake/dbt/applications/main_backend__payout_accounts_history,dbt__applications__main_backend,t1,Payments,snowflake
snowflake/dbt/applications/main_backend__payout_accounts_snapshot,dbt__applications__main_backend,t1,Payments,snowflake
snowflake/dbt/applications/main_backend__payouts,dbt__applications__main_backend,t1,Payments,snowflake
snowflake/dbt/applications/main_backend__payouts_history,dbt__applications__main_backend,t1,Payments,snowflake
snowflake/dbt/applications/main_backend__payouts_snapshot,dbt__applications__main_backend,t1,Payments,snowflake
snowflake/dbt/applications/main_backend__pickup_details,dbt__applications__main_backend,t1,Logistics,snowflake
snowflake/dbt/applications/main_backend__pickup_details_history,dbt__applications__main_backend,t1,Logistics,snowflake
snowflake/dbt/applications/main_backend__pickup_details_snapshot,dbt__applications__main_backend,t1,Logistics,snowflake
snowflake/dbt/applications/main_backend__pickup_requests,dbt__applications__main_backend,t2,Logistics,snowflake
snowflake/dbt/applications/main_backend__pickup_requests_history,dbt__applications__main_backend,t2,Logistics,snowflake
snowflake/dbt/applications/main_backend__pickup_requests_snapshot,dbt__applications__main_backend,t2,Logistics,snowflake
snowflake/dbt/applications/main_backend__platform_charges,dbt__applications__main_backend,t1,Payments,snowflake
snowflake/dbt/applications/main_backend__platform_charges_history,dbt__applications__main_backend,t1,Payments,snowflake
snowflake/dbt/applications/main_backend__platform_charges_snapshot,dbt__applications__main_backend,t1,Payments,snowflake
snowflake/dbt/applications/main_backend__pre_signup_referral_contact,dbt__applications__main_backend,t2,Growth,snowflake
snowflake/dbt/applications/main_backend__pre_signup_referral_contact_history,dbt__applications__main_backend,t2,Growth,snowflake
snowflake/dbt/applications/main_backend__pre_signup_referral_contact_snapshot,dbt__applications__main_backend,t2,Growth,snowflake
snowflake/dbt/applications/main_backend__pre_signup_seller_application_contacts,dbt__applications__main_backend,t2,Growth,snowflake
snowflake/dbt/applications/main_backend__pre_signup_seller_application_contacts_history,dbt__applications__main_backend,t2,Growth,snowflake
snowflake/dbt/applications/main_backend__pre_signup_seller_application_contacts_snapshot,dbt__applications__main_backend,t2,Growth,snowflake
snowflake/dbt/applications/main_backend__premier_shop,dbt__applications__main_backend,t2,Formats,snowflake
snowflake/dbt/applications/main_backend__premier_shop_evaluations,dbt__applications__main_backend,t2,Formats,snowflake
snowflake/dbt/applications/main_backend__premier_shop_evaluations_history,dbt__applications__main_backend,t2,Formats,snowflake
snowflake/dbt/applications/main_backend__premier_shop_evaluations_snapshot,dbt__applications__main_backend,t2,Formats,snowflake
snowflake/dbt/applications/main_backend__premier_shop_history,dbt__applications__main_backend,t2,Formats,snowflake
snowflake/dbt/applications/main_backend__premier_shop_snapshot,dbt__applications__main_backend,t2,Formats,snowflake
snowflake/dbt/applications/main_backend__product_classifiers,dbt__applications__main_backend,t2,Marketplace,snowflake
snowflake/dbt/applications/main_backend__product_classifiers_history,dbt__applications__main_backend,t2,Marketplace,snowflake
snowflake/dbt/applications/main_backend__product_classifiers_snapshot,dbt__applications__main_backend,t2,Marketplace,snowflake
snowflake/dbt/applications/main_backend__product_profile_descriptors,dbt__applications__main_backend,t2,Marketplace,snowflake
snowflake/dbt/applications/main_backend__product_profile_descriptors_history,dbt__applications__main_backend,t2,Marketplace,snowflake
snowflake/dbt/applications/main_backend__product_profile_descriptors_snapshot,dbt__applications__main_backend,t2,Marketplace,snowflake
snowflake/dbt/applications/main_backend__product_profiles,dbt__applications__main_backend,t2,Marketplace,snowflake
snowflake/dbt/applications/main_backend__product_profiles_history,dbt__applications__main_backend,t2,Marketplace,snowflake
snowflake/dbt/applications/main_backend__product_profiles_snapshot,dbt__applications__main_backend,t2,Marketplace,snowflake
snowflake/dbt/applications/main_backend__product_tags,dbt__applications__main_backend,t2,Marketplace,snowflake
snowflake/dbt/applications/main_backend__product_tags_history,dbt__applications__main_backend,t2,Marketplace,snowflake
snowflake/dbt/applications/main_backend__product_tags_snapshot,dbt__applications__main_backend,t2,Marketplace,snowflake
snowflake/dbt/applications/main_backend__product_videos,dbt__applications__main_backend,t2,Marketplace,snowflake
snowflake/dbt/applications/main_backend__product_videos_history,dbt__applications__main_backend,t2,Marketplace,snowflake
snowflake/dbt/applications/main_backend__product_videos_snapshot,dbt__applications__main_backend,t2,Marketplace,snowflake
snowflake/dbt/applications/main_backend__products,dbt__applications__main_backend,t1,Marketplace,snowflake
snowflake/dbt/applications/main_backend__products_history,dbt__applications__main_backend,t1,Marketplace,snowflake
snowflake/dbt/applications/main_backend__products_snapshot,dbt__applications__main_backend,t1,Marketplace,snowflake
snowflake/dbt/applications/main_backend__profile_listings,dbt__applications__main_backend,t1,Marketplace,snowflake
snowflake/dbt/applications/main_backend__profile_listings_history,dbt__applications__main_backend,t1,Marketplace,snowflake
snowflake/dbt/applications/main_backend__profile_listings_snapshot,dbt__applications__main_backend,t1,Marketplace,snowflake
snowflake/dbt/applications/main_backend__question_choices,dbt__applications__main_backend,t1,CustomerExperienceEngineering,snowflake
snowflake/dbt/applications/main_backend__question_choices_history,dbt__applications__main_backend,t1,CustomerExperienceEngineering,snowflake
snowflake/dbt/applications/main_backend__question_choices_snapshot,dbt__applications__main_backend,t1,CustomerExperienceEngineering,snowflake
snowflake/dbt/applications/main_backend__quotations,dbt__applications__main_backend,t2,Payments,snowflake
snowflake/dbt/applications/main_backend__quotations_history,dbt__applications__main_backend,t2,Payments,snowflake
snowflake/dbt/applications/main_backend__quotations_snapshot,dbt__applications__main_backend,t2,Payments,snowflake
snowflake/dbt/applications/main_backend__raffle_drop_bookmarks,dbt__applications__main_backend,t2,DataPlatform,snowflake
snowflake/dbt/applications/main_backend__raffle_drop_bookmarks_history,dbt__applications__main_backend,t2,DataPlatform,snowflake
snowflake/dbt/applications/main_backend__raffle_drop_bookmarks_snapshot,dbt__applications__main_backend,t2,DataPlatform,snowflake
snowflake/dbt/applications/main_backend__raffle_drop_entries,dbt__applications__main_backend,t2,DataPlatform,snowflake
snowflake/dbt/applications/main_backend__raffle_drop_entries_history,dbt__applications__main_backend,t2,DataPlatform,snowflake
snowflake/dbt/applications/main_backend__raffle_drop_entries_snapshot,dbt__applications__main_backend,t2,DataPlatform,snowflake
snowflake/dbt/applications/main_backend__raffle_drop_entry_listings,dbt__applications__main_backend,t2,DataPlatform,snowflake
snowflake/dbt/applications/main_backend__raffle_drop_entry_listings_history,dbt__applications__main_backend,t2,DataPlatform,snowflake
snowflake/dbt/applications/main_backend__raffle_drop_entry_listings_snapshot,dbt__applications__main_backend,t2,DataPlatform,snowflake
snowflake/dbt/applications/main_backend__raffle_drop_entry_shares,dbt__applications__main_backend,t2,DataPlatform,snowflake
snowflake/dbt/applications/main_backend__raffle_drop_entry_shares_history,dbt__applications__main_backend,t2,DataPlatform,snowflake
snowflake/dbt/applications/main_backend__raffle_drop_entry_shares_snapshot,dbt__applications__main_backend,t2,DataPlatform,snowflake
snowflake/dbt/applications/main_backend__rating_answers,dbt__applications__main_backend,t1,AppPlatform,snowflake
snowflake/dbt/applications/main_backend__rating_answers_history,dbt__applications__main_backend,t1,AppPlatform,snowflake
snowflake/dbt/applications/main_backend__rating_answers_snapshot,dbt__applications__main_backend,t1,AppPlatform,snowflake
snowflake/dbt/applications/main_backend__recurring_live_schedules,dbt__applications__main_backend,t2,Inventory,snowflake
snowflake/dbt/applications/main_backend__recurring_live_schedules_history,dbt__applications__main_backend,t2,Inventory,snowflake
snowflake/dbt/applications/main_backend__recurring_live_schedules_snapshot,dbt__applications__main_backend,t2,Inventory,snowflake
snowflake/dbt/applications/main_backend__referral_challenge_milestone_progress,dbt__applications__main_backend,t2,Growth,snowflake
snowflake/dbt/applications/main_backend__referral_challenge_milestone_progress_history,dbt__applications__main_backend,t2,Growth,snowflake
snowflake/dbt/applications/main_backend__referral_challenge_milestone_progress_snapshot,dbt__applications__main_backend,t2,Growth,snowflake
snowflake/dbt/applications/main_backend__referral_challenge_progress,dbt__applications__main_backend,t2,Growth,snowflake
snowflake/dbt/applications/main_backend__referral_challenge_progress_history,dbt__applications__main_backend,t2,Growth,snowflake
snowflake/dbt/applications/main_backend__referral_challenge_progress_snapshot,dbt__applications__main_backend,t2,Growth,snowflake
snowflake/dbt/applications/main_backend__referral_challenge_referred_user,dbt__applications__main_backend,t2,Growth,snowflake
snowflake/dbt/applications/main_backend__referral_challenge_referred_user_history,dbt__applications__main_backend,t2,Growth,snowflake
snowflake/dbt/applications/main_backend__referral_challenge_referred_user_snapshot,dbt__applications__main_backend,t2,Growth,snowflake
snowflake/dbt/applications/main_backend__referral_codes,dbt__applications__main_backend,t2,Growth,snowflake
snowflake/dbt/applications/main_backend__referral_codes_history,dbt__applications__main_backend,t2,Growth,snowflake
snowflake/dbt/applications/main_backend__referral_codes_snapshot,dbt__applications__main_backend,t2,Growth,snowflake
snowflake/dbt/applications/main_backend__referral_credit_pending_reveal,dbt__applications__main_backend,t2,Growth,snowflake
snowflake/dbt/applications/main_backend__referral_credit_pending_reveal_history,dbt__applications__main_backend,t2,Growth,snowflake
snowflake/dbt/applications/main_backend__referral_credit_pending_reveal_snapshot,dbt__applications__main_backend,t2,Growth,snowflake
snowflake/dbt/applications/main_backend__refund_requests,dbt__applications__main_backend,t1,Payments,snowflake
snowflake/dbt/applications/main_backend__refund_requests_history,dbt__applications__main_backend,t1,Payments,snowflake
snowflake/dbt/applications/main_backend__refund_requests_snapshot,dbt__applications__main_backend,t1,Payments,snowflake
snowflake/dbt/applications/main_backend__report_reasons,dbt__applications__main_backend,t2,GlobalTrustAndSafety,snowflake
snowflake/dbt/applications/main_backend__report_reasons_history,dbt__applications__main_backend,t2,GlobalTrustAndSafety,snowflake
snowflake/dbt/applications/main_backend__report_reasons_snapshot,dbt__applications__main_backend,t2,GlobalTrustAndSafety,snowflake
snowflake/dbt/applications/main_backend__saved_searches,dbt__applications__main_backend,t2,Discovery,snowflake
snowflake/dbt/applications/main_backend__saved_searches_history,dbt__applications__main_backend,t2,Discovery,snowflake
snowflake/dbt/applications/main_backend__saved_searches_snapshot,dbt__applications__main_backend,t2,Discovery,snowflake
snowflake/dbt/applications/main_backend__seller_account_settings,dbt__applications__main_backend,t2,Growth,snowflake
snowflake/dbt/applications/main_backend__seller_account_settings_history,dbt__applications__main_backend,t2,Growth,snowflake
snowflake/dbt/applications/main_backend__seller_account_settings_snapshot,dbt__applications__main_backend,t2,Growth,snowflake
snowflake/dbt/applications/main_backend__seller_activation_states,dbt__applications__main_backend,t2,Growth,snowflake
snowflake/dbt/applications/main_backend__seller_activation_states_history,dbt__applications__main_backend,t2,Growth,snowflake
snowflake/dbt/applications/main_backend__seller_activation_states_snapshot,dbt__applications__main_backend,t2,Growth,snowflake
snowflake/dbt/applications/main_backend__seller_application_states,dbt__applications__main_backend,t2,Growth,snowflake
snowflake/dbt/applications/main_backend__seller_application_states_history,dbt__applications__main_backend,t2,Growth,snowflake
snowflake/dbt/applications/main_backend__seller_application_states_snapshot,dbt__applications__main_backend,t2,Growth,snowflake
snowflake/dbt/applications/main_backend__seller_default_shipping_settings,dbt__applications__main_backend,t2,Logistics,snowflake
snowflake/dbt/applications/main_backend__seller_default_shipping_settings_history,dbt__applications__main_backend,t2,Logistics,snowflake
snowflake/dbt/applications/main_backend__seller_default_shipping_settings_snapshot,dbt__applications__main_backend,t2,Logistics,snowflake
snowflake/dbt/applications/main_backend__seller_incentive,dbt__applications__main_backend,t2,Growth,snowflake
snowflake/dbt/applications/main_backend__seller_incentive_history,dbt__applications__main_backend,t2,Growth,snowflake
snowflake/dbt/applications/main_backend__seller_incentive_snapshot,dbt__applications__main_backend,t2,Growth,snowflake
snowflake/dbt/applications/main_backend__seller_livestream_shipping_settings,dbt__applications__main_backend,t1,Logistics,snowflake
snowflake/dbt/applications/main_backend__seller_livestream_shipping_settings_history,dbt__applications__main_backend,t1,Logistics,snowflake
snowflake/dbt/applications/main_backend__seller_livestream_shipping_settings_snapshot,dbt__applications__main_backend,t1,Logistics,snowflake
snowflake/dbt/applications/main_backend__seller_loyalty_program,dbt__applications__main_backend,t2,Community,snowflake
snowflake/dbt/applications/main_backend__seller_loyalty_program_history,dbt__applications__main_backend,t2,Community,snowflake
snowflake/dbt/applications/main_backend__seller_loyalty_program_snapshot,dbt__applications__main_backend,t2,Community,snowflake
snowflake/dbt/applications/main_backend__seller_order_cancellation_reasons,dbt__applications__main_backend,t2,Payments,snowflake
snowflake/dbt/applications/main_backend__seller_order_cancellation_reasons_history,dbt__applications__main_backend,t2,Payments,snowflake
snowflake/dbt/applications/main_backend__seller_order_cancellation_reasons_snapshot,dbt__applications__main_backend,t2,Payments,snowflake
snowflake/dbt/applications/main_backend__seller_promotions,dbt__applications__main_backend,t2,Payments,snowflake
snowflake/dbt/applications/main_backend__seller_promotions_history,dbt__applications__main_backend,t2,Payments,snowflake
snowflake/dbt/applications/main_backend__seller_promotions_snapshot,dbt__applications__main_backend,t2,Payments,snowflake
snowflake/dbt/applications/main_backend__seller_taxes,dbt__applications__main_backend,t2,Payments,snowflake
snowflake/dbt/applications/main_backend__seller_taxes_history,dbt__applications__main_backend,t2,Payments,snowflake
snowflake/dbt/applications/main_backend__seller_taxes_snapshot,dbt__applications__main_backend,t2,Payments,snowflake
snowflake/dbt/applications/main_backend__share_url,dbt__applications__main_backend,t2,Growth,snowflake
snowflake/dbt/applications/main_backend__share_url_history,dbt__applications__main_backend,t2,Growth,snowflake
snowflake/dbt/applications/main_backend__share_url_snapshot,dbt__applications__main_backend,t2,Growth,snowflake
snowflake/dbt/applications/main_backend__sharing,dbt__applications__main_backend,t1,Growth,snowflake
snowflake/dbt/applications/main_backend__sharing_history,dbt__applications__main_backend,t1,Growth,snowflake
snowflake/dbt/applications/main_backend__sharing_snapshot,dbt__applications__main_backend,t1,Growth,snowflake
snowflake/dbt/applications/main_backend__shipment_insurance_info,dbt__applications__main_backend,t2,Logistics,snowflake
snowflake/dbt/applications/main_backend__shipment_insurance_info_history,dbt__applications__main_backend,t2,Logistics,snowflake
snowflake/dbt/applications/main_backend__shipment_insurance_info_snapshot,dbt__applications__main_backend,t2,Logistics,snowflake
snowflake/dbt/applications/main_backend__shipment_items,dbt__applications__main_backend,t2,Logistics,snowflake
snowflake/dbt/applications/main_backend__shipment_items_history,dbt__applications__main_backend,t2,Logistics,snowflake
snowflake/dbt/applications/main_backend__shipment_items_snapshot,dbt__applications__main_backend,t2,Logistics,snowflake
snowflake/dbt/applications/main_backend__shipments,dbt__applications__main_backend,t1,Logistics,snowflake
snowflake/dbt/applications/main_backend__shipments_history,dbt__applications__main_backend,t1,Logistics,snowflake
snowflake/dbt/applications/main_backend__shipments_snapshot,dbt__applications__main_backend,t1,Logistics,snowflake
snowflake/dbt/applications/main_backend__shipping_adjustment_line_items,dbt__applications__main_backend,t1,Logistics,snowflake
snowflake/dbt/applications/main_backend__shipping_adjustment_line_items_history,dbt__applications__main_backend,t1,Logistics,snowflake
snowflake/dbt/applications/main_backend__shipping_adjustment_line_items_snapshot,dbt__applications__main_backend,t1,Logistics,snowflake
snowflake/dbt/applications/main_backend__shipping_adjustments,dbt__applications__main_backend,t1,Logistics,snowflake
snowflake/dbt/applications/main_backend__shipping_adjustments_history,dbt__applications__main_backend,t1,Logistics,snowflake
snowflake/dbt/applications/main_backend__shipping_adjustments_snapshot,dbt__applications__main_backend,t1,Logistics,snowflake
snowflake/dbt/applications/main_backend__shipping_credit_usages,dbt__applications__main_backend,t1,Logistics,snowflake
snowflake/dbt/applications/main_backend__shipping_credit_usages_history,dbt__applications__main_backend,t1,Logistics,snowflake
snowflake/dbt/applications/main_backend__shipping_credit_usages_snapshot,dbt__applications__main_backend,t1,Logistics,snowflake
snowflake/dbt/applications/main_backend__shipping_credits,dbt__applications__main_backend,t1,Logistics,snowflake
snowflake/dbt/applications/main_backend__shipping_credits_history,dbt__applications__main_backend,t1,Logistics,snowflake
snowflake/dbt/applications/main_backend__shipping_credits_snapshot,dbt__applications__main_backend,t1,Logistics,snowflake
snowflake/dbt/applications/main_backend__shipping_insurance_claims,dbt__applications__main_backend,t1,Logistics,snowflake
snowflake/dbt/applications/main_backend__shipping_insurance_claims_history,dbt__applications__main_backend,t1,Logistics,snowflake
snowflake/dbt/applications/main_backend__shipping_insurance_claims_snapshot,dbt__applications__main_backend,t1,Logistics,snowflake
snowflake/dbt/applications/main_backend__shipping_labels,dbt__applications__main_backend,t1,Logistics,snowflake
snowflake/dbt/applications/main_backend__shipping_labels_history,dbt__applications__main_backend,t1,Logistics,snowflake
snowflake/dbt/applications/main_backend__shipping_labels_snapshot,dbt__applications__main_backend,t1,Logistics,snowflake
snowflake/dbt/applications/main_backend__shipping_manifests,dbt__applications__main_backend,t2,Logistics,snowflake
snowflake/dbt/applications/main_backend__shipping_manifests_history,dbt__applications__main_backend,t2,Logistics,snowflake
snowflake/dbt/applications/main_backend__shipping_manifests_snapshot,dbt__applications__main_backend,t2,Logistics,snowflake
snowflake/dbt/applications/main_backend__shipping_profiles,dbt__applications__main_backend,t1,Logistics,snowflake
snowflake/dbt/applications/main_backend__shipping_profiles_history,dbt__applications__main_backend,t1,Logistics,snowflake
snowflake/dbt/applications/main_backend__shipping_profiles_snapshot,dbt__applications__main_backend,t1,Logistics,snowflake
snowflake/dbt/applications/main_backend__shipping_users,dbt__applications__main_backend,t2,Logistics,snowflake
snowflake/dbt/applications/main_backend__shipping_users_history,dbt__applications__main_backend,t2,Logistics,snowflake
snowflake/dbt/applications/main_backend__shipping_users_snapshot,dbt__applications__main_backend,t2,Logistics,snowflake
snowflake/dbt/applications/main_backend__show_notes,dbt__applications__main_backend,t2,Community,snowflake
snowflake/dbt/applications/main_backend__show_notes_history,dbt__applications__main_backend,t2,Community,snowflake
snowflake/dbt/applications/main_backend__show_notes_snapshot,dbt__applications__main_backend,t2,Community,snowflake
snowflake/dbt/applications/main_backend__smart_contracts,dbt__applications__main_backend,t2,Payments,snowflake
snowflake/dbt/applications/main_backend__smart_contracts_history,dbt__applications__main_backend,t2,Payments,snowflake
snowflake/dbt/applications/main_backend__smart_contracts_snapshot,dbt__applications__main_backend,t2,Payments,snowflake
snowflake/dbt/applications/main_backend__statement,dbt__applications__main_backend,t2,Payments,snowflake
snowflake/dbt/applications/main_backend__statement_history,dbt__applications__main_backend,t2,Payments,snowflake
snowflake/dbt/applications/main_backend__statement_line_item,dbt__applications__main_backend,t2,Payments,snowflake
snowflake/dbt/applications/main_backend__statement_line_item_history,dbt__applications__main_backend,t2,Payments,snowflake
snowflake/dbt/applications/main_backend__statement_line_item_snapshot,dbt__applications__main_backend,t2,Payments,snowflake
snowflake/dbt/applications/main_backend__statement_snapshot,dbt__applications__main_backend,t2,Payments,snowflake
snowflake/dbt/applications/main_backend__stories,dbt__applications__main_backend,t2,Discovery,snowflake
snowflake/dbt/applications/main_backend__stories_history,dbt__applications__main_backend,t2,Discovery,snowflake
snowflake/dbt/applications/main_backend__stories_snapshot,dbt__applications__main_backend,t2,Discovery,snowflake
snowflake/dbt/applications/main_backend__story_listings,dbt__applications__main_backend,t2,Discovery,snowflake
snowflake/dbt/applications/main_backend__story_listings_history,dbt__applications__main_backend,t2,Discovery,snowflake
snowflake/dbt/applications/main_backend__story_listings_snapshot,dbt__applications__main_backend,t2,Discovery,snowflake
snowflake/dbt/applications/main_backend__story_user_actions,dbt__applications__main_backend,t2,Discovery,snowflake
snowflake/dbt/applications/main_backend__story_user_actions_history,dbt__applications__main_backend,t2,Discovery,snowflake
snowflake/dbt/applications/main_backend__story_user_actions_snapshot,dbt__applications__main_backend,t2,Discovery,snowflake
snowflake/dbt/applications/main_backend__stripe_early_fraud_warnings,dbt__applications__main_backend,t2,Payments,snowflake
snowflake/dbt/applications/main_backend__stripe_early_fraud_warnings_history,dbt__applications__main_backend,t2,Payments,snowflake
snowflake/dbt/applications/main_backend__stripe_early_fraud_warnings_snapshot,dbt__applications__main_backend,t2,Payments,snowflake
snowflake/dbt/applications/main_backend__support_report_reasons,dbt__applications__main_backend,t2,CustomerExperienceEngineering,snowflake
snowflake/dbt/applications/main_backend__support_report_reasons_history,dbt__applications__main_backend,t2,CustomerExperienceEngineering,snowflake
snowflake/dbt/applications/main_backend__support_report_reasons_snapshot,dbt__applications__main_backend,t2,CustomerExperienceEngineering,snowflake
snowflake/dbt/applications/main_backend__surfaces,dbt__applications__main_backend,t2,Growth,snowflake
snowflake/dbt/applications/main_backend__surfaces_history,dbt__applications__main_backend,t2,Growth,snowflake
snowflake/dbt/applications/main_backend__surfaces_snapshot,dbt__applications__main_backend,t2,Growth,snowflake
snowflake/dbt/applications/main_backend__survey_questions,dbt__applications__main_backend,t2,Growth,snowflake
snowflake/dbt/applications/main_backend__survey_questions_history,dbt__applications__main_backend,t2,Growth,snowflake
snowflake/dbt/applications/main_backend__survey_questions_snapshot,dbt__applications__main_backend,t2,Growth,snowflake
snowflake/dbt/applications/main_backend__survey_user_answers,dbt__applications__main_backend,t1,Growth,snowflake
snowflake/dbt/applications/main_backend__survey_user_answers_history,dbt__applications__main_backend,t1,Growth,snowflake
snowflake/dbt/applications/main_backend__survey_user_answers_snapshot,dbt__applications__main_backend,t1,Growth,snowflake
snowflake/dbt/applications/main_backend__surveys,dbt__applications__main_backend,t2,Growth,snowflake
snowflake/dbt/applications/main_backend__surveys_history,dbt__applications__main_backend,t2,Growth,snowflake
snowflake/dbt/applications/main_backend__surveys_snapshot,dbt__applications__main_backend,t2,Growth,snowflake
snowflake/dbt/applications/main_backend__tax_input_items,dbt__applications__main_backend,t2,Payments,snowflake
snowflake/dbt/applications/main_backend__tax_input_items_history,dbt__applications__main_backend,t2,Payments,snowflake
snowflake/dbt/applications/main_backend__tax_input_items_snapshot,dbt__applications__main_backend,t2,Payments,snowflake
snowflake/dbt/applications/main_backend__tax_line_items,dbt__applications__main_backend,t2,Payments,snowflake
snowflake/dbt/applications/main_backend__tax_line_items_history,dbt__applications__main_backend,t2,Payments,snowflake
snowflake/dbt/applications/main_backend__tax_line_items_snapshot,dbt__applications__main_backend,t2,Payments,snowflake
snowflake/dbt/applications/main_backend__tax_transactions,dbt__applications__main_backend,t2,Payments,snowflake
snowflake/dbt/applications/main_backend__tax_transactions_history,dbt__applications__main_backend,t2,Payments,snowflake
snowflake/dbt/applications/main_backend__tax_transactions_snapshot,dbt__applications__main_backend,t2,Payments,snowflake
snowflake/dbt/applications/main_backend__taxonomies,dbt__applications__main_backend,t1,Search,snowflake
snowflake/dbt/applications/main_backend__taxonomies_history,dbt__applications__main_backend,t1,Search,snowflake
snowflake/dbt/applications/main_backend__taxonomies_snapshot,dbt__applications__main_backend,t1,Search,snowflake
snowflake/dbt/applications/main_backend__taxonomy_cron_job,dbt__applications__main_backend,t2,Discovery,snowflake
snowflake/dbt/applications/main_backend__taxonomy_cron_job_history,dbt__applications__main_backend,t2,Discovery,snowflake
snowflake/dbt/applications/main_backend__taxonomy_cron_job_snapshot,dbt__applications__main_backend,t2,Discovery,snowflake
snowflake/dbt/applications/main_backend__team_member_invites,dbt__applications__main_backend,t2,Seller Scaling,snowflake
snowflake/dbt/applications/main_backend__team_member_invites_history,dbt__applications__main_backend,t2,Seller Scaling,snowflake
snowflake/dbt/applications/main_backend__team_member_invites_snapshot,dbt__applications__main_backend,t2,Seller Scaling,snowflake
snowflake/dbt/applications/main_backend__team_members,dbt__applications__main_backend,t2,Seller Scaling,snowflake
snowflake/dbt/applications/main_backend__team_members_history,dbt__applications__main_backend,t2,Seller Scaling,snowflake
snowflake/dbt/applications/main_backend__team_members_snapshot,dbt__applications__main_backend,t2,Seller Scaling,snowflake
snowflake/dbt/applications/main_backend__time_listing_events,dbt__applications__main_backend,t2,Seller Merchandising,snowflake
snowflake/dbt/applications/main_backend__time_listing_events_history,dbt__applications__main_backend,t2,Seller Merchandising,snowflake
snowflake/dbt/applications/main_backend__time_listing_events_snapshot,dbt__applications__main_backend,t2,Seller Merchandising,snowflake
snowflake/dbt/applications/main_backend__tips,dbt__applications__main_backend,t1,Community,snowflake
snowflake/dbt/applications/main_backend__tips_history,dbt__applications__main_backend,t1,Community,snowflake
snowflake/dbt/applications/main_backend__tips_snapshot,dbt__applications__main_backend,t1,Community,snowflake
snowflake/dbt/applications/main_backend__ts_actions,dbt__applications__main_backend,t1,GlobalTrustAndSafety,snowflake
snowflake/dbt/applications/main_backend__ts_actions_history,dbt__applications__main_backend,t1,GlobalTrustAndSafety,snowflake
snowflake/dbt/applications/main_backend__ts_actions_snapshot,dbt__applications__main_backend,t1,GlobalTrustAndSafety,snowflake
snowflake/dbt/applications/main_backend__ts_addresses,dbt__applications__main_backend,t1,GlobalTrustAndSafety,snowflake
snowflake/dbt/applications/main_backend__ts_addresses_history,dbt__applications__main_backend,t1,GlobalTrustAndSafety,snowflake
snowflake/dbt/applications/main_backend__ts_addresses_snapshot,dbt__applications__main_backend,t1,GlobalTrustAndSafety,snowflake
snowflake/dbt/applications/main_backend__ts_email_template,dbt__applications__main_backend,t2,GlobalTrustAndSafety,snowflake
snowflake/dbt/applications/main_backend__ts_email_template_history,dbt__applications__main_backend,t2,GlobalTrustAndSafety,snowflake
snowflake/dbt/applications/main_backend__ts_email_template_snapshot,dbt__applications__main_backend,t2,GlobalTrustAndSafety,snowflake
snowflake/dbt/applications/main_backend__ts_fraud_guardrail_exceptions,dbt__applications__main_backend,t2,GlobalTrustAndSafety,snowflake
snowflake/dbt/applications/main_backend__ts_fraud_guardrail_exceptions_history,dbt__applications__main_backend,t2,GlobalTrustAndSafety,snowflake
snowflake/dbt/applications/main_backend__ts_fraud_guardrail_exceptions_snapshot,dbt__applications__main_backend,t2,GlobalTrustAndSafety,snowflake
snowflake/dbt/applications/main_backend__ts_tag_action,dbt__applications__main_backend,t1,GlobalTrustAndSafety,snowflake
snowflake/dbt/applications/main_backend__ts_tag_action_history,dbt__applications__main_backend,t1,GlobalTrustAndSafety,snowflake
snowflake/dbt/applications/main_backend__ts_tag_action_snapshot,dbt__applications__main_backend,t1,GlobalTrustAndSafety,snowflake
snowflake/dbt/applications/main_backend__ts_tags,dbt__applications__main_backend,t1,GlobalTrustAndSafety,snowflake
snowflake/dbt/applications/main_backend__ts_tags_history,dbt__applications__main_backend,t1,GlobalTrustAndSafety,snowflake
snowflake/dbt/applications/main_backend__ts_tags_snapshot,dbt__applications__main_backend,t1,GlobalTrustAndSafety,snowflake
snowflake/dbt/applications/main_backend__ts_users,dbt__applications__main_backend,t2,GlobalTrustAndSafety,snowflake
snowflake/dbt/applications/main_backend__ts_users_history,dbt__applications__main_backend,t2,GlobalTrustAndSafety,snowflake
snowflake/dbt/applications/main_backend__ts_users_snapshot,dbt__applications__main_backend,t2,GlobalTrustAndSafety,snowflake
snowflake/dbt/applications/main_backend__ts_violations,dbt__applications__main_backend,t1,GlobalTrustAndSafety,snowflake
snowflake/dbt/applications/main_backend__ts_violations_history,dbt__applications__main_backend,t1,GlobalTrustAndSafety,snowflake
snowflake/dbt/applications/main_backend__ts_violations_snapshot,dbt__applications__main_backend,t1,GlobalTrustAndSafety,snowflake
snowflake/dbt/applications/main_backend__unique_item_events,dbt__applications__main_backend,t2,Marketplace,snowflake
snowflake/dbt/applications/main_backend__unique_item_events_history,dbt__applications__main_backend,t2,Marketplace,snowflake
snowflake/dbt/applications/main_backend__unique_item_events_snapshot,dbt__applications__main_backend,t2,Marketplace,snowflake
snowflake/dbt/applications/main_backend__unique_items,dbt__applications__main_backend,t2,Marketplace,snowflake
snowflake/dbt/applications/main_backend__unique_items_history,dbt__applications__main_backend,t2,Marketplace,snowflake
snowflake/dbt/applications/main_backend__unique_items_snapshot,dbt__applications__main_backend,t2,Marketplace,snowflake
snowflake/dbt/applications/main_backend__unsafe_text,dbt__applications__main_backend,t2,GlobalTrustAndSafety,snowflake
snowflake/dbt/applications/main_backend__unsafe_text_history,dbt__applications__main_backend,t2,GlobalTrustAndSafety,snowflake
snowflake/dbt/applications/main_backend__unsafe_text_snapshot,dbt__applications__main_backend,t2,GlobalTrustAndSafety,snowflake
snowflake/dbt/applications/main_backend__user_blocking,dbt__applications__main_backend,t2,Community,snowflake
snowflake/dbt/applications/main_backend__user_blocking_history,dbt__applications__main_backend,t2,Community,snowflake
snowflake/dbt/applications/main_backend__user_blocking_snapshot,dbt__applications__main_backend,t2,Community,snowflake
snowflake/dbt/applications/main_backend__user_cross_stream_keys,dbt__applications__main_backend,t2,Growth,snowflake
snowflake/dbt/applications/main_backend__user_cross_stream_keys_history,dbt__applications__main_backend,t2,Growth,snowflake
snowflake/dbt/applications/main_backend__user_cross_stream_keys_snapshot,dbt__applications__main_backend,t2,Growth,snowflake
snowflake/dbt/applications/main_backend__user_device,dbt__applications__main_backend,t1,DataPlatform,snowflake
snowflake/dbt/applications/main_backend__user_device_history,dbt__applications__main_backend,t1,DataPlatform,snowflake
snowflake/dbt/applications/main_backend__user_device_snapshot,dbt__applications__main_backend,t1,DataPlatform,snowflake
snowflake/dbt/applications/main_backend__user_external_oauth_ids,dbt__applications__main_backend,t2,DataPlatform,snowflake
snowflake/dbt/applications/main_backend__user_external_oauth_ids_history,dbt__applications__main_backend,t2,DataPlatform,snowflake
snowflake/dbt/applications/main_backend__user_external_oauth_ids_snapshot,dbt__applications__main_backend,t2,DataPlatform,snowflake
snowflake/dbt/applications/main_backend__user_follows,dbt__applications__main_backend,t1,Community,snowflake
snowflake/dbt/applications/main_backend__user_follows_history,dbt__applications__main_backend,t1,Community,snowflake
snowflake/dbt/applications/main_backend__user_follows_snapshot,dbt__applications__main_backend,t1,Community,snowflake
snowflake/dbt/applications/main_backend__user_loyalty_status,dbt__applications__main_backend,t2,Community,snowflake
snowflake/dbt/applications/main_backend__user_loyalty_status_history,dbt__applications__main_backend,t2,Community,snowflake
snowflake/dbt/applications/main_backend__user_loyalty_status_snapshot,dbt__applications__main_backend,t2,Community,snowflake
snowflake/dbt/applications/main_backend__user_object_action,dbt__applications__main_backend,t1,DataPlatform,snowflake
snowflake/dbt/applications/main_backend__user_object_action_history,dbt__applications__main_backend,t1,DataPlatform,snowflake
snowflake/dbt/applications/main_backend__user_object_action_snapshot,dbt__applications__main_backend,t1,DataPlatform,snowflake
snowflake/dbt/applications/main_backend__user_permission_action,dbt__applications__main_backend,t2,GlobalTrustAndSafety,snowflake
snowflake/dbt/applications/main_backend__user_permission_action_history,dbt__applications__main_backend,t2,GlobalTrustAndSafety,snowflake
snowflake/dbt/applications/main_backend__user_permission_action_snapshot,dbt__applications__main_backend,t2,GlobalTrustAndSafety,snowflake
snowflake/dbt/applications/main_backend__user_permissions,dbt__applications__main_backend,t2,GlobalTrustAndSafety,snowflake
snowflake/dbt/applications/main_backend__user_permissions_history,dbt__applications__main_backend,t2,GlobalTrustAndSafety,snowflake
snowflake/dbt/applications/main_backend__user_permissions_snapshot,dbt__applications__main_backend,t2,GlobalTrustAndSafety,snowflake
snowflake/dbt/applications/main_backend__user_preferences,dbt__applications__main_backend,t2,Community,snowflake
snowflake/dbt/applications/main_backend__user_preferences_history,dbt__applications__main_backend,t2,Community,snowflake
snowflake/dbt/applications/main_backend__user_preferences_snapshot,dbt__applications__main_backend,t2,Community,snowflake
snowflake/dbt/applications/main_backend__user_profiles,dbt__applications__main_backend,t1,DataPlatform,snowflake
snowflake/dbt/applications/main_backend__user_profiles_history,dbt__applications__main_backend,t1,DataPlatform,snowflake
snowflake/dbt/applications/main_backend__user_profiles_snapshot,dbt__applications__main_backend,t1,DataPlatform,snowflake
snowflake/dbt/applications/main_backend__user_reports,dbt__applications__main_backend,t2,GlobalTrustAndSafety,snowflake
snowflake/dbt/applications/main_backend__user_reports_history,dbt__applications__main_backend,t2,GlobalTrustAndSafety,snowflake
snowflake/dbt/applications/main_backend__user_reports_snapshot,dbt__applications__main_backend,t2,GlobalTrustAndSafety,snowflake
snowflake/dbt/applications/main_backend__user_state,dbt__applications__main_backend,t2,DataPlatform,snowflake
snowflake/dbt/applications/main_backend__user_state_history,dbt__applications__main_backend,t2,DataPlatform,snowflake
snowflake/dbt/applications/main_backend__user_state_snapshot,dbt__applications__main_backend,t2,DataPlatform,snowflake
snowflake/dbt/applications/main_backend__user_strikes,dbt__applications__main_backend,t2,DataPlatform,snowflake
snowflake/dbt/applications/main_backend__user_strikes_history,dbt__applications__main_backend,t2,DataPlatform,snowflake
snowflake/dbt/applications/main_backend__user_strikes_snapshot,dbt__applications__main_backend,t2,DataPlatform,snowflake
snowflake/dbt/applications/main_backend__users,dbt__applications__main_backend,t1,DataPlatform,snowflake
snowflake/dbt/applications/main_backend__users_history,dbt__applications__main_backend,t1,DataPlatform,snowflake
snowflake/dbt/applications/main_backend__users_snapshot,dbt__applications__main_backend,t1,DataPlatform,snowflake
snowflake/dbt/applications/main_backend__verification_request_line_items,dbt__applications__main_backend,t2,DataPlatform,snowflake
snowflake/dbt/applications/main_backend__verification_request_line_items_history,dbt__applications__main_backend,t2,DataPlatform,snowflake
snowflake/dbt/applications/main_backend__verification_request_line_items_snapshot,dbt__applications__main_backend,t2,DataPlatform,snowflake
snowflake/dbt/applications/main_backend__verification_requests,dbt__applications__main_backend,t2,DataPlatform,snowflake
snowflake/dbt/applications/main_backend__verification_requests_history,dbt__applications__main_backend,t2,DataPlatform,snowflake
snowflake/dbt/applications/main_backend__verification_requests_snapshot,dbt__applications__main_backend,t2,DataPlatform,snowflake
snowflake/dbt/applications/main_backend__verification_submissions,dbt__applications__main_backend,t2,DataPlatform,snowflake
snowflake/dbt/applications/main_backend__verification_submissions_history,dbt__applications__main_backend,t2,DataPlatform,snowflake
snowflake/dbt/applications/main_backend__verification_submissions_snapshot,dbt__applications__main_backend,t2,DataPlatform,snowflake
snowflake/dbt/applications/main_backend__videos,dbt__applications__main_backend,t2,AppPlatform,snowflake
snowflake/dbt/applications/main_backend__videos_history,dbt__applications__main_backend,t2,AppPlatform,snowflake
snowflake/dbt/applications/main_backend__videos_snapshot,dbt__applications__main_backend,t2,AppPlatform,snowflake
snowflake/dbt/applications/main_backend__wallet_entry,dbt__applications__main_backend,t2,Payments,snowflake
snowflake/dbt/applications/main_backend__wallet_entry_history,dbt__applications__main_backend,t2,Payments,snowflake
snowflake/dbt/applications/main_backend__wallet_entry_snapshot,dbt__applications__main_backend,t2,Payments,snowflake
snowflake/dbt/applications/main_backend__webhook_events,dbt__applications__main_backend,t2,Seller Scaling,snowflake
snowflake/dbt/applications/main_backend__webhook_events_history,dbt__applications__main_backend,t2,Seller Scaling,snowflake
snowflake/dbt/applications/main_backend__webhook_events_snapshot,dbt__applications__main_backend,t2,Seller Scaling,snowflake
snowflake/dbt/applications/main_backend__webhook_subscriptions,dbt__applications__main_backend,t2,Seller Scaling,snowflake
snowflake/dbt/applications/main_backend__webhook_subscriptions_history,dbt__applications__main_backend,t2,Seller Scaling,snowflake
snowflake/dbt/applications/main_backend__webhook_subscriptions_snapshot,dbt__applications__main_backend,t2,Seller Scaling,snowflake
snowflake/dbt/applications/netsuite__currency_exchange_rate,dbt__applications__netsuite,t1,DataPlatform,snowflake
snowflake/dbt/applications/netsuite__stg_transactions,dbt__applications__netsuite,t2,DataPlatform,snowflake
snowflake/dbt/applications/netsuite__transactions,dbt__applications__netsuite,t2,DataPlatform,snowflake
snowflake/dbt/applications/reddit_ads__ua_spend,dbt__applications__reddit_ads,t2,DataPlatform,snowflake
snowflake/dbt/applications/salesforce__accounts,dbt__applications__salesforce,t3,DataPlatform,snowflake
snowflake/dbt/applications/salesforce__csm_cycle,dbt__applications__salesforce,t3,DataPlatform,snowflake
snowflake/dbt/applications/salesforce__leads,dbt__applications__salesforce,t3,DataPlatform,snowflake
snowflake/dbt/applications/salesforce__leads_deletes,dbt__applications__salesforce,t3,DataPlatform,snowflake
snowflake/dbt/applications/salesforce__opportunities,dbt__applications__salesforce,t3,DataPlatform,snowflake
snowflake/dbt/applications/salesforce__opportunities_deletes,dbt__applications__salesforce,t3,DataPlatform,snowflake
snowflake/dbt/applications/salesforce__opportunity_history,dbt__applications__salesforce,t2,DataPlatform,snowflake
snowflake/dbt/applications/salesforce__roles,dbt__applications__salesforce,t3,DataPlatform,snowflake
snowflake/dbt/applications/salesforce__tasks,dbt__applications__salesforce,t3,DataPlatform,snowflake
snowflake/dbt/applications/salesforce__users,dbt__applications__salesforce,t3,DataPlatform,snowflake
snowflake/dbt/applications/segment__app_events,default,,,snowflake
snowflake/dbt/applications/shippo__invoices,dbt__applications__shippo,t1,DataPlatform,snowflake
snowflake/dbt/applications/shippo__invoices_history,dbt__applications__shippo,t1,DataPlatform,snowflake
snowflake/dbt/applications/shippo__shipping_report_data_load,dbt__applications__shippo,t1,DataPlatform,snowflake
snowflake/dbt/applications/shippo__stg_surcharges_history_data,dbt__applications__shippo,t3,DataPlatform,snowflake
snowflake/dbt/applications/shippo__surcharges_history_data,dbt__applications__shippo,t3,DataPlatform,snowflake
snowflake/dbt/applications/snapchat_ads__ua_spend,dbt__applications__snapchat_ads,t2,DataPlatform,snowflake
snowflake/dbt/applications/snowflake__all_query_history,dbt__applications__snowflake,t3,DataPlatform,snowflake
snowflake/dbt/applications/snowflake__amortized_rates,dbt__applications__snowflake,t3,DataPlatform,snowflake
snowflake/dbt/applications/snowflake__column_access_history,dbt__applications__snowflake,t3,DataPlatform,snowflake
snowflake/dbt/applications/snowflake__columns,dbt__applications__snowflake,t3,DataPlatform,snowflake
snowflake/dbt/applications/snowflake__copy_history_montecarlo,dbt__applications__snowflake,t4,DataPlatform,snowflake
snowflake/dbt/applications/snowflake__current_pipe_history,dbt__applications__snowflake,t3,DataPlatform,snowflake
snowflake/dbt/applications/snowflake__current_query_history,dbt__applications__snowflake,t3,DataPlatform,snowflake
snowflake/dbt/applications/snowflake__current_task_history,dbt__applications__snowflake,t3,DataPlatform,snowflake
snowflake/dbt/applications/snowflake__dbt_query_history,dbt__applications__snowflake,t3,DataPlatform,snowflake
snowflake/dbt/applications/snowflake__events_query_history,dbt__applications__snowflake,t3,DataPlatform,snowflake
snowflake/dbt/applications/snowflake__hex_query_history,dbt__applications__snowflake,t3,DataPlatform,snowflake
snowflake/dbt/applications/snowflake__metering_daily_history,dbt__applications__snowflake,t3,DataPlatform,snowflake
snowflake/dbt/applications/snowflake__query_alarm_history,dbt__applications__snowflake,t3,DataPlatform,snowflake
snowflake/dbt/applications/snowflake__query_history_montecarlo,dbt__applications__snowflake,t4,DataPlatform,snowflake
snowflake/dbt/applications/snowflake__retool_query_history,dbt__applications__snowflake,t3,DataPlatform,snowflake
snowflake/dbt/applications/snowflake__select_query_history,dbt__applications__snowflake,t3,DataPlatform,snowflake
snowflake/dbt/applications/snowflake__semantic_views,dbt__applications__snowflake,t3,DataPlatform,snowflake
snowflake/dbt/applications/snowflake__sigma_query_history,dbt__applications__snowflake,t3,DataPlatform,snowflake
snowflake/dbt/applications/snowflake__statsig_query_history,dbt__applications__snowflake,t3,DataPlatform,snowflake
snowflake/dbt/applications/snowflake__table_query_utilization,dbt__applications__snowflake,t3,DataPlatform,snowflake
snowflake/dbt/applications/snowflake__tables,dbt__applications__snowflake,t3,DataPlatform,snowflake
snowflake/dbt/applications/snowflake__task_metering,dbt__applications__snowflake,t3,DataPlatform,snowflake
snowflake/dbt/applications/snowflake__warehouse_metering,dbt__applications__snowflake,t3,DataPlatform,snowflake
snowflake/dbt/applications/spotify_ads__ua_spend,dbt__applications__spotify_ads,t2,DataPlatform,snowflake
snowflake/dbt/applications/spreadsheet_ldnoobw__ldnoobw,dbt__applications__spreadsheet_ldnoobw,t1,DataPlatform,snowflake
snowflake/dbt/applications/statsig__forward_exposures,dbt__applications__statsig,t2,DataPlatform,snowflake
snowflake/dbt/applications/statsig__prod_experiment_exposure,dbt__applications__statsig,t2,DataPlatform,snowflake
snowflake/dbt/applications/statsig__prod_experiment_first_exposures,dbt__applications__statsig,t2,DataPlatform,snowflake
snowflake/dbt/applications/statsig__prod_gate_exposure,dbt__applications__statsig,t2,DataPlatform,snowflake
snowflake/dbt/applications/statsig__prod_gate_first_exposures,dbt__applications__statsig,t2,DataPlatform,snowflake
snowflake/dbt/applications/statsig__stg_config_change,dbt__applications__statsig,t2,DataPlatform,snowflake
snowflake/dbt/applications/statsig__stg_config_exposure,dbt__applications__statsig,t2,DataPlatform,snowflake
snowflake/dbt/applications/statsig__stg_experiment_exposure,dbt__applications__statsig,t2,DataPlatform,snowflake
snowflake/dbt/applications/statsig__stg_first_exposures,dbt__applications__statsig,t2,DataPlatform,snowflake
snowflake/dbt/applications/statsig__stg_gate_exposure,dbt__applications__statsig,t2,DataPlatform,snowflake
snowflake/dbt/applications/statsig__stg_tracks,dbt__applications__statsig,t2,DataPlatform,snowflake
snowflake/dbt/applications/stripe__accounts,dbt__applications__stripe,t2,DataPlatform,snowflake
snowflake/dbt/applications/stripe__cards,dbt__applications__stripe,t2,DataPlatform,snowflake
snowflake/dbt/applications/stripe__charges,dbt__applications__stripe,t2,DataPlatform,snowflake
snowflake/dbt/applications/stripe__customers,dbt__applications__stripe,t2,DataPlatform,snowflake
snowflake/dbt/applications/stripe__disputes,dbt__applications__stripe,t2,DataPlatform,snowflake
snowflake/dbt/applications/stripe__payment_method,dbt__applications__stripe,t2,DataPlatform,snowflake
snowflake/dbt/applications/stripe__refunds,dbt__applications__stripe,t2,DataPlatform,snowflake
snowflake/dbt/applications/tiktok_ads__stg_ad_groups,dbt__applications__tiktok_ads,t3,Analytics,snowflake
snowflake/dbt/applications/tiktok_ads__stg_ad_insights,dbt__applications__tiktok_ads,t3,Analytics,snowflake
snowflake/dbt/applications/tiktok_ads__stg_ads,dbt__applications__tiktok_ads,t3,Analytics,snowflake
snowflake/dbt/applications/tiktok_ads__stg_advertisers,dbt__applications__tiktok_ads,t3,Analytics,snowflake
snowflake/dbt/applications/tiktok_ads__stg_campaigns,dbt__applications__tiktok_ads,t3,Analytics,snowflake
snowflake/dbt/applications/tiktok_ads__ua_spend,dbt__applications__tiktok_ads,t3,Analytics,snowflake
snowflake/dbt/applications/utils__country_currency_regions,dbt__applications__utils__country_currency_regions,t1,unset,snowflake
snowflake/dbt/applications/utils__exclude_accounts,dbt__applications__utils__exclude_accounts,t1,unset,snowflake
snowflake/dbt/applications/utils__iso_country_codes,dbt__applications__utils__iso_country_codes,t1,unset,snowflake
snowflake/dbt/applications/utils__iso_state_codes,dbt__applications__utils__iso_state_codes,t3,unset,snowflake
snowflake/dbt/applications/utils__zip_code_geocoded,dbt__applications__utils__zip_code_geocoded,t3,unset,snowflake
snowflake/dbt/applications/zendesk__stg_attachments,dbt__applications__zendesk,t2,DataPlatform,snowflake
snowflake/dbt/applications/zendesk__stg_groups,dbt__applications__zendesk,t2,DataPlatform,snowflake
snowflake/dbt/applications/zendesk__stg_organizations,dbt__applications__zendesk,t2,DataPlatform,snowflake
snowflake/dbt/applications/zendesk__stg_satisfaction_ratings,dbt__applications__zendesk,t2,DataPlatform,snowflake
snowflake/dbt/applications/zendesk__stg_ticket_audits_custom,dbt__applications__zendesk,t2,DataPlatform,snowflake
snowflake/dbt/applications/zendesk__stg_ticket_events,dbt__applications__zendesk,t2,DataPlatform,snowflake
snowflake/dbt/applications/zendesk__stg_ticket_fields,dbt__applications__zendesk,t2,DataPlatform,snowflake
snowflake/dbt/applications/zendesk__stg_ticket_fields_custom,dbt__applications__zendesk,t2,DataPlatform,snowflake
snowflake/dbt/applications/zendesk__stg_ticket_forms,dbt__applications__zendesk,t2,DataPlatform,snowflake
snowflake/dbt/applications/zendesk__stg_ticket_metrics,dbt__applications__zendesk,t2,DataPlatform,snowflake
snowflake/dbt/applications/zendesk__stg_ticket_skips,dbt__applications__zendesk,t2,DataPlatform,snowflake
snowflake/dbt/applications/zendesk__stg_tickets,dbt__applications__zendesk,t2,DataPlatform,snowflake
snowflake/dbt/applications/zendesk__stg_users,dbt__applications__zendesk,t2,DataPlatform,snowflake
snowflake/dbt/applications/zendesk__ticket_audits,dbt__applications__zendesk,t2,DataPlatform,snowflake
snowflake/dbt/applications/zendesk__ticket_fields,dbt__applications__zendesk,t2,DataPlatform,snowflake
snowflake/dbt/applications/zendesk__tickets,dbt__applications__zendesk,t2,DataPlatform,snowflake
snowflake/dbt/applications/zendesk_chat__chats,dbt__applications__zendesk_chat,t3,DataPlatform,snowflake
snowflake/dbt/core/a__order_beta,dbt__core__core_v2_beta,t4,DataPlatform,snowflake
snowflake/dbt/core/a__shipment_beta,dbt__core__core_v2_beta,t4,DataPlatform,snowflake
snowflake/dbt/core/base__async_auctions,dbt__core__core_v1,t1,DataPlatform,snowflake
snowflake/dbt/core/base__exchange_rate,dbt__core__core_v1,t1,DataPlatform,snowflake
snowflake/dbt/core/base__is_seller_definition,dbt__core__core_v1,t1,DataPlatform,snowflake
snowflake/dbt/core/base__ledger_transactions,dbt__core__core_v1,t1,DataPlatform,snowflake
snowflake/dbt/core/base__listings,dbt__core__core_v1,t1,DataPlatform,snowflake
snowflake/dbt/core/base__livestream_listing_map,dbt__core__core_v1,t1,DataPlatform,snowflake
snowflake/dbt/core/base__order_items,dbt__core__core_v1,t1,DataPlatform,snowflake
snowflake/dbt/core/base__order_items_archive,dbt__core___archived,t4,DataPlatform,snowflake
snowflake/dbt/core/base__orders,dbt__core__core_v1,t1,DataPlatform,snowflake
snowflake/dbt/core/base__orders_archive,dbt__core___archived,t4,DataPlatform,snowflake
snowflake/dbt/core/base__payments,dbt__core__core_v1,t1,DataPlatform,snowflake
snowflake/dbt/core/base__refund_requests,dbt__core__core_v1,t4,DataPlatform,snowflake
snowflake/dbt/core/base__scd_addresses,dbt__core__core_v1,t1,DataPlatform,snowflake
snowflake/dbt/core/base__scd_categories,dbt__core__core_v1,t1,DataPlatform,snowflake
snowflake/dbt/core/base__scd_tags,dbt__core__core_v1,t1,DataPlatform,snowflake
snowflake/dbt/core/base__scd_user_profiles,dbt__core__core_v1,t1,DataPlatform,snowflake
snowflake/dbt/core/base__scd_user_referrer,dbt__core__core_v1,t1,DataPlatform,snowflake
snowflake/dbt/core/base__scd_users,dbt__core__core_v1,t1,DataPlatform,snowflake
snowflake/dbt/core/base__shipments,dbt__core__core_v1,t1,DataPlatform,snowflake
snowflake/dbt/core/base__shipments_archive,dbt__core___archived,t4,DataPlatform,snowflake
snowflake/dbt/core/base__user_livestream_watches,dbt__core__core_v1,t1,DataPlatform,snowflake
snowflake/dbt/core/base__watch_taps,dbt__core__core_v1,t1,DataPlatform,snowflake
snowflake/dbt/core/bridge__livestream_listing,dbt__core__core_v1,t1,DataPlatform,snowflake
snowflake/dbt/core/bridge__livestream_tag,dbt__core__core_v1,t1,DataPlatform,snowflake
snowflake/dbt/core/core__order_details,dbt__core__core_v2_beta,t1,DataPlatform,snowflake
snowflake/dbt/core/core__order_financial_summary,dbt__core__core_v2_beta,t1,DataPlatform,snowflake
snowflake/dbt/core/core__refund_details,dbt__core__core_v2_beta,t1,DataPlatform,snowflake
snowflake/dbt/core/core__shipment_details,dbt__core__core_v2_beta,t1,DataPlatform,snowflake
snowflake/dbt/core/core__shipment_financial_summary,dbt__core__core_v2_beta,t4,DataPlatform,snowflake
snowflake/dbt/core/core__stg_keyed_order_details,dbt__core__core_v2_beta,t1,DataPlatform,snowflake
snowflake/dbt/core/core__stg_keyed_shipment_details,dbt__core__core_v2_beta,t1,DataPlatform,snowflake
snowflake/dbt/core/cx_tickets,dbt__core__cx_tickets,t4,DataPlatform,snowflake
snowflake/dbt/core/delayed_dropoffs,dbt__core__delayed_dropoffs,t1,DataPlatform,snowflake
snowflake/dbt/core/delayed_dropoffs__holiday_weekend,dbt__core__delayed_dropoffs,t1,GlobalTrustAndSafety,snowflake
snowflake/dbt/core/dim__app_version,dbt__core__core_v1,t1,DataPlatform,snowflake
snowflake/dbt/core/dim__app_version_archive,dbt__core___archived,t1,DataPlatform,snowflake
snowflake/dbt/core/dim__auction,dbt__core__core_v1,t1,DataPlatform,snowflake
snowflake/dbt/core/dim__category,dbt__core__core_v1,t1,DataPlatform,snowflake
snowflake/dbt/core/dim__category_beta,dbt__core__core_v2_beta,t4,DataPlatform,snowflake
snowflake/dbt/core/dim__category_history,dbt__core__core_v1,t1,DataPlatform,snowflake
snowflake/dbt/core/dim__datetime,dbt__core__core_v1,t1,DataPlatform,snowflake
snowflake/dbt/core/dim__livestream,dbt__core__core_v1,t1,DataPlatform,snowflake
snowflake/dbt/core/dim__livestream_archive,dbt__core___archived,t4,DataPlatform,snowflake
snowflake/dbt/core/dim__livestream_listing,dbt__core__core_v1,t1,DataPlatform,snowflake
snowflake/dbt/core/dim__location,dbt__core__core_v1,t1,DataPlatform,snowflake
snowflake/dbt/core/dim__payment,dbt__core__core_v1,t1,DataPlatform,snowflake
snowflake/dbt/core/dim__payment_method,dbt__core__core_v1,t1,DataPlatform,snowflake
snowflake/dbt/core/dim__product_listing,dbt__core__core_v1,t1,DataPlatform,snowflake
snowflake/dbt/core/dim__refund_request,dbt__core__core_v1,t4,DataPlatform,snowflake
snowflake/dbt/core/dim__shipment,dbt__core__core_v1,t1,DataPlatform,snowflake
snowflake/dbt/core/dim__shipment_archive,dbt__core___archived,t4,DataPlatform,snowflake
snowflake/dbt/core/dim__tag,dbt__core__core_v1,t1,DataPlatform,snowflake
snowflake/dbt/core/dim__tag_beta,dbt__core__core_v2_beta,t4,DataPlatform,snowflake
snowflake/dbt/core/dim__tag_history,dbt__core__core_v1,t1,DataPlatform,snowflake
snowflake/dbt/core/dim__user,dbt__core__core_v1,t1,DataPlatform,snowflake
snowflake/dbt/core/dim__user_agent,dbt__core__core_v1,t1,DataPlatform,snowflake
snowflake/dbt/core/dim__user_beta,dbt__core__core_v2_beta,t4,DataPlatform,snowflake
snowflake/dbt/core/dim__user_history,dbt__core__core_v1,t1,DataPlatform,snowflake
snowflake/dbt/core/fact__async_auctions,dbt__core__core_v1,t2,DataPlatform,snowflake
snowflake/dbt/core/fact__buyer_credit_transactions,dbt__core__core_v1,t2,DataPlatform,snowflake
snowflake/dbt/core/fact__daily_active_users,dbt__core__core_v1,t2,DataPlatform,snowflake
snowflake/dbt/core/fact__image_uploads,dbt__core__core_v1,t2,DataPlatform,snowflake
snowflake/dbt/core/fact__live_item_seller_actions,dbt__core__core_v1,t2,DataPlatform,snowflake
snowflake/dbt/core/fact__livestream_engagements,dbt__core__core_v1,t2,DataPlatform,snowflake
snowflake/dbt/core/fact__livestream_first_bookmarks,dbt__core__core_v1,t2,DataPlatform,snowflake
snowflake/dbt/core/fact__livestream_impressions,dbt__core__core_v1,t1,DataPlatform,snowflake
snowflake/dbt/core/fact__livestream_watches,dbt__core__core_v1,t1,DataPlatform,snowflake
snowflake/dbt/core/fact__order_items,dbt__core__core_v1,t1,DataPlatform,snowflake
snowflake/dbt/core/fact__order_items_archive,dbt__core___archived,t4,DataPlatform,snowflake
snowflake/dbt/core/fact__payment_transactions,dbt__core__core_v1,t2,DataPlatform,snowflake
snowflake/dbt/core/fact__refund_requests,dbt__core__core_v1,t4,DataPlatform,snowflake
snowflake/dbt/core/fact__registered_bids,dbt__core__core_v1,t2,DataPlatform,snowflake
snowflake/dbt/core/fact__seller_ledger_transactions,dbt__core__core_v1,t1,DataPlatform,snowflake
snowflake/dbt/core/fact__shipping_adjustments,dbt__core__core_v1,t1,DataPlatform,snowflake
snowflake/dbt/core/fact__shipping_credits,dbt__core__core_v1,t1,DataPlatform,snowflake
snowflake/dbt/core/fact__shipping_dimension_changes,dbt__core__core_v1,t1,DataPlatform,snowflake
snowflake/dbt/core/fact__shipping_insurance_claims,dbt__core__core_v1,t1,DataPlatform,snowflake
snowflake/dbt/core/fact__shipping_invoice_line_items,dbt__core__core_v1,t1,DataPlatform,snowflake
snowflake/dbt/core/fact__shipping_tracking_updates,dbt__core__core_v1,t1,DataPlatform,snowflake
snowflake/dbt/core/fact__user_bids,dbt__core__core_v1,t1,DataPlatform,snowflake
snowflake/dbt/core/fact__user_follow_categories,dbt__core__core_v1,t1,DataPlatform,snowflake
snowflake/dbt/core/fact__user_follow_tags,dbt__core__core_v1,t1,DataPlatform,snowflake
snowflake/dbt/core/fact__user_follow_users,dbt__core__core_v1,t1,DataPlatform,snowflake
snowflake/dbt/core/fact__user_reports,dbt__core__core_v1,t2,DataPlatform,snowflake
snowflake/dbt/core/fraud__referrals_lpu_abusers,dbt__core__fraud__referrals_lpu_abusers,t1,unset,snowflake
snowflake/dbt/core/inventory__base_listings,dbt__core__core_v2_beta,t1,DataPlatform,snowflake
snowflake/dbt/core/inventory__base_livestream_products,dbt__core__core_v2_beta,t1,DataPlatform,snowflake
snowflake/dbt/core/inventory__base_products,dbt__core__core_v2_beta,t1,DataPlatform,snowflake
snowflake/dbt/core/inventory__listings,dbt__core__core_v2_beta,t1,DataPlatform,snowflake
snowflake/dbt/core/inventory__listings_details,dbt__core__core_v2_beta,t1,DataPlatform,snowflake
snowflake/dbt/core/inventory__livestream_products,dbt__core__core_v2_beta,t1,DataPlatform,snowflake
snowflake/dbt/core/inventory__stg_listing_products,dbt__core__core_v2_beta,t1,DataPlatform,snowflake
snowflake/dbt/core/ledger,dbt__core__ledger,t1,DataPlatform,snowflake
snowflake/dbt/core/livestreams,dbt__core__livestreams,t1,DataPlatform,snowflake
snowflake/dbt/core/livestreams__async_auctions,dbt__core__livestreams,t1,DataPlatform,snowflake
snowflake/dbt/core/livestreams__lifecycle,dbt__core__livestreams,t4,DataPlatform,snowflake
snowflake/dbt/core/livestreams__status_history,dbt__core__livestreams,t4,DataPlatform,snowflake
snowflake/dbt/core/map__user_blocklist,dbt__core__core_v1,t1,DataPlatform,snowflake
snowflake/dbt/core/notifications,dbt__core__notifications,t3,Notifications,snowflake
snowflake/dbt/core/notifications__editorial_push,dbt__core__notifications,t3,Notifications,snowflake
snowflake/dbt/core/notifications__exposures_statsig_aggs,dbt__core__notifications,t3,Notifications,snowflake
snowflake/dbt/core/notifications__notif_hub_engagement,dbt__core__notifications,t3,Notifications,snowflake
snowflake/dbt/core/notifications__objects,dbt__core__notifications,t3,Notifications,snowflake
snowflake/dbt/core/notifications__report,dbt__core__notifications,t3,Notifications,snowflake
snowflake/dbt/core/notifications__request,dbt__core__notifications,t3,Notifications,snowflake
snowflake/dbt/core/order_reversals,dbt__core__order_reversals,t1,CustomerExperienceEngineering,snowflake
snowflake/dbt/core/orders,dbt__core__orders,t1,Treasury,snowflake
snowflake/dbt/core/orders__platform_reporting,dbt__core__orders,t4,Treasury,snowflake
snowflake/dbt/core/payments,dbt__core__payments,t1,DataPlatform,snowflake
snowflake/dbt/core/payments__ledger_transactions,dbt__core__core_v2_beta,t1,DataPlatform,snowflake
snowflake/dbt/core/payments__payment_transactions,dbt__core__core_v2_beta,t1,DataPlatform,snowflake
snowflake/dbt/core/payments__payments,dbt__core__core_v2_beta,t1,DataPlatform,snowflake
snowflake/dbt/core/payments__refund_requests,dbt__core__core_v2_beta,t1,DataPlatform,snowflake
snowflake/dbt/core/purchases__orders,dbt__core__core_v2_beta,t1,DataPlatform,snowflake
snowflake/dbt/core/purchases__user_cancellation_requests,dbt__core__core_v2_beta,t2,DataPlatform,snowflake
snowflake/dbt/core/receipts__orders,dbt__core__receipts,t1,Treasury,snowflake
snowflake/dbt/core/referrals__referred_users,dbt__core__referrals,t2,DataPlatform,snowflake
snowflake/dbt/core/related_users__all_related_users,dbt__core__related_users,t1,DataPlatform,snowflake
snowflake/dbt/core/related_users__asymmetric_user_links,dbt__core__related_users,t1,DataPlatform,snowflake
snowflake/dbt/core/related_users__connected_accounts,dbt__core__related_users,t1,CoreML,snowflake
snowflake/dbt/core/related_users__protected_users,dbt__core__related_users,t2,CoreML,snowflake
snowflake/dbt/core/related_users__related_users_groups,dbt__core__related_users,t1,DataPlatform,snowflake
snowflake/dbt/core/related_users__user_normalized_address_view,dbt__core__related_users,t3,DataPlatform,snowflake
snowflake/dbt/core/report__all_listings,dbt__core__core_v1,t1,DataPlatform,snowflake
snowflake/dbt/core/report__auction_summary,dbt__core__core_v1,t2,DataPlatform,snowflake
snowflake/dbt/core/report__buyer_orders_by_all_time,dbt__core__core_v1,t2,DataPlatform,snowflake
snowflake/dbt/core/report__buyer_orders_by_day,dbt__core__core_v1,t2,DataPlatform,snowflake
snowflake/dbt/core/report__category_taxonomy,dbt__core__core_v1,t1,DataPlatform,snowflake
snowflake/dbt/core/report__category_taxonomy_beta,dbt__core__core_v2_beta,t4,DataPlatform,snowflake
snowflake/dbt/core/report__category_taxonomy_history,dbt__core__core_v1,t1,DataPlatform,snowflake
snowflake/dbt/core/report__livestream_durations,dbt__core__core_v1,t2,DataPlatform,snowflake
snowflake/dbt/core/report__livestream_entry_point_funnel,dbt__core__core_v1,t2,DataPlatform,snowflake
snowflake/dbt/core/report__livestream_feed_funnel,dbt__core__core_v1,t2,DataPlatform,snowflake
snowflake/dbt/core/report__livestream_funnel,dbt__core__core_v1,t2,DataPlatform,snowflake
snowflake/dbt/core/report__order_details,dbt__core__core_v1,t4,DataPlatform,snowflake
snowflake/dbt/core/report__order_financial_summary,dbt__core__core_v1,t4,DataPlatform,snowflake
snowflake/dbt/core/report__seller_orders_by_all_time,dbt__core__core_v1,t1,DataPlatform,snowflake
snowflake/dbt/core/report__seller_orders_by_day,dbt__core__core_v1,t1,DataPlatform,snowflake
snowflake/dbt/core/report__shipping_changes,dbt__core__core_v1,t1,DataPlatform,snowflake
snowflake/dbt/core/report__shipping_changes_beta,dbt__core__core_v2_beta,t4,DataPlatform,snowflake
snowflake/dbt/core/report__shipping_financial_summary,dbt__core__core_v1,t1,DataPlatform,snowflake
snowflake/dbt/core/report__shipping_financial_summary_beta,dbt__core__core_v2_beta,t4,DataPlatform,snowflake
snowflake/dbt/core/report__shipping_post_scan_adjustment_forecast,dbt__core__core_v1,t1,DataPlatform,snowflake
snowflake/dbt/core/report__shipping_post_scan_adjustment_forecast_beta,dbt__core__core_v2_beta,t4,DataPlatform,snowflake
snowflake/dbt/core/report__tag_taxonomy,dbt__core__core_v1,t1,DataPlatform,snowflake
snowflake/dbt/core/report__tag_taxonomy_beta,dbt__core__core_v2_beta,t4,DataPlatform,snowflake
snowflake/dbt/core/report__user_follow_categories,dbt__core__core_v1,t1,DataPlatform,snowflake
snowflake/dbt/core/report__user_follow_tags,dbt__core__core_v1,t1,DataPlatform,snowflake
snowflake/dbt/core/report__user_follow_users,dbt__core__core_v1,t1,DataPlatform,snowflake
snowflake/dbt/core/security__user_blocklist,dbt__core__security,t1,DataPlatform,snowflake
snowflake/dbt/core/seller_info,dbt__core__seller_info,t2,DataPlatform,snowflake
snowflake/dbt/core/shipments,dbt__core__shipments,t1,DataPlatform,snowflake
snowflake/dbt/core/shipments__scan_events,dbt__core__shipments,t4,DataPlatform,snowflake
snowflake/dbt/core/shipments__scan_lifecycle,dbt__core__shipments,t4,DataPlatform,snowflake
snowflake/dbt/core/shipments__shipping_adjustments,dbt__core__shipments,t1,DataPlatform,snowflake
snowflake/dbt/core/shipments__shipping_insurance_claims,dbt__core__shipments,t1,DataPlatform,snowflake
snowflake/dbt/core/shipments__stg_aggregated_shipping_labels,dbt__core__shipments,t1,DataPlatform,snowflake
snowflake/dbt/core/ts__shipping_holidays,dbt__core__ts__shipping_holidays,t1,unset,snowflake
snowflake/dbt/core/user_reports,dbt__core__user_reports,t4,GlobalTrustAndSafety,snowflake
snowflake/dbt/core/user_vip_status,dbt__core__user_vip_status,t2,DataPlatform,snowflake
snowflake/dbt/core/user_vip_status__history,dbt__core__user_vip_status,t2,DataPlatform,snowflake
snowflake/dbt/core/user_vip_status__vip_definitions,dbt__core__user_vip_status__vip_definitions,t1,unset,snowflake
snowflake/dbt/core/users,dbt__core__users,t4,DataPlatform,snowflake
snowflake/dbt/core/users__tag_actions,dbt__core__core_v2_beta,t2,DataPlatform,snowflake
snowflake/dbt/core/users__user_follows_user,dbt__core__core_v2_beta,t1,DataPlatform,snowflake
snowflake/dbt/core/users__user_profiles_history,dbt__core__core_v2_beta,t1,DataPlatform,snowflake
snowflake/dbt/core/users__users,dbt__core__core_v2_beta,t1,DataPlatform,snowflake
snowflake/dbt/core/users__users_history,dbt__core__core_v2_beta,t1,DataPlatform,snowflake
snowflake/dbt/core/users__users_history_beta,dbt__core__core_v2_beta,t4,DataPlatform,snowflake
snowflake/dbt/core/utils__date,dbt__core__utils,t1,DataPlatform,snowflake
snowflake/dbt/core/utils__datetime,dbt__core__utils,t1,DataPlatform,snowflake
snowflake/dbt/core/utils__exchange_rates,dbt__core__utils,t1,DataPlatform,snowflake
snowflake/dbt/core/utils__location,dbt__core__utils,t1,DataPlatform,snowflake
snowflake/dbt/core/utils__simulated_users,dbt__core__utils,t1,DataPlatform,snowflake
snowflake/dbt/core/whatnot_app__app_versions,dbt__core__whatnot_app,t1,DataPlatform,snowflake
snowflake/dbt/core/whatnot_app__livestream_tag,dbt__core__whatnot_app,t1,DataPlatform,snowflake
snowflake/dbt/core/whatnot_app__livestream_tag_history,dbt__core__whatnot_app,t4,DataPlatform,snowflake
snowflake/dbt/core/whatnot_app__livestream_tag_taxonomy,dbt__core__whatnot_app,t1,DataPlatform,snowflake
snowflake/dbt/core/whatnot_app__product_categories,dbt__core__whatnot_app,t1,DataPlatform,snowflake
snowflake/dbt/core/whatnot_app__product_categories_history,dbt__core__whatnot_app,t4,DataPlatform,snowflake
snowflake/dbt/core/whatnot_app__product_category_taxonomy,dbt__core__whatnot_app,t1,DataPlatform,snowflake
snowflake/dbt/events/backend__event_name_descriptions,dbt__whatnot_events,,,snowflake
snowflake/dbt/events/backend__events,dbt__whatnot_events,,,snowflake
snowflake/dbt/events/frontend__component_name_descriptions,dbt__whatnot_events,,,snowflake
snowflake/dbt/events/frontend__events,dbt__whatnot_events,,,snowflake
snowflake/dbt/information_schema/semantic_dimensions,default,,,snowflake
snowflake/dbt/information_schema/semantic_facts,default,,,snowflake
snowflake/dbt/information_schema/semantic_metrics,default,,,snowflake
snowflake/dbt/information_schema/semantic_views,default,,,snowflake
snowflake/dbt/legacy/confluent__auction_events,default,,,snowflake
snowflake/dbt/legacy/confluent__giveaway_entered_events,default,,,snowflake
snowflake/dbt/legacy/confluent__search_events,default,,,snowflake
snowflake/dbt/legacy/confluent__session_action_events,default,,,snowflake
snowflake/dbt/legacy/confluent__user_action_events,default,,,snowflake
snowflake/dbt/legacy/confluent__user_added_livestream_watchlist,default,,,snowflake
snowflake/dbt/legacy/confluent__user_requested_search,default,,,snowflake
snowflake/dbt/legacy/segment__app_events,default,,,snowflake
snowflake/dbt/legacy/segment__ios_screens,default,,,snowflake
snowflake/dbt/legacy/segment__stg_android_app_events,default,,,snowflake
snowflake/dbt/legacy/segment__stg_ios_app_events,default,,,snowflake
snowflake/dbt/legacy/segment__stg_react_app_events,default,,,snowflake
snowflake/dbt/legacy/segment__stg_unioned_app_events,default,,,snowflake
snowflake/dbt/legacy/segment__whatnot_screen_view,default,,,snowflake
snowflake/dbt/private/account_health__base_date_spine,dbt__products__account_health,t3,GlobalTrustAndSafety,snowflake
snowflake/dbt/private/account_health__base_delayed_dropoff_shipment_delayed_dropoff,dbt__products__account_health,t3,GlobalTrustAndSafety,snowflake
snowflake/dbt/private/account_health__base_livestream_category,dbt__products__account_health,t3,GlobalTrustAndSafety,snowflake
snowflake/dbt/private/account_health__base_livestreams,dbt__products__account_health,t3,GlobalTrustAndSafety,snowflake
snowflake/dbt/private/account_health__base_order_reversals,dbt__products__account_health,t3,GlobalTrustAndSafety,snowflake
snowflake/dbt/private/account_health__base_orders,dbt__products__account_health,t3,GlobalTrustAndSafety,snowflake
snowflake/dbt/private/account_health__base_payment_refund_transaction_audit_logs,dbt__products__account_health,t3,GlobalTrustAndSafety,snowflake
snowflake/dbt/private/account_health__base_payment_transactions,dbt__products__account_health,t3,GlobalTrustAndSafety,snowflake
snowflake/dbt/private/account_health__base_seller_ds_daily,dbt__products__account_health,t3,GlobalTrustAndSafety,snowflake
snowflake/dbt/private/account_health__base_ts_actions,dbt__products__account_health,t3,GlobalTrustAndSafety,snowflake
snowflake/dbt/private/account_health__base_ts_tag_action,dbt__products__account_health,t3,GlobalTrustAndSafety,snowflake
snowflake/dbt/private/account_health__base_ts_tags,dbt__products__account_health,t3,GlobalTrustAndSafety,snowflake
snowflake/dbt/private/account_health__base_ts_violations,dbt__products__account_health,t3,GlobalTrustAndSafety,snowflake
snowflake/dbt/private/account_health__base_user_cancelled_order,dbt__products__account_health,t3,GlobalTrustAndSafety,snowflake
snowflake/dbt/private/account_health__base_user_profiles,dbt__products__account_health,t3,GlobalTrustAndSafety,snowflake
snowflake/dbt/private/account_health__stg_cancellations_by_order,dbt__products__account_health,t3,GlobalTrustAndSafety,snowflake
snowflake/dbt/private/account_health__stg_delayed_dropoffs_by_order,dbt__products__account_health,t3,GlobalTrustAndSafety,snowflake
snowflake/dbt/private/account_health__stg_fulfillment_order_defects,dbt__products__account_health,t3,GlobalTrustAndSafety,snowflake
snowflake/dbt/private/account_health__stg_metrics,dbt__products__account_health,t3,GlobalTrustAndSafety,snowflake
snowflake/dbt/private/account_health__stg_metrics_day,dbt__products__account_health,t3,GlobalTrustAndSafety,snowflake
snowflake/dbt/private/account_health__stg_refunds_by_order,dbt__products__account_health,t3,GlobalTrustAndSafety,snowflake
snowflake/dbt/private/account_health__stg_seller_mode_livestream_category,dbt__products__account_health,t3,GlobalTrustAndSafety,snowflake
snowflake/dbt/private/core__stg_buyer_details_by_order,dbt__core__core_v2_beta,t1,DataPlatform,snowflake
snowflake/dbt/private/core__stg_buyer_details_by_shipment,dbt__core__core_v2_beta,t4,DataPlatform,snowflake
snowflake/dbt/private/core__stg_byol_payments,dbt__core__core_v2_beta,t1,DataPlatform,snowflake
snowflake/dbt/private/core__stg_byol_payments_by_order,dbt__core__core_v2_beta,t1,DataPlatform,snowflake
snowflake/dbt/private/core__stg_byol_payments_by_shipment,dbt__core__core_v2_beta,t1,DataPlatform,snowflake
snowflake/dbt/private/core__stg_excluded_users_by_order,dbt__core__core_v2_beta,t1,DataPlatform,snowflake
snowflake/dbt/private/core__stg_excluded_users_by_shipment,dbt__core__core_v2_beta,t1,DataPlatform,snowflake
snowflake/dbt/private/core__stg_fulfillment_time,dbt__core__core_v2_beta,t1,DataPlatform,snowflake
snowflake/dbt/private/core__stg_giveaway_credits_by_order,dbt__core__core_v2_beta,t1,DataPlatform,snowflake
snowflake/dbt/private/core__stg_is_seller_by_user,dbt__core__core_v2_beta,t1,DataPlatform,snowflake
snowflake/dbt/private/core__stg_keys_by_order,dbt__core__core_v2_beta,t1,DataPlatform,snowflake
snowflake/dbt/private/core__stg_keys_by_shipment,dbt__core__core_v2_beta,t1,DataPlatform,snowflake
snowflake/dbt/private/core__stg_listing_by_order,dbt__core__core_v2_beta,t1,DataPlatform,snowflake
snowflake/dbt/private/core__stg_livestreams_by_shipment,dbt__core__core_v2_beta,t1,DataPlatform,snowflake
snowflake/dbt/private/core__stg_order_details_by_shipment,dbt__core__core_v2_beta,t1,DataPlatform,snowflake
snowflake/dbt/private/core__stg_orders_by_buyer,dbt__core__core_v2_beta,t1,DataPlatform,snowflake
snowflake/dbt/private/core__stg_orders_by_seller,dbt__core__core_v2_beta,t1,DataPlatform,snowflake
snowflake/dbt/private/core__stg_payment_details_by_order,dbt__core__core_v2_beta,t1,DataPlatform,snowflake
snowflake/dbt/private/core__stg_payout_reversals_by_order,dbt__core__core_v2_beta,t1,DataPlatform,snowflake
snowflake/dbt/private/core__stg_payouts_by_order,dbt__core__core_v2_beta,t1,DataPlatform,snowflake
snowflake/dbt/private/core__stg_refund_billbacks_by_order,dbt__core__core_v2_beta,t1,DataPlatform,snowflake
snowflake/dbt/private/core__stg_refunds_by_order,dbt__core__core_v2_beta,t1,DataPlatform,snowflake
snowflake/dbt/private/core__stg_sales_payout_payments_by_order,dbt__core__core_v2_beta,t1,DataPlatform,snowflake
snowflake/dbt/private/core__stg_seller_details_by_order,dbt__core__core_v2_beta,t1,DataPlatform,snowflake
snowflake/dbt/private/core__stg_seller_details_by_shipment,dbt__core__core_v2_beta,t1,DataPlatform,snowflake
snowflake/dbt/private/core__stg_shipment_details_by_order,dbt__core__core_v2_beta,t1,DataPlatform,snowflake
snowflake/dbt/private/core__stg_shipment_lifecycle_by_order,dbt__core__core_v2_beta,t1,DataPlatform,snowflake
snowflake/dbt/private/core__stg_shipping_adjustment_payments_by_shipment,dbt__core__core_v2_beta,t1,DataPlatform,snowflake
snowflake/dbt/private/core__stg_shipping_cost_by_order,dbt__core__core_v2_beta,t1,DataPlatform,snowflake
snowflake/dbt/private/core__stg_shipping_insurance_claim_payments,dbt__core__core_v2_beta,t4,DataPlatform,snowflake
snowflake/dbt/private/core__stg_shipping_insurance_claim_payments_by_shipment,dbt__core__core_v2_beta,t4,DataPlatform,snowflake
snowflake/dbt/private/core__stg_user_rates_by_order,dbt__core__core_v2_beta,t1,DataPlatform,snowflake
snowflake/dbt/private/cs__base_ledger,dbt__products__cs,t1,CustomerExperienceEngineering,snowflake
snowflake/dbt/private/cs__base_order_receipt,dbt__products__cs,t1,CustomerExperienceEngineering,snowflake
snowflake/dbt/private/cs__base_order_reversals,dbt__products__cs,t1,CustomerExperienceEngineering,snowflake
snowflake/dbt/private/cs__base_orders,dbt__products__cs,t1,CustomerExperienceEngineering,snowflake
snowflake/dbt/private/cs__base_payments,dbt__products__cs,t1,CustomerExperienceEngineering,snowflake
snowflake/dbt/private/cs__base_refund_requests,dbt__products__cs,t1,CustomerExperienceEngineering,snowflake
snowflake/dbt/private/cs__stg_ledger_by_order,dbt__products__cs,t1,CustomerExperienceEngineering,snowflake
snowflake/dbt/private/cs__stg_payment_by_order,dbt__products__cs,t1,CustomerExperienceEngineering,snowflake
snowflake/dbt/private/cs__stg_seller_buyer_history,dbt__products__cs,t1,CustomerExperienceEngineering,snowflake
snowflake/dbt/private/cs__stg_seller_buyer_order_history,dbt__products__cs,t1,CustomerExperienceEngineering,snowflake
snowflake/dbt/private/cs__stg_seller_buyer_refund_request_history,dbt__products__cs,t1,CustomerExperienceEngineering,snowflake
snowflake/dbt/private/cx_tickets__base_orders,dbt__core__cx_tickets,t4,DataPlatform,snowflake
snowflake/dbt/private/cx_tickets__base_zendesk_ticket_events,dbt__core__cx_tickets,t4,DataPlatform,snowflake
snowflake/dbt/private/cx_tickets__base_zendesk_tickets,dbt__core__cx_tickets,t4,DataPlatform,snowflake
snowflake/dbt/private/cx_tickets__stg_ticket_order_id,dbt__core__cx_tickets,t4,DataPlatform,snowflake
snowflake/dbt/private/data_portal__base_backend_events,dbt__products__data_portal,t3,DataPlatform,snowflake
snowflake/dbt/private/data_portal__base_dagster_asset_edges,dbt__products__data_portal,t3,DataPlatform,snowflake
snowflake/dbt/private/data_portal__base_dagster_assets,dbt__products__data_portal,t3,DataPlatform,snowflake
snowflake/dbt/private/data_portal__base_frontend_events,dbt__products__data_portal,t3,DataPlatform,snowflake
snowflake/dbt/private/data_portal__base_models,dbt__products__data_portal,t3,DataPlatform,snowflake
snowflake/dbt/private/data_portal__stg_laser,dbt__products__data_portal,t3,DataPlatform,snowflake
snowflake/dbt/private/data_portal__stg_mbe,dbt__products__data_portal,t3,DataPlatform,snowflake
snowflake/dbt/private/delayed_dropoffs__base_bundling_windows,dbt__core__delayed_dropoffs,t1,DataPlatform,snowflake
snowflake/dbt/private/delayed_dropoffs__base_holiday_weekend,dbt__core__delayed_dropoffs,t1,DataPlatform,snowflake
snowflake/dbt/private/delayed_dropoffs__base_livestream_category,dbt__core__delayed_dropoffs,t1,DataPlatform,snowflake
snowflake/dbt/private/delayed_dropoffs__base_livestreams,dbt__core__delayed_dropoffs,t1,DataPlatform,snowflake
snowflake/dbt/private/delayed_dropoffs__base_orders,dbt__core__delayed_dropoffs,t1,DataPlatform,snowflake
snowflake/dbt/private/delayed_dropoffs__base_shipments,dbt__core__delayed_dropoffs,t1,DataPlatform,snowflake
snowflake/dbt/private/delayed_dropoffs__base_ts_tag_action,dbt__core__delayed_dropoffs,t1,DataPlatform,snowflake
snowflake/dbt/private/delayed_dropoffs__base_ts_tags,dbt__core__delayed_dropoffs,t1,DataPlatform,snowflake
snowflake/dbt/private/delayed_dropoffs__base_users_users,dbt__core__delayed_dropoffs,t1,DataPlatform,snowflake
snowflake/dbt/private/delayed_dropoffs__base_users_users_history,dbt__core__delayed_dropoffs,t1,DataPlatform,snowflake
snowflake/dbt/private/delayed_dropoffs__stg_first_user_onboarding_country_code,dbt__core__delayed_dropoffs,t1,DataPlatform,snowflake
snowflake/dbt/private/delayed_dropoffs__stg_seller_mode_livestream_category,dbt__core__delayed_dropoffs,t1,DataPlatform,snowflake
snowflake/dbt/private/delayed_dropoffs__stg_seller_shipment_exemption_periods,dbt__core__delayed_dropoffs,t1,DataPlatform,snowflake
snowflake/dbt/private/delayed_dropoffs__stg_shipment_delayed_dropoff,dbt__core__delayed_dropoffs,t1,DataPlatform,snowflake
snowflake/dbt/private/delayed_dropoffs__stg_shipment_exemptions,dbt__core__delayed_dropoffs,t1,DataPlatform,snowflake
snowflake/dbt/private/delayed_dropoffs__stg_shipment_orders,dbt__core__delayed_dropoffs,t1,DataPlatform,snowflake
snowflake/dbt/private/delayed_dropoffs__stg_users,dbt__core__delayed_dropoffs,t1,DataPlatform,snowflake
snowflake/dbt/private/fraud__base_core_refund_details,dbt__products__fraud,t4,DataPlatform,snowflake
snowflake/dbt/private/fraud__base_cx_tickets,dbt__products__fraud,t4,DataPlatform,snowflake
snowflake/dbt/private/fraud__base_ledger,dbt__products__fraud,t4,DataPlatform,snowflake
snowflake/dbt/private/fraud__base_orders_orders,dbt__products__fraud,t4,DataPlatform,snowflake
snowflake/dbt/private/fraud__base_related_users,dbt__products__fraud,t4,DataPlatform,snowflake
snowflake/dbt/private/fraud__base_seller_info,dbt__products__fraud,t4,DataPlatform,snowflake
snowflake/dbt/private/fraud__base_shipments_shipments,dbt__products__fraud,t4,DataPlatform,snowflake
snowflake/dbt/private/fraud__base_shipping_holidays,dbt__products__fraud,t4,DataPlatform,snowflake
snowflake/dbt/private/fraud__base_users_tag_actions,dbt__products__fraud,t4,DataPlatform,snowflake
snowflake/dbt/private/fraud__stg_cancelled_and_refunded_orders,dbt__products__fraud,t4,DataPlatform,snowflake
snowflake/dbt/private/fraud__stg_linked_seller_size,dbt__products__fraud,t4,DataPlatform,snowflake
snowflake/dbt/private/fraud__stg_local_pickup_flag,dbt__products__fraud,t4,DataPlatform,snowflake
snowflake/dbt/private/fraud__stg_order_summary,dbt__products__fraud,t4,DataPlatform,snowflake
snowflake/dbt/private/fraud__stg_order_summary_by_linked_seller,dbt__products__fraud,t4,DataPlatform,snowflake
snowflake/dbt/private/fraud__stg_order_summary_by_seller,dbt__products__fraud,t4,DataPlatform,snowflake
snowflake/dbt/private/fraud__stg_orders_marked_unfulfilled,dbt__products__fraud,t4,DataPlatform,snowflake
snowflake/dbt/private/fraud__stg_orders_refunds,dbt__products__fraud,t4,DataPlatform,snowflake
snowflake/dbt/private/fraud__stg_orders_shipments,dbt__products__fraud,t4,DataPlatform,snowflake
snowflake/dbt/private/fraud__stg_orders_with_gameable_refunds,dbt__products__fraud,t4,DataPlatform,snowflake
snowflake/dbt/private/fraud__stg_orders_with_no_scan_flag,dbt__products__fraud,t4,DataPlatform,snowflake
snowflake/dbt/private/fraud__stg_orders_with_tickets,dbt__products__fraud,t4,DataPlatform,snowflake
snowflake/dbt/private/fraud__stg_orders_with_tickets_flag,dbt__products__fraud,t4,DataPlatform,snowflake
snowflake/dbt/private/fraud__stg_recent_local_pickup_flag,dbt__products__fraud,t4,DataPlatform,snowflake
snowflake/dbt/private/fraud__stg_recent_tip_abuser_flag,dbt__products__fraud,t4,DataPlatform,snowflake
snowflake/dbt/private/fraud__stg_refunded_cancelled_unfulfilled_orders_flag,dbt__products__fraud,t4,DataPlatform,snowflake
snowflake/dbt/private/fraud__stg_refunds,dbt__products__fraud,t4,DataPlatform,snowflake
snowflake/dbt/private/fraud__stg_seller_size,dbt__products__fraud,t4,DataPlatform,snowflake
snowflake/dbt/private/fraud__stg_seller_summary,dbt__products__fraud,t4,DataPlatform,snowflake
snowflake/dbt/private/fraud__stg_shipments_with_exceptions,dbt__products__fraud,t4,DataPlatform,snowflake
snowflake/dbt/private/fraud__stg_tip_abuser_flag,dbt__products__fraud,t4,DataPlatform,snowflake
snowflake/dbt/private/fraud__stg_tip_transactions,dbt__products__fraud,t4,DataPlatform,snowflake
snowflake/dbt/private/fraud__stg_tips_by_linked_sellers,dbt__products__fraud,t4,DataPlatform,snowflake
snowflake/dbt/private/fraud__stg_tips_by_seller,dbt__products__fraud,t4,DataPlatform,snowflake
snowflake/dbt/private/ledger__base_ledger_transactions,dbt__core__ledger,t1,DataPlatform,snowflake
snowflake/dbt/private/livestreams__base_async_auction_events,dbt__core__livestreams,t1,DataPlatform,snowflake
snowflake/dbt/private/livestreams__base_livestream_history,dbt__core__livestreams,t1,DataPlatform,snowflake
snowflake/dbt/private/livestreams__base_livestream_shipping_settings,dbt__core__livestreams,t1,DataPlatform,snowflake
snowflake/dbt/private/livestreams__base_livestreams,dbt__core__livestreams,t1,DataPlatform,snowflake
snowflake/dbt/private/livestreams__stg_async_auctions,dbt__core__livestreams,t1,DataPlatform,snowflake
snowflake/dbt/private/livestreams__stg_exchange_rates,dbt__core__livestreams,t1,DataPlatform,snowflake
snowflake/dbt/private/livestreams__stg_livestream_duration,dbt__core__livestreams,t4,DataPlatform,snowflake
snowflake/dbt/private/livestreams__stg_livestream_lifecycle,dbt__core__livestreams,t1,DataPlatform,snowflake
snowflake/dbt/private/livestreams__stg_livestream_status,dbt__core__livestreams,t1,DataPlatform,snowflake
snowflake/dbt/private/livestreams__stg_simulated_livestreams,dbt__core__livestreams,t1,DataPlatform,snowflake
snowflake/dbt/private/notifications__base_channel_drop,dbt__core__notifications,t3,Notifications,snowflake
snowflake/dbt/private/notifications__base_channel_generation,dbt__core__notifications,t3,Notifications,snowflake
snowflake/dbt/private/notifications__base_channel_request,dbt__core__notifications,t3,Notifications,snowflake
snowflake/dbt/private/notifications__base_dispatch_failure,dbt__core__notifications,t3,Notifications,snowflake
snowflake/dbt/private/notifications__base_dispatch_success,dbt__core__notifications,t3,Notifications,snowflake
snowflake/dbt/private/notifications__base_editorial_push_history,dbt__core__notifications,t3,Notifications,snowflake
snowflake/dbt/private/notifications__base_link_landing,dbt__core__notifications,t3,Notifications,snowflake
snowflake/dbt/private/notifications__base_notification_settings_view,dbt__core__notifications,t3,Notifications,snowflake
snowflake/dbt/private/notifications__base_notifications_hub_dismiss,dbt__core__notifications,t3,Notifications,snowflake
snowflake/dbt/private/notifications__base_notifications_hub_entry_point,dbt__core__notifications,t3,Notifications,snowflake
snowflake/dbt/private/notifications__base_notifications_hub_item_impression,dbt__core__notifications,t3,Notifications,snowflake
snowflake/dbt/private/notifications__base_notifications_hub_item_tap,dbt__core__notifications,t3,Notifications,snowflake
snowflake/dbt/private/notifications__base_notifications_hub_view,dbt__core__notifications,t3,Notifications,snowflake
snowflake/dbt/private/notifications__base_push_lifecycle,dbt__core__notifications,t3,Notifications,snowflake
snowflake/dbt/private/notifications__base_send_request,dbt__core__notifications,t3,Notifications,snowflake
snowflake/dbt/private/notifications__base_send_request_drop,dbt__core__notifications,t3,Notifications,snowflake
snowflake/dbt/private/notifications__base_subject_generation,dbt__core__notifications,t3,Notifications,snowflake
snowflake/dbt/private/notifications__base_variant_selection,dbt__core__notifications,t3,Notifications,snowflake
snowflake/dbt/private/notifications__base_webhook,dbt__core__notifications,t3,Notifications,snowflake
snowflake/dbt/private/notifications__exposures_channel_drop_observability,dbt__core__notifications,t4,Notifications,snowflake
snowflake/dbt/private/notifications__exposures_channel_generation_observability,dbt__core__notifications,t4,Notifications,snowflake
snowflake/dbt/private/notifications__exposures_channel_request_observability,dbt__core__notifications,t4,Notifications,snowflake
snowflake/dbt/private/notifications__exposures_dagster_jobs_observability,dbt__core__notifications,t4,Notifications,snowflake
snowflake/dbt/private/notifications__exposures_dispatch_failure_observability,dbt__core__notifications,t4,Notifications,snowflake
snowflake/dbt/private/notifications__exposures_dispatch_success_observability,dbt__core__notifications,t4,Notifications,snowflake
snowflake/dbt/private/notifications__exposures_dropped_channel_requests,dbt__core__notifications,t4,Notifications,snowflake
snowflake/dbt/private/notifications__exposures_dropped_send_requests,dbt__core__notifications,t4,Notifications,snowflake
snowflake/dbt/private/notifications__exposures_event_observability,dbt__core__notifications,t4,Notifications,snowflake
snowflake/dbt/private/notifications__exposures_ingestion_observability,dbt__core__notifications,t4,Notifications,snowflake
snowflake/dbt/private/notifications__exposures_link_landing_observability,dbt__core__notifications,t4,Notifications,snowflake
snowflake/dbt/private/notifications__exposures_notifications_hub_dismiss_observability,dbt__core__notifications,t4,Notifications,snowflake
snowflake/dbt/private/notifications__exposures_notifications_hub_entry_point_observability,dbt__core__notifications,t4,Notifications,snowflake
snowflake/dbt/private/notifications__exposures_notifications_hub_item_impression_observability,dbt__core__notifications,t4,Notifications,snowflake
snowflake/dbt/private/notifications__exposures_notifications_hub_item_tap_observability,dbt__core__notifications,t4,Notifications,snowflake
snowflake/dbt/private/notifications__exposures_notifications_hub_view_observability,dbt__core__notifications,t4,Notifications,snowflake
snowflake/dbt/private/notifications__exposures_push_lifecycle_observability,dbt__core__notifications,t4,Notifications,snowflake
snowflake/dbt/private/notifications__exposures_send_request_drop_observability,dbt__core__notifications,t4,Notifications,snowflake
snowflake/dbt/private/notifications__exposures_send_request_observability,dbt__core__notifications,t4,Notifications,snowflake
snowflake/dbt/private/notifications__exposures_subject_generation_observability,dbt__core__notifications,t4,Notifications,snowflake
snowflake/dbt/private/notifications__exposures_variant_selection_observability,dbt__core__notifications,t4,Notifications,snowflake
snowflake/dbt/private/notifications__exposures_webhook_observability,dbt__core__notifications,t4,Notifications,snowflake
snowflake/dbt/private/notifications__stg_channel_drop_observability,dbt__core__notifications,t4,Notifications,snowflake
snowflake/dbt/private/notifications__stg_channel_generation_observability,dbt__core__notifications,t4,Notifications,snowflake
snowflake/dbt/private/notifications__stg_channel_request_observability,dbt__core__notifications,t4,Notifications,snowflake
snowflake/dbt/private/notifications__stg_dagster_jobs_observability,dbt__core__notifications,t3,Notifications,snowflake
snowflake/dbt/private/notifications__stg_dispatch_failure,dbt__core__notifications,t3,Notifications,snowflake
snowflake/dbt/private/notifications__stg_dispatch_failure_observability,dbt__core__notifications,t4,Notifications,snowflake
snowflake/dbt/private/notifications__stg_dispatch_success,dbt__core__notifications,t3,Notifications,snowflake
snowflake/dbt/private/notifications__stg_dispatch_success_observability,dbt__core__notifications,t4,Notifications,snowflake
snowflake/dbt/private/notifications__stg_dropped_channel_requests,dbt__core__notifications,t4,Notifications,snowflake
snowflake/dbt/private/notifications__stg_dropped_send_requests,dbt__core__notifications,t4,Notifications,snowflake
snowflake/dbt/private/notifications__stg_event_observability,dbt__core__notifications,t4,Notifications,snowflake
snowflake/dbt/private/notifications__stg_ingestion_observability,dbt__core__notifications,t4,Notifications,snowflake
snowflake/dbt/private/notifications__stg_link_landing,dbt__core__notifications,t3,Notifications,snowflake
snowflake/dbt/private/notifications__stg_link_landing_observability,dbt__core__notifications,t4,Notifications,snowflake
snowflake/dbt/private/notifications__stg_notif_hub_engagement_collapsed,dbt__core__notifications,t3,Notifications,snowflake
snowflake/dbt/private/notifications__stg_notifications_hub_dismiss_observability,dbt__core__notifications,t4,Notifications,snowflake
snowflake/dbt/private/notifications__stg_notifications_hub_entry_point_observability,dbt__core__notifications,t4,Notifications,snowflake
snowflake/dbt/private/notifications__stg_notifications_hub_item_impression_observability,dbt__core__notifications,t4,Notifications,snowflake
snowflake/dbt/private/notifications__stg_notifications_hub_item_tap_observability,dbt__core__notifications,t4,Notifications,snowflake
snowflake/dbt/private/notifications__stg_notifications_hub_view_observability,dbt__core__notifications,t4,Notifications,snowflake
snowflake/dbt/private/notifications__stg_push_lifecycle,dbt__core__notifications,t3,Notifications,snowflake
snowflake/dbt/private/notifications__stg_push_lifecycle_observability,dbt__core__notifications,t4,Notifications,snowflake
snowflake/dbt/private/notifications__stg_send_request,dbt__core__notifications,t3,Notifications,snowflake
snowflake/dbt/private/notifications__stg_send_request_drop,dbt__core__notifications,t3,Notifications,snowflake
snowflake/dbt/private/notifications__stg_send_request_drop_observability,dbt__core__notifications,t4,Notifications,snowflake
snowflake/dbt/private/notifications__stg_send_request_observability,dbt__core__notifications,t4,Notifications,snowflake
snowflake/dbt/private/notifications__stg_statsig_aggs,dbt__core__notifications,t3,Notifications,snowflake
snowflake/dbt/private/notifications__stg_subject_generation_collapsed,dbt__core__notifications,t3,Notifications,snowflake
snowflake/dbt/private/notifications__stg_subject_generation_observability,dbt__core__notifications,t4,Notifications,snowflake
snowflake/dbt/private/notifications__stg_variant_selection_observability,dbt__core__notifications,t4,Notifications,snowflake
snowflake/dbt/private/notifications__stg_webhook_observability,dbt__core__notifications,t4,Notifications,snowflake
snowflake/dbt/private/notifications__stg_webhooks,dbt__core__notifications,t3,Notifications,snowflake
snowflake/dbt/private/order_reversals__base_orders,dbt__core__order_reversals,t1,CustomerExperienceEngineering,snowflake
snowflake/dbt/private/order_reversals__base_payment_refund_transaction_audit_logs,dbt__core__order_reversals,t1,CustomerExperienceEngineering,snowflake
snowflake/dbt/private/order_reversals__base_payment_transactions,dbt__core__order_reversals,t1,CustomerExperienceEngineering,snowflake
snowflake/dbt/private/order_reversals__stg_payment_transactions_by_order,dbt__core__order_reversals,t1,CustomerExperienceEngineering,snowflake
snowflake/dbt/private/order_reversals__stg_refunds_by_order,dbt__core__order_reversals,t1,CustomerExperienceEngineering,snowflake
snowflake/dbt/private/order_reversals__stg_status_by_order,dbt__core__order_reversals,t1,CustomerExperienceEngineering,snowflake
snowflake/dbt/private/orders__base_order_items,dbt__core__orders,t1,Treasury,snowflake
snowflake/dbt/private/orders__base_order_items_history,dbt__core__orders,t1,Treasury,snowflake
snowflake/dbt/private/orders__base_order_records,dbt__core__orders,t1,Treasury,snowflake
snowflake/dbt/private/orders__base_orders,dbt__core__orders,t1,Treasury,snowflake
snowflake/dbt/private/orders__stg_opinionated_order_shipment_id,dbt__core__orders,t1,Treasury,snowflake
snowflake/dbt/private/orders__stg_scd_order_items,dbt__core__orders,t1,Treasury,snowflake
snowflake/dbt/private/orders__stg_user_agent,dbt__core__orders,t4,Treasury,snowflake
snowflake/dbt/private/payments__base_ledger_transactions,dbt__core__core_v2_beta,t1,DataPlatform,snowflake
snowflake/dbt/private/payments__base_payment_refund_transaction_audit_logs,dbt__core__core_v2_beta,t1,DataPlatform,snowflake
snowflake/dbt/private/payments__base_payment_transactions,dbt__core__core_v2_beta,t1,DataPlatform,snowflake
snowflake/dbt/private/payments__base_payments,dbt__core__core_v2_beta,t1,DataPlatform,snowflake
snowflake/dbt/private/payments__base_payments_history,dbt__core__core_v2_beta,t1,DataPlatform,snowflake
snowflake/dbt/private/payments__base_refund_requests,dbt__core__core_v2_beta,t1,DataPlatform,snowflake
snowflake/dbt/private/payments__stg_ledger_transactions_exchange_rates,dbt__core__core_v2_beta,t1,DataPlatform,snowflake
snowflake/dbt/private/payments__stg_payment_status_history,dbt__core__core_v2_beta,t1,DataPlatform,snowflake
snowflake/dbt/private/payments__stg_payment_transaction_cancellations,dbt__core__core_v2_beta,t1,DataPlatform,snowflake
snowflake/dbt/private/payments__stg_payment_transactions_exchange_rates,dbt__core__core_v2_beta,t1,DataPlatform,snowflake
snowflake/dbt/private/projections__expected_invoice_post_scan_shipping_adjustment,dbt__core__core_v2_beta,t4,DataPlatform,snowflake
snowflake/dbt/private/projections__shipping_post_scan_adjustment_forecast,dbt__core__core_v2_beta,t4,DataPlatform,snowflake
snowflake/dbt/private/purchases__base_handling_charges,dbt__core__core_v2_beta,t1,DataPlatform,snowflake
snowflake/dbt/private/purchases__base_listings,dbt__core__core_v2_beta,t1,DataPlatform,snowflake
snowflake/dbt/private/purchases__base_order_items,dbt__core__core_v2_beta,t1,DataPlatform,snowflake
snowflake/dbt/private/purchases__base_order_items_history,dbt__core__core_v2_beta,t1,DataPlatform,snowflake
snowflake/dbt/private/purchases__base_order_records,dbt__core__core_v2_beta,t1,DataPlatform,snowflake
snowflake/dbt/private/purchases__base_orders,dbt__core__core_v2_beta,t1,DataPlatform,snowflake
snowflake/dbt/private/purchases__base_orders_history,dbt__core__core_v2_beta,t1,DataPlatform,snowflake
snowflake/dbt/private/purchases__base_shipping_credits_usages,dbt__core__core_v2_beta,t1,DataPlatform,snowflake
snowflake/dbt/private/purchases__base_user_cancelled_order,dbt__core__core_v2_beta,t2,DataPlatform,snowflake
snowflake/dbt/private/purchases__scd_order_items,dbt__core__core_v2_beta,t1,DataPlatform,snowflake
snowflake/dbt/private/purchases__scd_orders,dbt__core__core_v2_beta,t1,DataPlatform,snowflake
snowflake/dbt/private/purchases__stg_base_for_exchange_rates,dbt__core__core_v2_beta,t1,DataPlatform,snowflake
snowflake/dbt/private/purchases__stg_exchange_rates,dbt__core__core_v2_beta,t1,DataPlatform,snowflake
snowflake/dbt/private/purchases__stg_handling_charges,dbt__core__core_v2_beta,t1,DataPlatform,snowflake
snowflake/dbt/private/purchases__stg_order_item_lifecycle,dbt__core__core_v2_beta,t1,DataPlatform,snowflake
snowflake/dbt/private/purchases__stg_order_lifecycle,dbt__core__core_v2_beta,t1,DataPlatform,snowflake
snowflake/dbt/private/purchases__stg_order_listings,dbt__core__core_v2_beta,t1,DataPlatform,snowflake
snowflake/dbt/private/purchases__stg_order_opinionated_shipment_id,dbt__core__core_v2_beta,t1,DataPlatform,snowflake
snowflake/dbt/private/purchases__stg_user_cancellation_requests,dbt__core__core_v2_beta,t2,DataPlatform,snowflake
snowflake/dbt/private/receipts__base_coupon_usages,dbt__core__receipts,t1,Treasury,snowflake
snowflake/dbt/private/receipts__base_coupons,dbt__core__receipts,t1,Treasury,snowflake
snowflake/dbt/private/receipts__base_invoice_line_items,dbt__core__receipts,t1,Treasury,snowflake
snowflake/dbt/private/receipts__base_invoices,dbt__core__receipts,t1,Treasury,snowflake
snowflake/dbt/private/receipts__base_ledger_transactions,dbt__core__receipts,t1,Treasury,snowflake
snowflake/dbt/private/receipts__base_listings,dbt__core__receipts,t1,Treasury,snowflake
snowflake/dbt/private/receipts__base_order_items,dbt__core__receipts,t1,Treasury,snowflake
snowflake/dbt/private/receipts__base_order_taxes,dbt__core__receipts,t1,Treasury,snowflake
snowflake/dbt/private/receipts__base_orders,dbt__core__receipts,t1,Treasury,snowflake
snowflake/dbt/private/receipts__base_payments,dbt__core__receipts,t1,Treasury,snowflake
snowflake/dbt/private/receipts__base_shipping_credit_usages,dbt__core__receipts,t1,Treasury,snowflake
snowflake/dbt/private/receipts__stg_exchange_rate_by_invoice,dbt__core__receipts,t1,Treasury,snowflake
snowflake/dbt/private/receipts__stg_exchange_rate_by_ledger,dbt__core__receipts,t1,Treasury,snowflake
snowflake/dbt/private/receipts__stg_exchange_rate_by_payment,dbt__core__receipts,t1,Treasury,snowflake
snowflake/dbt/private/receipts__stg_ledger_by_order,dbt__core__receipts,t1,Treasury,snowflake
snowflake/dbt/private/receipts__stg_order_invoice_line_items,dbt__core__receipts,t1,Treasury,snowflake
snowflake/dbt/private/receipts__stg_order_receipt,dbt__core__receipts,t1,Treasury,snowflake
snowflake/dbt/private/receipts__stg_order_receipt_current,dbt__core__receipts,t1,Treasury,snowflake
snowflake/dbt/private/receipts__stg_order_receipt_legacy,dbt__core__receipts,t1,Treasury,snowflake
snowflake/dbt/private/receipts__stg_payment_by_order,dbt__core__receipts,t1,Treasury,snowflake
snowflake/dbt/private/receipts__stg_seller_earning_invoice_line_items,dbt__core__receipts,t1,Treasury,snowflake
snowflake/dbt/private/receipts__stg_seller_earning_receipt,dbt__core__receipts,t1,Treasury,snowflake
snowflake/dbt/private/receipts__stg_seller_earning_receipt_current,dbt__core__receipts,t1,Treasury,snowflake
snowflake/dbt/private/receipts__stg_seller_earning_receipt_legacy,dbt__core__receipts,t1,Treasury,snowflake
snowflake/dbt/private/receipts__stg_seller_payout_invoice_line_items,dbt__core__receipts,t1,Treasury,snowflake
snowflake/dbt/private/receipts__stg_seller_payout_receipt,dbt__core__receipts,t1,Treasury,snowflake
snowflake/dbt/private/receipts__stg_seller_payout_receipt_current,dbt__core__receipts,t1,Treasury,snowflake
snowflake/dbt/private/receipts__stg_seller_payout_receipt_legacy,dbt__core__receipts,t1,Treasury,snowflake
snowflake/dbt/private/referrals__base_referral_lifecycle,dbt__core__referrals,t2,DataPlatform,snowflake
snowflake/dbt/private/referrals__base_seller_info,dbt__core__referrals,t2,DataPlatform,snowflake
snowflake/dbt/private/referrals__base_users,dbt__core__referrals,t2,DataPlatform,snowflake
snowflake/dbt/private/referrals__base_users_history,dbt__core__referrals,t2,DataPlatform,snowflake
snowflake/dbt/private/referrals__stg_became_referral_at,dbt__core__referrals,t2,DataPlatform,snowflake
snowflake/dbt/private/referrals__stg_referral_code_history,dbt__core__referrals,t2,DataPlatform,snowflake
snowflake/dbt/private/referrals__stg_referred_users,dbt__core__referrals,t2,DataPlatform,snowflake
snowflake/dbt/private/related_users__base_addresses,dbt__core__related_users,t1,DataPlatform,snowflake
snowflake/dbt/private/related_users__base_addresses_allowlist,dbt__core__related_users,t1,DataPlatform,snowflake
snowflake/dbt/private/related_users__base_app_events,dbt__core__related_users,t1,DataPlatform,snowflake
snowflake/dbt/private/related_users__base_cards,dbt__core__related_users,t1,DataPlatform,snowflake
snowflake/dbt/private/related_users__base_orders,dbt__core__related_users,t1,CoreML,snowflake
snowflake/dbt/private/related_users__base_payout_accounts,dbt__core__related_users,t1,DataPlatform,snowflake
snowflake/dbt/private/related_users__base_public_address,dbt__core__related_users,t1,CoreML,snowflake
snowflake/dbt/private/related_users__base_purchases,dbt__core__related_users,t1,CoreML,snowflake
snowflake/dbt/private/related_users__base_simulated_users,dbt__core__related_users,t1,DataPlatform,snowflake
snowflake/dbt/private/related_users__base_ts_actions,dbt__core__related_users,t1,DataPlatform,snowflake
snowflake/dbt/private/related_users__base_ts_addresses,dbt__core__related_users,t1,DataPlatform,snowflake
snowflake/dbt/private/related_users__base_user_device,dbt__core__related_users,t1,DataPlatform,snowflake
snowflake/dbt/private/related_users__base_user_vip_status,dbt__core__related_users,t2,CoreML,snowflake
snowflake/dbt/private/related_users__base_users,dbt__core__related_users,t1,DataPlatform,snowflake
snowflake/dbt/private/related_users__base_users_history,dbt__core__related_users,t1,DataPlatform,snowflake
snowflake/dbt/private/related_users__stg_aggregated_cards,dbt__core__related_users,t1,DataPlatform,snowflake
snowflake/dbt/private/related_users__stg_aggregated_google_normalized_addresses,dbt__core__related_users,t1,DataPlatform,snowflake
snowflake/dbt/private/related_users__stg_aggregated_normalized_addresses,dbt__core__related_users,t1,DataPlatform,snowflake
snowflake/dbt/private/related_users__stg_aggregated_payout_accounts,dbt__core__related_users,t1,DataPlatform,snowflake
snowflake/dbt/private/related_users__stg_aggregated_phone_numbers,dbt__core__related_users,t1,DataPlatform,snowflake
snowflake/dbt/private/related_users__stg_aggregated_phone_numbers_history,dbt__core__related_users,t1,DataPlatform,snowflake
snowflake/dbt/private/related_users__stg_aggregated_unioned_related_users_groups,dbt__core__related_users,t1,DataPlatform,snowflake
snowflake/dbt/private/related_users__stg_aggregated_user_devices,dbt__core__related_users,t1,DataPlatform,snowflake
snowflake/dbt/private/related_users__stg_allowed_address_id,dbt__core__related_users,t1,DataPlatform,snowflake
snowflake/dbt/private/related_users__stg_allowed_addresses,dbt__core__related_users,t1,DataPlatform,snowflake
snowflake/dbt/private/related_users__stg_allowed_normalized_addresses,dbt__core__related_users,t1,DataPlatform,snowflake
snowflake/dbt/private/related_users__stg_banned_users,dbt__core__related_users,t2,CoreML,snowflake
snowflake/dbt/private/related_users__stg_connected_accounts,dbt__core__related_users,t1,CoreML,snowflake
snowflake/dbt/private/related_users__stg_connected_accounts_address_metrics,dbt__core__related_users,t1,CoreML,snowflake
snowflake/dbt/private/related_users__stg_connected_accounts_device_metrics,dbt__core__related_users,t1,CoreML,snowflake
snowflake/dbt/private/related_users__stg_connected_accounts_email_metrics,dbt__core__related_users,t1,CoreML,snowflake
snowflake/dbt/private/related_users__stg_connected_accounts_heuristics,dbt__core__related_users,t1,CoreML,snowflake
snowflake/dbt/private/related_users__stg_connected_accounts_metrics,dbt__core__related_users,t1,CoreML,snowflake
snowflake/dbt/private/related_users__stg_connected_accounts_name_metrics,dbt__core__related_users,t1,CoreML,snowflake
snowflake/dbt/private/related_users__stg_connected_accounts_referral_metrics,dbt__core__related_users,t1,CoreML,snowflake
snowflake/dbt/private/related_users__stg_employee_devices,dbt__core__related_users,t1,DataPlatform,snowflake
snowflake/dbt/private/related_users__stg_ip_frontend_logs,dbt__core__related_users,t1,DataPlatform,snowflake
snowflake/dbt/private/related_users__stg_processed_sales_orders,dbt__core__related_users,t1,CoreML,snowflake
snowflake/dbt/private/related_users__stg_protected_buyers,dbt__core__related_users,t2,CoreML,snowflake
snowflake/dbt/private/related_users__stg_protected_by_connection,dbt__core__related_users,t2,CoreML,snowflake
snowflake/dbt/private/related_users__stg_protected_sellers,dbt__core__related_users,t2,CoreML,snowflake
snowflake/dbt/private/related_users__stg_protected_user_orders,dbt__core__related_users,t2,CoreML,snowflake
snowflake/dbt/private/related_users__stg_protected_users,dbt__core__related_users,t2,CoreML,snowflake
snowflake/dbt/private/related_users__stg_related_users_ip_pairs,dbt__core__related_users,t1,DataPlatform,snowflake
snowflake/dbt/private/related_users__stg_related_users_pairs,dbt__core__related_users,t1,DataPlatform,snowflake
snowflake/dbt/private/related_users__stg_related_users_pairs_with_ip,dbt__core__related_users,t1,DataPlatform,snowflake
snowflake/dbt/private/related_users__stg_related_users_with_ip_and_relationship_timestamp,dbt__core__related_users,t1,DataPlatform,snowflake
snowflake/dbt/private/related_users__stg_unioned_related_users_groups,dbt__core__related_users,t1,DataPlatform,snowflake
snowflake/dbt/private/security__base_addresses_history,dbt__core__security,t1,DataPlatform,snowflake
snowflake/dbt/private/security__base_legacy_blocked_users,dbt__core__security,t1,DataPlatform,snowflake
snowflake/dbt/private/security__base_listings,dbt__core__security,t1,DataPlatform,snowflake
snowflake/dbt/private/security__base_tap_live_chat_send_button,dbt__core__security,t1,DataPlatform,snowflake
snowflake/dbt/private/security__base_ts_actions,dbt__core__security,t1,DataPlatform,snowflake
snowflake/dbt/private/security__base_user_flagged_as_bot,dbt__core__security,t1,DataPlatform,snowflake
snowflake/dbt/private/security__base_user_livestream_watches,dbt__core__security,t1,DataPlatform,snowflake
snowflake/dbt/private/security__base_users,dbt__core__security,t1,DataPlatform,snowflake
snowflake/dbt/private/security__base_users_history,dbt__core__security,t1,DataPlatform,snowflake
snowflake/dbt/private/security__stg_chat_taps_by_user,dbt__core__security,t1,DataPlatform,snowflake
snowflake/dbt/private/security__stg_false_positive_metrics,dbt__core__security,t1,DataPlatform,snowflake
snowflake/dbt/private/security__stg_flagged_users,dbt__core__security,t1,DataPlatform,snowflake
snowflake/dbt/private/security__stg_livestream_watch_duration,dbt__core__security,t1,DataPlatform,snowflake
snowflake/dbt/private/security__stg_user_blocklist_unfiltered,dbt__core__security,t1,DataPlatform,snowflake
snowflake/dbt/private/seller_info__base_listings,dbt__core__seller_info,t2,DataPlatform,snowflake
snowflake/dbt/private/seller_info__base_livestream_products,dbt__core__seller_info,t2,DataPlatform,snowflake
snowflake/dbt/private/seller_info__base_users,dbt__core__seller_info,t2,DataPlatform,snowflake
snowflake/dbt/private/seller_info__base_users_history,dbt__core__seller_info,t2,DataPlatform,snowflake
snowflake/dbt/private/seller_info__stg_first_listings,dbt__core__seller_info,t2,DataPlatform,snowflake
snowflake/dbt/private/seller_info__stg_list_of_sellers,dbt__core__seller_info,t2,DataPlatform,snowflake
snowflake/dbt/private/seller_info__stg_seller_status,dbt__core__seller_info,t2,DataPlatform,snowflake
snowflake/dbt/private/seller_info__stg_seller_status_history,dbt__core__seller_info,t2,DataPlatform,snowflake
snowflake/dbt/private/shipments__base_carrier_scan_map,dbt__core__shipments,t4,DataPlatform,snowflake
snowflake/dbt/private/shipments__base_deleted_shipments,dbt__core__shipments,t1,DataPlatform,snowflake
snowflake/dbt/private/shipments__base_order_items,dbt__core__shipments,t4,DataPlatform,snowflake
snowflake/dbt/private/shipments__base_orders,dbt__core__shipments,t4,DataPlatform,snowflake
snowflake/dbt/private/shipments__base_shipment_updates,dbt__core__shipments,t1,DataPlatform,snowflake
snowflake/dbt/private/shipments__base_shipments,dbt__core__shipments,t1,DataPlatform,snowflake
snowflake/dbt/private/shipments__base_shipments_history,dbt__core__shipments,t1,DataPlatform,snowflake
snowflake/dbt/private/shipments__base_shipping_adjustment_line_items,dbt__core__shipments,t1,DataPlatform,snowflake
snowflake/dbt/private/shipments__base_shipping_adjustments,dbt__core__shipments,t1,DataPlatform,snowflake
snowflake/dbt/private/shipments__base_shipping_credit_usages,dbt__core__shipments,t1,DataPlatform,snowflake
snowflake/dbt/private/shipments__base_shipping_credits,dbt__core__shipments,t1,DataPlatform,snowflake
snowflake/dbt/private/shipments__base_shipping_insurance_claims,dbt__core__shipments,t1,DataPlatform,snowflake
snowflake/dbt/private/shipments__base_shipping_labels,dbt__core__shipments,t1,DataPlatform,snowflake
snowflake/dbt/private/shipments__base_shipping_profiles,dbt__core__shipments,t1,DataPlatform,snowflake
snowflake/dbt/private/shipments__base_shippo_invoices,dbt__core__shipments,t1,DataPlatform,snowflake
snowflake/dbt/private/shipments__base_shippo_override,dbt__core__shipments,t1,DataPlatform,snowflake
snowflake/dbt/private/shipments__base_tracking_updates,dbt__core__shipments,t1,DataPlatform,snowflake
snowflake/dbt/private/shipments__seed_carrier_scan_map,dbt__core__shipments,t1,unset,snowflake
snowflake/dbt/private/shipments__stg_aggregated_post_scan_shipping_adjustments,dbt__core__shipments,t1,DataPlatform,snowflake
snowflake/dbt/private/shipments__stg_aggregated_shipping_adjustments,dbt__core__shipments,t1,DataPlatform,snowflake
snowflake/dbt/private/shipments__stg_aggregated_shipping_dimension_changes,dbt__core__shipments,t1,DataPlatform,snowflake
snowflake/dbt/private/shipments__stg_aggregated_shipping_insurance_claims,dbt__core__shipments,t1,DataPlatform,snowflake
snowflake/dbt/private/shipments__stg_aggregated_shippo_invoices,dbt__core__shipments,t1,DataPlatform,snowflake
snowflake/dbt/private/shipments__stg_aggregated_tracking_updates,dbt__core__shipments,t1,DataPlatform,snowflake
snowflake/dbt/private/shipments__stg_exchange_rates,dbt__core__shipments,t1,DataPlatform,snowflake
snowflake/dbt/private/shipments__stg_most_recent_shipment_id,dbt__core__shipments,t1,DataPlatform,snowflake
snowflake/dbt/private/shipments__stg_orders,dbt__core__shipments,t4,DataPlatform,snowflake
snowflake/dbt/private/shipments__stg_shipment_lifecycle,dbt__core__shipments,t1,DataPlatform,snowflake
snowflake/dbt/private/shipments__stg_shipment_updates,dbt__core__shipments,t4,DataPlatform,snowflake
snowflake/dbt/private/shipments__stg_shipments_history,dbt__core__shipments,t1,DataPlatform,snowflake
snowflake/dbt/private/shipments__stg_shipping_adjustments,dbt__core__shipments,t1,DataPlatform,snowflake
snowflake/dbt/private/shipments__stg_shipping_dimension_changes,dbt__core__shipments,t1,DataPlatform,snowflake
snowflake/dbt/private/shipments__stg_shipping_profiles,dbt__core__shipments,t1,DataPlatform,snowflake
snowflake/dbt/private/shipments__stg_shippo_invoices_shipment_id,dbt__core__shipments,t1,DataPlatform,snowflake
snowflake/dbt/private/shipments__stg_shippo_override,dbt__core__shipments,t1,DataPlatform,snowflake
snowflake/dbt/private/shipments__stg_simulated_users,dbt__core__shipments,t1,DataPlatform,snowflake
snowflake/dbt/private/shipments__stg_tracking_updates,dbt__core__shipments,t1,DataPlatform,snowflake
snowflake/dbt/private/shipments__stg_tracking_updates_location,dbt__core__shipments,t1,DataPlatform,snowflake
snowflake/dbt/private/trust_signals__base_user_reports,dbt__products__trust_signals,t2,TrustPlatform,snowflake
snowflake/dbt/private/trust_signals__base_vip_sellers,dbt__products__trust_signals,t2,TrustPlatform,snowflake
snowflake/dbt/private/trust_signals__stg_user_reports,dbt__products__trust_signals,t2,TrustPlatform,snowflake
snowflake/dbt/private/user_reports__base_user_reports,dbt__core__user_reports,t4,GlobalTrustAndSafety,snowflake
snowflake/dbt/private/user_vip_status__base_ts_tag_actions,dbt__core__user_vip_status,t2,DataPlatform,snowflake
snowflake/dbt/private/user_vip_status__base_ts_tags,dbt__core__user_vip_status,t2,DataPlatform,snowflake
snowflake/dbt/private/user_vip_status__base_vip_definitions,dbt__core__user_vip_status,t2,DataPlatform,snowflake
snowflake/dbt/private/user_vip_status__stg_gmv_tags_by_buyer,dbt__core__user_vip_status,t2,DataPlatform,snowflake
snowflake/dbt/private/user_vip_status__stg_gmv_tags_by_seller,dbt__core__user_vip_status,t2,DataPlatform,snowflake
snowflake/dbt/private/user_vip_status__stg_gmv_vip_tags_by_buyer,dbt__core__user_vip_status,t2,DataPlatform,snowflake
snowflake/dbt/private/user_vip_status__stg_gmv_vip_tags_by_seller,dbt__core__user_vip_status,t2,DataPlatform,snowflake
snowflake/dbt/private/user_vip_status__stg_livestreams_by_seller,dbt__core__user_vip_status,t2,DataPlatform,snowflake
snowflake/dbt/private/user_vip_status__stg_orders_by_buyer_day,dbt__core__user_vip_status,t2,DataPlatform,snowflake
snowflake/dbt/private/user_vip_status__stg_orders_by_buyer_rolling_day,dbt__core__user_vip_status,t2,DataPlatform,snowflake
snowflake/dbt/private/user_vip_status__stg_orders_by_seller_day,dbt__core__user_vip_status,t2,DataPlatform,snowflake
snowflake/dbt/private/user_vip_status__stg_orders_by_seller_rolling_day,dbt__core__user_vip_status,t2,DataPlatform,snowflake
snowflake/dbt/private/user_vip_status__stg_ts_tag_actions,dbt__core__user_vip_status,t2,DataPlatform,snowflake
snowflake/dbt/private/users__base_addresses,dbt__core__users,t4,DataPlatform,snowflake
snowflake/dbt/private/users__base_compliance_logs,dbt__core__users,t4,DataPlatform,snowflake
snowflake/dbt/private/users__base_deleted_users,dbt__core__core_v2_beta,t1,DataPlatform,snowflake
snowflake/dbt/private/users__base_exclude_accounts,dbt__core__core_v2_beta,t1,DataPlatform,snowflake
snowflake/dbt/private/users__base_ts_tag_action,dbt__core__core_v2_beta,t2,DataPlatform,snowflake
snowflake/dbt/private/users__base_ts_tags,dbt__core__core_v2_beta,t2,DataPlatform,snowflake
snowflake/dbt/private/users__base_user_followed_user,dbt__core__core_v2_beta,t1,DataPlatform,snowflake
snowflake/dbt/private/users__base_user_object_action_history,dbt__core__core_v2_beta,t1,DataPlatform,snowflake
snowflake/dbt/private/users__base_user_profiles_history,dbt__core__core_v2_beta,t1,DataPlatform,snowflake
snowflake/dbt/private/users__base_user_unfollowed_user,dbt__core__core_v2_beta,t1,DataPlatform,snowflake
snowflake/dbt/private/users__base_users,dbt__core__users,t1,DataPlatform,snowflake
snowflake/dbt/private/users__base_users_history,dbt__core__core_v2_beta,t1,DataPlatform,snowflake
snowflake/dbt/private/users__stg_all_user_follow_actions,dbt__core__core_v2_beta,t1,DataPlatform,snowflake
snowflake/dbt/private/users__stg_home_address,dbt__core__users,t4,DataPlatform,snowflake
snowflake/dbt/private/users__stg_home_address_history,dbt__core__core_v2_beta,t4,DataPlatform,snowflake
snowflake/dbt/private/users__stg_mbe_user_follows,dbt__core__core_v2_beta,t1,DataPlatform,snowflake
snowflake/dbt/private/users__stg_shipping_address,dbt__core__users,t4,DataPlatform,snowflake
snowflake/dbt/private/users__stg_shipping_address_history,dbt__core__core_v2_beta,t4,DataPlatform,snowflake
snowflake/dbt/private/users__stg_user_follows_user,dbt__core__core_v2_beta,t1,DataPlatform,snowflake
snowflake/dbt/private/users__stg_user_profiles_history,dbt__core__core_v2_beta,t1,DataPlatform,snowflake
snowflake/dbt/private/users__stg_users_history,dbt__core__core_v2_beta,t1,DataPlatform,snowflake
snowflake/dbt/private/utils__base_country_currency_regions,dbt__core__utils,t1,DataPlatform,snowflake
snowflake/dbt/private/utils__base_currency_conversion_rates,dbt__core__utils,t1,DataPlatform,snowflake
snowflake/dbt/private/utils__base_ecb_netsuite_exchange_rate,dbt__core__utils,t1,DataPlatform,snowflake
snowflake/dbt/private/utils__base_simulated_users,dbt__core__utils,t1,DataPlatform,snowflake
snowflake/dbt/private/utils__stg_exchange_rate_dates_and_currencies,dbt__core__utils,t1,DataPlatform,snowflake
snowflake/dbt/private/utils__stg_exchange_rate_to_usd,dbt__core__utils,t1,DataPlatform,snowflake
snowflake/dbt/private/whatnot_app__base_app_versions_legacy,dbt__core__whatnot_app,t1,DataPlatform,snowflake
snowflake/dbt/private/whatnot_app__base_application_opens,dbt__core__whatnot_app,t1,DataPlatform,snowflake
snowflake/dbt/private/whatnot_app__base_entity_relationships,dbt__core__whatnot_app,t1,DataPlatform,snowflake
snowflake/dbt/private/whatnot_app__base_livestream_tags,dbt__core__whatnot_app,t1,DataPlatform,snowflake
snowflake/dbt/private/whatnot_app__base_livestream_tags_history,dbt__core__whatnot_app,t1,DataPlatform,snowflake
snowflake/dbt/private/whatnot_app__base_product_categories,dbt__core__whatnot_app,t1,DataPlatform,snowflake
snowflake/dbt/private/whatnot_app__base_product_categories_history,dbt__core__whatnot_app,t1,DataPlatform,snowflake
snowflake/dbt/private/whatnot_app__base_taxonomies,dbt__core__whatnot_app,t1,DataPlatform,snowflake
snowflake/dbt/private/whatnot_app__category_group_mapping,dbt__core__whatnot_app,t1,unset,snowflake
snowflake/dbt/private/whatnot_app__stg_app_versions,dbt__core__whatnot_app,t1,DataPlatform,snowflake
snowflake/dbt/private/whatnot_app__stg_app_versions_legacy,dbt__core__whatnot_app,t1,DataPlatform,snowflake
snowflake/dbt/private/whatnot_app__stg_category_absolute_layer,dbt__core__whatnot_app,t1,DataPlatform,snowflake
snowflake/dbt/private/whatnot_app__stg_category_ancestors,dbt__core__whatnot_app,t1,DataPlatform,snowflake
snowflake/dbt/private/whatnot_app__stg_category_descendants,dbt__core__whatnot_app,t1,DataPlatform,snowflake
snowflake/dbt/private/whatnot_app__stg_category_parents,dbt__core__whatnot_app,t1,DataPlatform,snowflake
snowflake/dbt/private/whatnot_app__stg_category_relative_layer,dbt__core__whatnot_app,t1,DataPlatform,snowflake
snowflake/dbt/private/whatnot_app__stg_custom_reporting_category,dbt__core__whatnot_app,t1,DataPlatform,snowflake
snowflake/dbt/private/whatnot_app__stg_entity_relationships,dbt__core__whatnot_app,t1,DataPlatform,snowflake
snowflake/dbt/private/whatnot_app__stg_livestream_tag_categories,dbt__core__whatnot_app,t1,DataPlatform,snowflake
snowflake/dbt/private/whatnot_app__stg_livestream_tags_history,dbt__core__whatnot_app,t4,DataPlatform,snowflake
snowflake/dbt/private/whatnot_app__stg_product_categories_history,dbt__core__whatnot_app,t4,DataPlatform,snowflake
snowflake/dbt/private/whatnot_app__stg_reporting_category,dbt__core__whatnot_app,t1,DataPlatform,snowflake
snowflake/dbt/private/whatnot_app__stg_root_reporting_category,dbt__core__whatnot_app,t1,DataPlatform,snowflake
snowflake/dbt/private/whatnot_app__stg_tag_absolute_layer,dbt__core__whatnot_app,t1,DataPlatform,snowflake
snowflake/dbt/private/whatnot_app__stg_tag_ancestors,dbt__core__whatnot_app,t1,DataPlatform,snowflake
snowflake/dbt/private/whatnot_app__stg_tag_descendants,dbt__core__whatnot_app,t1,DataPlatform,snowflake
snowflake/dbt/private/whatnot_app__stg_tag_parents,dbt__core__whatnot_app,t1,DataPlatform,snowflake
snowflake/dbt/private/whatnot_app__stg_tag_relative_layer,dbt__core__whatnot_app,t1,DataPlatform,snowflake
snowflake/dbt/private/whatnot_app__stg_tag_taxonomy,dbt__core__whatnot_app,t1,DataPlatform,snowflake
snowflake/dbt/private/whatnot_app__stg_unioned_app_versions,dbt__core__whatnot_app,t1,DataPlatform,snowflake
snowflake/dbt/products/a__active_user_day,dbt__products__analytics_core,t3,Analytics,snowflake
snowflake/dbt/products/a__appsflyer_installs,dbt__products__attributions,t3,Analytics,snowflake
snowflake/dbt/products/a__appsflyer_installs_attribution,dbt__products__attributions,t3,Analytics,snowflake
snowflake/dbt/products/a__async_auctions,dbt__products__analytics_core,t3,Analytics,snowflake
snowflake/dbt/products/a__buyer_lifetime_category,dbt__products__analytics_core,t3,Analytics,snowflake
snowflake/dbt/products/a__buyer_segmentation,dbt__products__analytics_core,t3,Analytics,snowflake
snowflake/dbt/products/a__category_reporting,dbt__products__analytics_core,t3,Analytics,snowflake
snowflake/dbt/products/a__client_device_day,dbt__products__analytics_core,t3,Analytics,snowflake
snowflake/dbt/products/a__client_user_day,dbt__products__analytics_core,t3,Analytics,snowflake
snowflake/dbt/products/a__date,dbt__products__analytics_core,t3,Analytics,snowflake
snowflake/dbt/products/a__discovery_feed_events,dbt__products__analytics_core,t3,Analytics,snowflake
snowflake/dbt/products/a__event_day,dbt__products__analytics_core,t3,Analytics,snowflake
snowflake/dbt/products/a__event_day_cohort_retention,dbt__products__analytics_core,t3,Analytics,snowflake
snowflake/dbt/products/a__historical_report_reason_mapping,dbt__products__a__historical_report_reason_mapping,t2,unset,snowflake
snowflake/dbt/products/a__listing_product_attributes,dbt__products__analytics_core,t3,Analytics,snowflake
snowflake/dbt/products/a__listings,dbt__products__analytics_core,t3,Analytics,snowflake
snowflake/dbt/products/a__livestream,dbt__products__analytics_core,t3,Analytics,snowflake
snowflake/dbt/products/a__livestream_category,dbt__products__analytics_core,t3,Analytics,snowflake
snowflake/dbt/products/a__livestream_category_reporting,dbt__products__analytics_core,t3,Analytics,snowflake
snowflake/dbt/products/a__livestream_concurrents,dbt__products__analytics_core,t3,Analytics,snowflake
snowflake/dbt/products/a__livestream_listing,dbt__products__analytics_core,t3,Analytics,snowflake
snowflake/dbt/products/a__livestream_viewer,dbt__products__analytics_core,t3,Analytics,snowflake
snowflake/dbt/products/a__livestream_viewer_day,dbt__products__analytics_core,t3,Analytics,snowflake
snowflake/dbt/products/a__location_reporting,dbt__products__analytics_core,t3,Analytics,snowflake
snowflake/dbt/products/a__metric_day,dbt__products__analytics_core,t3,Analytics,snowflake
snowflake/dbt/products/a__metric_week,dbt__products__analytics_core,t3,Analytics,snowflake
snowflake/dbt/products/a__order,dbt__products__analytics_core,t3,Analytics,snowflake
snowflake/dbt/products/a__order_cancel,dbt__products__analytics_core,t3,Analytics,snowflake
snowflake/dbt/products/a__order_refund,dbt__products__analytics_core,t3,Analytics,snowflake
snowflake/dbt/products/a__order_refund_view,dbt__products__analytics_core,t4,Analytics,snowflake
snowflake/dbt/products/a__order_view,dbt__products__analytics_core,t4,Analytics,snowflake
snowflake/dbt/products/a__referral,dbt__products__analytics_core,t3,Analytics,snowflake
snowflake/dbt/products/a__refund,dbt__products__analytics_core,t3,Analytics,snowflake
snowflake/dbt/products/a__refund_request,dbt__products__analytics_core,t3,Analytics,snowflake
snowflake/dbt/products/a__refund_request_view,dbt__products__analytics_core,t4,Analytics,snowflake
snowflake/dbt/products/a__refund_view,dbt__products__analytics_core,t4,Analytics,snowflake
snowflake/dbt/products/a__seller,dbt__products__analytics_core,t3,Analytics,snowflake
snowflake/dbt/products/a__seller_day,dbt__products__analytics_core,t3,Analytics,snowflake
snowflake/dbt/products/a__seller_segmentation,dbt__products__analytics_core,t3,Analytics,snowflake
snowflake/dbt/products/a__seo_traffic_attribution,dbt__products__attributions,t3,Analytics,snowflake
snowflake/dbt/products/a__seo_traffic_touchpoints,dbt__products__attributions,t3,Analytics,snowflake
snowflake/dbt/products/a__shipments,dbt__products__analytics_core,t3,Analytics,snowflake
snowflake/dbt/products/a__shipping_adjustment_line_items,dbt__products__analytics_core,t3,Analytics,snowflake
snowflake/dbt/products/a__stg_autocomplete_user_day,dbt__products__analytics_core,t3,Analytics,snowflake
snowflake/dbt/products/a__stg_cross_category_engagement,dbt__products__analytics_core,t3,Analytics,snowflake
snowflake/dbt/products/a__stg_direct_order,dbt__products__analytics_core,t3,Analytics,snowflake
snowflake/dbt/products/a__stg_discovery_user_day,dbt__products__analytics_core,t3,Analytics,snowflake
snowflake/dbt/products/a__stg_feed_category_zero_live_counts,dbt__products__analytics_core,t3,Analytics,snowflake
snowflake/dbt/products/a__stg_feed_views,dbt__products__analytics_core,t3,Analytics,snowflake
snowflake/dbt/products/a__stg_feed_watch_time_user_day,dbt__products__analytics_core,t3,Analytics,snowflake
snowflake/dbt/products/a__stg_frontend_livestream_watch_events,dbt__products__analytics_core,t3,Analytics,snowflake
snowflake/dbt/products/a__stg_giveaway_order,dbt__products__analytics_core,t3,Analytics,snowflake
snowflake/dbt/products/a__stg_listings_collapsed,dbt__products__analytics_core,t3,Analytics,snowflake
snowflake/dbt/products/a__stg_live_listings_collapsed,dbt__products__analytics_core,t3,Analytics,snowflake
snowflake/dbt/products/a__stg_liveshop_status,dbt__products__analytics_core,t3,Analytics,snowflake
snowflake/dbt/products/a__stg_livestreams,dbt__products__analytics_core,t3,Analytics,snowflake
snowflake/dbt/products/a__stg_marketplace_approval,dbt__products__analytics_core,t3,Analytics,snowflake
snowflake/dbt/products/a__stg_marketplace_status,dbt__products__analytics_core,t3,Analytics,snowflake
snowflake/dbt/products/a__stg_mbe_listings_collapsed,dbt__products__analytics_core,t3,Analytics,snowflake
snowflake/dbt/products/a__stg_metric_active_user_day,dbt__products__analytics_core,t3,Analytics,snowflake
snowflake/dbt/products/a__stg_metric_livestream,dbt__products__analytics_core,t3,Analytics,snowflake
snowflake/dbt/products/a__stg_metric_livestream_concurrents_day,dbt__products__analytics_core,t3,Analytics,snowflake
snowflake/dbt/products/a__stg_metric_livestream_day,dbt__products__analytics_core,t3,Analytics,snowflake
snowflake/dbt/products/a__stg_metric_livestream_impressions,dbt__products__analytics_core,t3,Analytics,snowflake
snowflake/dbt/products/a__stg_metric_livestream_tap,dbt__products__analytics_core,t3,Analytics,snowflake
snowflake/dbt/products/a__stg_metric_livestream_viewer,dbt__products__analytics_core,t3,Analytics,snowflake
snowflake/dbt/products/a__stg_metric_livestream_viewer_day,dbt__products__analytics_core,t3,Analytics,snowflake
snowflake/dbt/products/a__stg_metric_livestream_viewer_week,dbt__products__analytics_core,t3,Analytics,snowflake
snowflake/dbt/products/a__stg_metric_livestream_week,dbt__products__analytics_core,t3,Analytics,snowflake
snowflake/dbt/products/a__stg_metric_order,dbt__products__analytics_core,t3,Analytics,snowflake
snowflake/dbt/products/a__stg_metric_order_day,dbt__products__analytics_core,t3,Analytics,snowflake
snowflake/dbt/products/a__stg_metric_order_week,dbt__products__analytics_core,t3,Analytics,snowflake
snowflake/dbt/products/a__stg_order_attribution,dbt__products__analytics_core,t3,Analytics,snowflake
snowflake/dbt/products/a__stg_product_feed_engagement_user_day,dbt__products__analytics_core,t3,Analytics,snowflake
snowflake/dbt/products/a__stg_search_chat_funnel,dbt__products__analytics_core,t3,Analytics,snowflake
snowflake/dbt/products/a__stg_seller_spine,dbt__products__analytics_core,t3,Analytics,snowflake
snowflake/dbt/products/a__stg_serp_user_day,dbt__products__analytics_core,t3,Analytics,snowflake
snowflake/dbt/products/a__stg_user_events_day,dbt__products__analytics_core,t3,Analytics,snowflake
snowflake/dbt/products/a__stg_user_first_platform,dbt__products__analytics_core,t3,Analytics,snowflake
snowflake/dbt/products/a__stg_user_livestream_feed_attribution,dbt__products__analytics_core,t3,Analytics,snowflake
snowflake/dbt/products/a__stg_user_order_product_category_affinity,dbt__products__analytics_core,t3,Analytics,snowflake
snowflake/dbt/products/a__stg_user_order_seller_affinity,dbt__products__analytics_core,t3,Analytics,snowflake
snowflake/dbt/products/a__stg_user_platform_session,dbt__products__analytics_core,t3,Analytics,snowflake
snowflake/dbt/products/a__stg_wab_repeat_buyers,dbt__products__analytics_core,t3,Analytics,snowflake
snowflake/dbt/products/a__support_cost,dbt__products__analytics_core,t3,Analytics,snowflake
snowflake/dbt/products/a__tips,dbt__products__analytics_core,t3,Analytics,snowflake
snowflake/dbt/products/a__user,dbt__products__analytics_core,t3,Analytics,snowflake
snowflake/dbt/products/a__user_category_first_livestream_order,dbt__products__analytics_core,t3,Analytics,snowflake
snowflake/dbt/products/a__user_category_follows,dbt__products__analytics_core,t3,Analytics,snowflake
snowflake/dbt/products/a__user_day,dbt__products__analytics_core,t3,Analytics,snowflake
snowflake/dbt/products/a__user_days_since_creation,dbt__products__analytics_core,t3,Analytics,snowflake
snowflake/dbt/products/a__user_device_advertising_id,dbt__products__analytics_core,t3,Analytics,snowflake
snowflake/dbt/products/a__user_first_purchase_milestones,dbt__products__analytics_core,t3,Analytics,snowflake
snowflake/dbt/products/a__user_gmv_cm_datelist,dbt__products__analytics_core,t3,Analytics,snowflake
snowflake/dbt/products/a__user_order_day,dbt__products__analytics_core,t3,Analytics,snowflake
snowflake/dbt/products/a__user_platform,dbt__products__analytics_core,t3,Analytics,snowflake
snowflake/dbt/products/a__user_segmentation,dbt__products__analytics_core,t3,Analytics,snowflake
snowflake/dbt/products/a__verification_request,dbt__products__analytics_core,t3,Analytics,snowflake
snowflake/dbt/products/a__weekly_projection,dbt__products__analytics_core,t3,Analytics,snowflake
snowflake/dbt/products/a__weekly_projection_international,dbt__products__analytics_core,t3,Analytics,snowflake
snowflake/dbt/products/a__zendesk_agent_team_roster,dbt__products__analytics_core,t3,Analytics,snowflake
snowflake/dbt/products/a__zendesk_ticket,dbt__products__analytics_core,t3,Analytics,snowflake
snowflake/dbt/products/a__zendesk_ticket_agent_event,dbt__products__analytics_core,t3,Analytics,snowflake
snowflake/dbt/products/a__zendesk_ticket_day,dbt__products__analytics_core,t3,Analytics,snowflake
snowflake/dbt/products/a__zendesk_ticket_events,dbt__products__analytics_core,t2,Analytics,snowflake
snowflake/dbt/products/a__zendesk_upstream_ticket,dbt__products__analytics_core,t2,Analytics,snowflake
snowflake/dbt/products/account__hierarchy,dbt__products__sales,t3,Analytics,snowflake
snowflake/dbt/products/account__sellers,dbt__products__sales,t3,Analytics,snowflake
snowflake/dbt/products/account_health__overview,dbt__products__account_health,t3,GlobalTrustAndSafety,snowflake
snowflake/dbt/products/account_management__gmv_targets,dbt__products__sales,t3,Analytics,snowflake
snowflake/dbt/products/account_management__seller_orders,dbt__products__sales,t3,Analytics,snowflake
snowflake/dbt/products/account_management__sellers,dbt__products__sales,t3,Analytics,snowflake
snowflake/dbt/products/accounting__dac7_reporting,dbt__products__financial_accounting,t3,Analytics,snowflake
snowflake/dbt/products/accounting__l1_category_l28d_cm,dbt__products__financial_accounting,t3,Analytics,snowflake
snowflake/dbt/products/accounting__order,dbt__products__financial_accounting,t3,Analytics,snowflake
snowflake/dbt/products/accounting__order_line_items,dbt__products__financial_accounting,t3,Analytics,snowflake
snowflake/dbt/products/accounting__paid_and_influencer_marketing_spend,dbt__products__financial_accounting,t3,Analytics,snowflake
snowflake/dbt/products/accounting__seller_ltv_multipliers,dbt__products__financial_accounting,t3,Analytics,snowflake
snowflake/dbt/products/accounting__stg_cm_ltv_multiplier,dbt__products__financial_accounting,t3,Analytics,snowflake
snowflake/dbt/products/accounting__stg_dac7_reporting,dbt__products__financial_accounting,t3,Analytics,snowflake
snowflake/dbt/products/accounting__stg_gmv_ltv_multiplier,dbt__products__financial_accounting,t3,Analytics,snowflake
snowflake/dbt/products/accounting__user_ltv,dbt__products__financial_accounting,t3,Analytics,snowflake
snowflake/dbt/products/accounting__user_referral_cost,dbt__products__financial_accounting,t3,Analytics,snowflake
snowflake/dbt/products/accounting_metrics__contribution_margin_category_incentive_estimates,dbt__products__accounting_metrics__contribution_margin_category_incentive_estimates,t3,unset,snowflake
snowflake/dbt/products/accounting_metrics__contribution_margin_category_incentive_estimates_defaults,dbt__products__accounting_metrics__contribution_margin_category_incentive_estimates_defaults,t3,unset,snowflake
snowflake/dbt/products/accounting_metrics__cost_line_item_estimates,dbt__products__accounting_metrics__cost_line_item_estimates,t3,unset,snowflake
snowflake/dbt/products/accounting_metrics__cost_line_item_estimates_defaults,dbt__products__accounting_metrics__cost_line_item_estimates_defaults,t3,unset,snowflake
snowflake/dbt/products/ad_auctions__auction_features,dbt__products__ad_auctions,t2,Ads,snowflake
snowflake/dbt/products/ad_auctions__bids_and_winners,dbt__products__ad_auctions,t2,Ads,snowflake
snowflake/dbt/products/ad_auctions__daily_stats,dbt__products__ad_auctions,t2,Ads,snowflake
snowflake/dbt/products/ads__ad_backend_events_aggregated,dbt__products__ads,t2,Ads,snowflake
snowflake/dbt/products/ads__ad_campaigns_runtime_and_cpi_data,dbt__products__ads,t3,Ads,snowflake
snowflake/dbt/products/ads__ad_frontend_events,dbt__products__ads,t2,Ads,snowflake
snowflake/dbt/products/ads__ad_frontend_events_aggregated,dbt__products__ads,t2,Ads,snowflake
snowflake/dbt/products/ads__android_cm_rate_l12w,dbt__products__ad_performance,t3,Growth,snowflake
snowflake/dbt/products/ads__android_device_attributions,dbt__products__ad_performance,t3,Growth,snowflake
snowflake/dbt/products/ads__android_performance,dbt__products__ad_performance,t3,Growth,snowflake
snowflake/dbt/products/ads__android_performance_user,dbt__products__ad_performance,t3,Growth,snowflake
snowflake/dbt/products/ads__applovin_non_skan_performance,dbt__products__ad_performance,t3,Growth,snowflake
snowflake/dbt/products/ads__applovin_non_skan_performance_user,dbt__products__ad_performance,t3,Growth,snowflake
snowflake/dbt/products/ads__asa_performance,dbt__products__ad_performance,t3,Growth,snowflake
snowflake/dbt/products/ads__asa_performance_user,dbt__products__ad_performance,t3,Growth,snowflake
snowflake/dbt/products/ads__auction_campaign_behaviour,dbt__products__ads,t3,Ads,snowflake
snowflake/dbt/products/ads__auction_campaign_participation,dbt__products__ads,t1,Ads,snowflake
snowflake/dbt/products/ads__auction_stage_auction_ran,dbt__products__ads,t1,Ads,snowflake
snowflake/dbt/products/ads__buyer_cohorts,dbt__products__ads,t2,Ads,snowflake
snowflake/dbt/products/ads__campaign_budget_distribution,dbt__products__ads,t2,Ads,snowflake
snowflake/dbt/products/ads__campaign_names_stg,dbt__products__ad_performance,t3,Growth,snowflake
snowflake/dbt/products/ads__campaign_spine,dbt__products__ads,t3,Ads,snowflake
snowflake/dbt/products/ads__campaign_text_match,dbt__products__ad_performance,t3,unset,snowflake
snowflake/dbt/products/ads__cross_category_cm,dbt__products__ad_performance,t3,Growth,snowflake
snowflake/dbt/products/ads__cross_category_gmv_distribution,dbt__products__ad_performance,t3,Growth,snowflake
snowflake/dbt/products/ads__daily_eroas_stats,dbt__products__ad_performance,t3,Growth,snowflake
snowflake/dbt/products/ads__daily_install_funnel,dbt__products__ad_performance,t3,Growth,snowflake
snowflake/dbt/products/ads__daily_performance,dbt__products__ad_performance,t3,Growth,snowflake
snowflake/dbt/products/ads__dynamic_cm_rates_stg,dbt__products__ad_performance,t3,Growth,snowflake
snowflake/dbt/products/ads__first_shipment_gmv_proportion_stg,dbt__products__ad_performance,t3,Growth,snowflake
snowflake/dbt/products/ads__fyf_heuristic,dbt__products__ads,t2,Ads,snowflake
snowflake/dbt/products/ads__fyf_heuristic_top_category,dbt__products__ads,t2,Ads,snowflake
snowflake/dbt/products/ads__google_user_attributions,dbt__products__ad_performance,t3,Growth,snowflake
snowflake/dbt/products/ads__ios_device_advertising_attributions,dbt__products__ad_performance,t3,Growth,snowflake
snowflake/dbt/products/ads__ios_device_vendor_attributions,dbt__products__ad_performance,t3,Growth,snowflake
snowflake/dbt/products/ads__ios_gmv_multiplier,dbt__products__ads,t3,Ads,snowflake
snowflake/dbt/products/ads__ios_performance,dbt__products__ad_performance,t3,Growth,snowflake
snowflake/dbt/products/ads__multipliers,dbt__products__ad_performance,t3,Growth,snowflake
snowflake/dbt/products/ads__paid_user_searches_d7,dbt__products__ad_performance,t3,Growth,snowflake
snowflake/dbt/products/ads__positive_buyer_seller_interaction,dbt__products__ads,t2,Ads,snowflake
snowflake/dbt/products/ads__rolling_cm_rate_stg,dbt__products__ad_performance,t3,Growth,snowflake
snowflake/dbt/products/ads__seller_ad_attribution,dbt__products__ad_performance,t3,Growth,snowflake
snowflake/dbt/products/ads__seller_ad_daily_performance,dbt__products__ad_performance,t3,Growth,snowflake
snowflake/dbt/products/ads__seller_ad_performance_user,dbt__products__ad_performance,t3,Growth,snowflake
snowflake/dbt/products/ads__seller_ad_spend,dbt__products__ad_performance,t3,Growth,snowflake
snowflake/dbt/products/ads__seller_category_loyalty,dbt__products__ad_performance,t3,Growth,snowflake
snowflake/dbt/products/ads__seller_recent_data,dbt__products__ads,t2,Ads,snowflake
snowflake/dbt/products/ads__static_cm_rates_raw,dbt__products__ad_performance,t3,unset,snowflake
snowflake/dbt/products/ads__static_cm_rates_stg,dbt__products__ad_performance,t3,Growth,snowflake
snowflake/dbt/products/ads__swing_s2s_similarity,dbt__products__ads,t2,Ads,snowflake
snowflake/dbt/products/ads__ua_growth_overview,dbt__products__ad_performance,t3,Growth,snowflake
snowflake/dbt/products/ads__ua_spend,dbt__products__ad_performance,t3,Growth,snowflake
snowflake/dbt/products/ads__ua_top_funnel,dbt__products__ad_performance,t3,Growth,snowflake
snowflake/dbt/products/ads__w2a_performance,dbt__products__ad_performance,t3,Growth,snowflake
snowflake/dbt/products/ads__w2a_performance_new,dbt__products__ad_performance,t3,Growth,snowflake
snowflake/dbt/products/ads__w2a_performance_user,dbt__products__ad_performance,t3,Growth,snowflake
snowflake/dbt/products/ads__weekly_performance,dbt__products__ad_performance,t3,Growth,snowflake
snowflake/dbt/products/ads_quality__bid_winners,dbt__products__ads_quality,t3,Ads,snowflake
snowflake/dbt/products/ads_quality__cohorts,dbt__products__ads_quality,t3,Ads,snowflake
snowflake/dbt/products/ads_quality__default_bidding,dbt__products__ads_quality,t3,Growth,snowflake
snowflake/dbt/products/ads_quality__gini_scores,dbt__products__ads_quality,t3,Ads,snowflake
snowflake/dbt/products/ads_quality__stage_trust_base,dbt__products__ads_quality,t3,Ads,snowflake
snowflake/dbt/products/affiliates__costs,dbt__products__affiliates,t3,Analytics,snowflake
snowflake/dbt/products/affiliates__ftbs,dbt__products__affiliates,t3,Analytics,snowflake
snowflake/dbt/products/affiliates__ftbs_7_day_window,dbt__products__affiliates,t3,Analytics,snowflake
snowflake/dbt/products/affiliates__impact_order_events,dbt__products__affiliates,t3,Analytics,snowflake
snowflake/dbt/products/affiliates__orders,dbt__products__affiliates,t3,Analytics,snowflake
snowflake/dbt/products/affiliates__orders_v2,dbt__products__affiliates,t3,Analytics,snowflake
snowflake/dbt/products/affiliates__partners,dbt__products__affiliates,t3,Analytics,snowflake
snowflake/dbt/products/app_platform__weekly_gmv_per_app_version,dbt__products__app_platform,t2,AppPlatform,snowflake
snowflake/dbt/products/attribution__appsflyer_installs_stg,dbt__products__attributions,t3,Analytics,snowflake
snowflake/dbt/products/attribution__impact_touchpoints_stg,dbt__products__attributions,t3,Analytics,snowflake
snowflake/dbt/products/attribution__seo_touchpoints_stg,dbt__products__attributions,t3,Analytics,snowflake
snowflake/dbt/products/attribution__users_stg,dbt__products__attributions,t3,Analytics,snowflake
snowflake/dbt/products/audiences__all_churned_dau,dbt__products__audiences,t2,Growth,snowflake
snowflake/dbt/products/audiences__cohort,dbt__products__audiences,t3,Growth,snowflake
snowflake/dbt/products/audiences__stg_all_arts_crafts,dbt__products__audiences,t3,Growth,snowflake
snowflake/dbt/products/audiences__stg_all_arts_crafts_plus_vintage_decor,dbt__products__audiences,t3,Growth,snowflake
snowflake/dbt/products/audiences__stg_async_auctions_sports_and_tcg,dbt__products__audiences,t3,Growth,snowflake
snowflake/dbt/products/audiences__stg_at_tcg_buyers_followers_dach_min_spend_150usd,dbt__products__audiences,t3,Growth,snowflake
snowflake/dbt/products/audiences__stg_dach_buyers,dbt__products__audiences,t3,Growth,snowflake
snowflake/dbt/products/audiences__stg_dach_collectibles_viewers,dbt__products__audiences,t3,Growth,snowflake
snowflake/dbt/products/audiences__stg_dach_fashion_viewers,dbt__products__audiences,t3,Growth,snowflake
snowflake/dbt/products/audiences__stg_dach_mens_fashion_viewers,dbt__products__audiences,t3,Growth,snowflake
snowflake/dbt/products/audiences__stg_dach_sports_buyers__highest_ov_min500usd,dbt__products__audiences,t3,Growth,snowflake
snowflake/dbt/products/audiences__stg_dach_sports_followers,dbt__products__audiences,t3,Growth,snowflake
snowflake/dbt/products/audiences__stg_dach_sports_viewers,dbt__products__audiences,t3,Growth,snowflake
snowflake/dbt/products/audiences__stg_dach_tcg_buyers__highest_ov_min500usd,dbt__products__audiences,t3,Growth,snowflake
snowflake/dbt/products/audiences__stg_dach_tcg_follower,dbt__products__audiences,t3,Growth,snowflake
snowflake/dbt/products/audiences__stg_dach_tcg_viewers,dbt__products__audiences,t3,Growth,snowflake
snowflake/dbt/products/audiences__stg_dach_users,dbt__products__audiences,t3,Growth,snowflake
snowflake/dbt/products/audiences__stg_dach_womens_fashion_viewers,dbt__products__audiences,t3,Growth,snowflake
snowflake/dbt/products/audiences__stg_de_users,dbt__products__audiences,t3,Growth,snowflake
snowflake/dbt/products/audiences__stg_dev_community_eng,dbt__products__audiences,t3,Growth,snowflake
snowflake/dbt/products/audiences__stg_dev_notif_eng,dbt__products__audiences,t3,Growth,snowflake
snowflake/dbt/products/audiences__stg_editorial_surfaces,dbt__products__audiences,t3,Growth,snowflake
snowflake/dbt/products/audiences__stg_editorial_surfaces_unnested,dbt__products__audiences,t3,Growth,snowflake
snowflake/dbt/products/audiences__stg_editorial_targeting,dbt__products__audiences,t3,Growth,snowflake
snowflake/dbt/products/audiences__stg_eu_users_all_ex_managed,dbt__products__audiences,t3,Growth,snowflake
snowflake/dbt/products/audiences__stg_eu_users_fashion_ex_managed,dbt__products__audiences,t3,Growth,snowflake
snowflake/dbt/products/audiences__stg_eu_users_sports_ex_managed,dbt__products__audiences,t3,Growth,snowflake
snowflake/dbt/products/audiences__stg_eu_users_tcg_ex_managed,dbt__products__audiences,t3,Growth,snowflake
snowflake/dbt/products/audiences__stg_eu_users_toys_ex_managed,dbt__products__audiences,t3,Growth,snowflake
snowflake/dbt/products/audiences__stg_fr_excluding_womens_fashion_bags_beauty,dbt__products__audiences,t3,Growth,snowflake
snowflake/dbt/products/audiences__stg_fr_mens_fashion_viewers,dbt__products__audiences,t3,Growth,snowflake
snowflake/dbt/products/audiences__stg_fr_womens_fashion,dbt__products__audiences,t3,Growth,snowflake
snowflake/dbt/products/audiences__stg_france_buyers_sportscards,dbt__products__audiences,t3,Growth,snowflake
snowflake/dbt/products/audiences__stg_frlaunch,dbt__products__audiences,t3,Growth,snowflake
snowflake/dbt/products/audiences__stg_general_all_in_country_region,dbt__products__audiences,t3,Growth,snowflake
snowflake/dbt/products/audiences__stg_general_category_type_country_region,dbt__products__audiences,t3,Growth,snowflake
snowflake/dbt/products/audiences__stg_general_l1_category_country_region,dbt__products__audiences,t3,Growth,snowflake
snowflake/dbt/products/audiences__stg_general_lorcana,dbt__products__audiences,t3,Growth,snowflake
snowflake/dbt/products/audiences__stg_general_seller_category_type_country_region,dbt__products__audiences,t3,Growth,snowflake
snowflake/dbt/products/audiences__stg_germany_buyers_sportscards,dbt__products__audiences,t3,Growth,snowflake
snowflake/dbt/products/audiences__stg_germany_sports_followers,dbt__products__audiences,t3,Growth,snowflake
snowflake/dbt/products/audiences__stg_germany_tcg_followers,dbt__products__audiences,t3,Growth,snowflake
snowflake/dbt/products/audiences__stg_handmade_and_home_decor,dbt__products__audiences,t3,Growth,snowflake
snowflake/dbt/products/audiences__stg_loyalty_buyers_with_at_least_1_loyalty_unlock,dbt__products__audiences,t3,Growth,snowflake
snowflake/dbt/products/audiences__stg_loyalty_buyers_with_unspent_coupons,dbt__products__audiences,t3,Growth,snowflake
snowflake/dbt/products/audiences__stg_loyalty_sellers_active_last_season_without_current_program,dbt__products__audiences,t3,Growth,snowflake
snowflake/dbt/products/audiences__stg_loyalty_sellers_approved_to_create_program,dbt__products__audiences,t3,Growth,snowflake
snowflake/dbt/products/audiences__stg_loyalty_sellers_approved_without_any_program_progress,dbt__products__audiences,t3,Growth,snowflake
snowflake/dbt/products/audiences__stg_loyalty_sellers_with_previous_program,dbt__products__audiences,t3,Growth,snowflake
snowflake/dbt/products/audiences__stg_loyalty_sellers_with_unpublished_programs,dbt__products__audiences,t3,Growth,snowflake
snowflake/dbt/products/audiences__stg_luxury_bags_eu,dbt__products__audiences,t3,Growth,snowflake
snowflake/dbt/products/audiences__stg_luxury_bags_france,dbt__products__audiences,t3,Growth,snowflake
snowflake/dbt/products/audiences__stg_notif_squad,dbt__products__audiences,t3,Growth,snowflake
snowflake/dbt/products/audiences__stg_pokemon_enthusiasts_and_fanatics,dbt__products__audiences,t3,Growth,snowflake
snowflake/dbt/products/audiences__stg_pokemon_l30_iphone_all,dbt__products__audiences,t3,Growth,snowflake
snowflake/dbt/products/audiences__stg_sports_singles_buyers_and_aa_users,dbt__products__audiences,t3,Growth,snowflake
snowflake/dbt/products/audiences__stg_super_bowl_25,dbt__products__audiences,t3,Growth,snowflake
snowflake/dbt/products/audiences__stg_tmp_125_roas_ad_tools_jan25_gb,dbt__products__audiences,t3,Growth,snowflake
snowflake/dbt/products/audiences__stg_tmp_125_roas_ad_tools_jan25_usca,dbt__products__audiences,t3,Growth,snowflake
snowflake/dbt/products/audiences__stg_tmp_pallet_buyers,dbt__products__audiences,t3,Growth,snowflake
snowflake/dbt/products/audiences__stg_uk_all_fashion_viewers,dbt__products__audiences,t3,Growth,snowflake
snowflake/dbt/products/audiences__stg_uk_fashion_l60d_buyers,dbt__products__audiences,t3,Growth,snowflake
snowflake/dbt/products/audiences__stg_uk_general_sneakers_streetwear,dbt__products__audiences,t3,Growth,snowflake
snowflake/dbt/products/audiences__stg_uk_launch_mensvintage,dbt__products__audiences,t3,Growth,snowflake
snowflake/dbt/products/audiences__stg_uk_mens_apparel_buyers_l90_days,dbt__products__audiences,t3,Growth,snowflake
snowflake/dbt/products/audiences__stg_uk_mensfashion_l60d_buyers,dbt__products__audiences,t3,Growth,snowflake
snowflake/dbt/products/audiences__stg_uk_yugioh_cards,dbt__products__audiences,t3,Growth,snowflake
snowflake/dbt/products/audiences__stg_uklaunch_aggregated_audiences,dbt__products__audiences,t3,Growth,snowflake
snowflake/dbt/products/audiences__stg_uklaunch_audiences,dbt__products__audiences,t3,Growth,snowflake
snowflake/dbt/products/audiences__stg_us_and_uk_comics_l30d_buyers,dbt__products__audiences,t3,Growth,snowflake
snowflake/dbt/products/audiences__stg_us_general_audiences,dbt__products__audiences,t3,Growth,snowflake
snowflake/dbt/products/audiences__stg_vintage_comics_high_intent,dbt__products__audiences,t3,Growth,snowflake
snowflake/dbt/products/audiences__user,dbt__products__audiences,t3,Growth,snowflake
snowflake/dbt/products/audiences__user_excluding_surfaces,dbt__products__audiences,t3,Growth,snowflake
snowflake/dbt/products/audiences__user_s3_unload,dbt__products__audiences,t3,Growth,snowflake
snowflake/dbt/products/backend__subevents,dbt__products__analytics_core,t3,Analytics,snowflake
snowflake/dbt/products/base__scd_images,dbt__products__marketplace,t3,Analytics,snowflake
snowflake/dbt/products/base__scd_listings,dbt__products__marketplace,t3,Analytics,snowflake
snowflake/dbt/products/base__scd_live_listings,dbt__products__marketplace,t3,Analytics,snowflake
snowflake/dbt/products/base__scd_livestream_status,dbt__products__marketplace,t3,Analytics,snowflake
snowflake/dbt/products/base__scd_profile_listings,dbt__products__marketplace,t3,Analytics,snowflake
snowflake/dbt/products/buyer_growth__campaign_weekly_gmv,dbt__products__buyer_growth,t3,CoreML,snowflake
snowflake/dbt/products/buyer_growth__cm_rate_model_v1,dbt__products__buyer_growth,t3,CoreML,snowflake
snowflake/dbt/products/buyer_growth__cm_rate_v1_model_cohort_biases,dbt__products__buyer_growth__cm_rate_v1_model_cohort_biases,t3,unset,snowflake
snowflake/dbt/products/buyer_growth__cm_rate_v1_model_cohort_biases_by_country,dbt__products__buyer_growth__cm_rate_v1_model_cohort_biases_by_country,t3,unset,snowflake
snowflake/dbt/products/buyer_growth__cm_rate_v1_model_cohort_biases_us_by_platform,dbt__products__buyer_growth__cm_rate_v1_model_cohort_biases_us_by_platform,t3,unset,snowflake
snowflake/dbt/products/buyer_growth__contact_book_event,dbt__products__buyer_growth,t3,Growth,snowflake
snowflake/dbt/products/buyer_growth__gmv_day,dbt__products__buyer_growth,t3,CoreML,snowflake
snowflake/dbt/products/buyer_growth__gmv_eval_cohort_metrics_monitoring,dbt__products__buyer_growth,t3,CoreML,snowflake
snowflake/dbt/products/buyer_growth__gmv_eval_individual_metrics_monitoring,dbt__products__buyer_growth,t3,CoreML,snowflake
snowflake/dbt/products/buyer_growth__gmv_model_v1,dbt__products__buyer_growth,t3,CoreML,snowflake
snowflake/dbt/products/buyer_growth__gmv_v1_model_cohort_biases,dbt__products__buyer_growth__gmv_v1_model_cohort_biases,t3,unset,snowflake
snowflake/dbt/products/buyer_growth__gmv_v1_model_cohort_biases_by_country,dbt__products__buyer_growth__gmv_v1_model_cohort_biases_by_country,t3,unset,snowflake
snowflake/dbt/products/buyer_growth__gmv_v1_model_cohort_biases_us_by_platform,dbt__products__buyer_growth__gmv_v1_model_cohort_biases_us_by_platform,t3,unset,snowflake
snowflake/dbt/products/buyer_growth__ios_paid_approach_weekly_android_comparison,dbt__products__buyer_growth,t3,CoreML,snowflake
snowflake/dbt/products/buyer_growth__ios_paid_weekly_cohort_validation,dbt__products__buyer_growth,t3,CoreML,snowflake
snowflake/dbt/products/buyer_growth__listings_sitemap,dbt__products__buyer_growth,t2,Growth,snowflake
snowflake/dbt/products/buyer_growth__listings_sitemap_s3_unload,dbt__products__buyer_growth,t2,Growth,snowflake
snowflake/dbt/products/buyer_growth__ltv_cumulative_day,dbt__products__buyer_growth,t3,CoreML,snowflake
snowflake/dbt/products/buyer_growth__ltv_day,dbt__products__buyer_growth,t3,CoreML,snowflake
snowflake/dbt/products/buyer_growth__ltv_model_v1,dbt__products__buyer_growth,t3,CoreML,snowflake
snowflake/dbt/products/buyer_growth__ltv_model_v1_tt_correct,dbt__products__buyer_growth,t3,CoreML,snowflake
snowflake/dbt/products/buyer_growth__model_label_day,dbt__products__buyer_growth,t3,CoreML,snowflake
snowflake/dbt/products/buyer_growth__notifications_hub_default_attributes,dbt__products__buyer_growth__notifications_hub_default_attributes,t3,unset,snowflake
snowflake/dbt/products/buyer_growth__onboarding,dbt__products__buyer_growth,t3,Growth,snowflake
snowflake/dbt/products/buyer_growth__onboarding_events,dbt__products__buyer_growth,t3,Growth,snowflake
snowflake/dbt/products/buyer_growth__tiktok_ltv_android_pacing,dbt__products__buyer_growth,t3,CoreML,snowflake
snowflake/dbt/products/buyer_growth__tiktok_ltv_ios_pacing,dbt__products__buyer_growth,t3,CoreML,snowflake
snowflake/dbt/products/buyer_growth__user_signup_event,dbt__products__buyer_growth,t3,Growth,snowflake
snowflake/dbt/products/buyer_growth__users_sitemap,dbt__products__buyer_growth,t2,Growth,snowflake
snowflake/dbt/products/buyer_growth__users_sitemap_s3_unload,dbt__products__buyer_growth,t2,Growth,snowflake
snowflake/dbt/products/buyer_growth_drivers,dbt__products__buyer_growth,t3,Growth,snowflake
snowflake/dbt/products/buyer_incentive_experiment_churn_buyers,dbt__products__experiments,t3,unset,snowflake
snowflake/dbt/products/buyer_incentive_experiment_new_buyers,dbt__products__experiments,t3,unset,snowflake
snowflake/dbt/products/buyer_incentive_experiment_oct2024,dbt__products__experiments,t3,unset,snowflake
snowflake/dbt/products/chalk_mlp__fyf_logged_features,dbt__products__coreml,t3,CoreML,snowflake
snowflake/dbt/products/chalk_proc__card_reference_replacements,dbt__products__trust_and_safety,t3,CoreML,snowflake
snowflake/dbt/products/chalk_proc__card_reference_summary_info_by_day,dbt__products__trust_and_safety,t3,CoreML,snowflake
snowflake/dbt/products/chalk_proc__fraud_dates,dbt__products__trust_and_safety,t3,CoreML,snowflake
snowflake/dbt/products/chalk_proc__order_fraud_features_staging,dbt__products__trust_and_safety,t3,CoreML,snowflake
snowflake/dbt/products/chalk_proc__payments_by_order_id,dbt__products__trust_and_safety,t3,CoreML,snowflake
snowflake/dbt/products/chalk_proc__user_payment_summary_by_day,dbt__products__trust_and_safety,t3,CoreML,snowflake
snowflake/dbt/products/chalk_proc__user_rate_features,dbt__products__trust_and_safety,t3,CoreML,snowflake
snowflake/dbt/products/community__dms_driver,dbt__products__community,t3,Analytics,snowflake
snowflake/dbt/products/community__friends_driver,dbt__products__community,t3,Analytics,snowflake
snowflake/dbt/products/community__l90d_seller_analytics,dbt__products__community,t2,Community,snowflake
snowflake/dbt/products/community__livestream_events_latency_observability,dbt__products__community,t1,Community,snowflake
snowflake/dbt/products/community__livestream_events_observability,dbt__products__community,t1,Community,snowflake
snowflake/dbt/products/community__loyalty_program_member,dbt__products__community,t2,Community,snowflake
snowflake/dbt/products/community__loyalty_seller_day,dbt__products__community,t2,Community,snowflake
snowflake/dbt/products/community__loyalty_seller_program_analytics,dbt__products__community,t2,Community,snowflake
snowflake/dbt/products/community__loyalty_seller_user_day,dbt__products__community,t2,Community,snowflake
snowflake/dbt/products/community__stickiness_driver,dbt__products__community,t3,Analytics,snowflake
snowflake/dbt/products/company_model__outputs,dbt__products__company_model,t3,Analytics,snowflake
snowflake/dbt/products/company_model__weekly_rollup,dbt__products__company_model,t3,Analytics,snowflake
snowflake/dbt/products/core_laser__account_following,dbt__products__core_laser,t2,CoreML,snowflake
snowflake/dbt/products/coreml_features__bin_order_chargeback_training_pairs,dbt__products__ext_chalk,t3,CoreML,snowflake
snowflake/dbt/products/cs__laser_cs_seller_buyer_history,dbt__products__cs,t1,CustomerExperienceEngineering,snowflake
snowflake/dbt/products/csm__seller_daily_metrics,dbt__products__sales,t3,Analytics,snowflake
snowflake/dbt/products/csm__sellers,dbt__products__sales,t3,Analytics,snowflake
snowflake/dbt/products/currency_conversion__main_backend_order,default,,,snowflake
snowflake/dbt/products/cx__ohns_pilot_open_tickets,dbt__products__cx,t3,CustomerExperienceEngineering,snowflake
snowflake/dbt/products/cx__ticket_status_by_day,dbt__products__cx,t2,Analytics,snowflake
snowflake/dbt/products/cx__ticket_status_history,dbt__products__cx,t2,Analytics,snowflake
snowflake/dbt/products/cx__ticket_status_hourly,dbt__products__cx,t2,Analytics,snowflake
snowflake/dbt/products/cx__zendesk_upstream_ticket,dbt__products__cx,t3,Analytics,snowflake
snowflake/dbt/products/cx__zendesk_whatbot_ticket,dbt__products__cx,t3,Analytics,snowflake
snowflake/dbt/products/data_portal__products,dbt__products__data_portal,t3,DataPlatform,snowflake
snowflake/dbt/products/data_portal__products_surfaces,dbt__products__data_portal,t3,DataPlatform,snowflake
snowflake/dbt/products/data_portal__surfaces,dbt__products__data_portal,t3,DataPlatform,snowflake
snowflake/dbt/products/datelist__backend_events,dbt__products__analytics_core,t3,Analytics,snowflake
snowflake/dbt/products/datelist__events,dbt__products__analytics_core,t3,Analytics,snowflake
snowflake/dbt/products/datelist__frontend_events,dbt__products__analytics_core,t3,Analytics,snowflake
snowflake/dbt/products/datelist__platform_activity,dbt__products__analytics_core,t3,Analytics,snowflake
snowflake/dbt/products/datelist__user_giveaway,dbt__products__analytics_core,t3,Analytics,snowflake
snowflake/dbt/products/datelist__user_order,dbt__products__analytics_core,t3,Analytics,snowflake
snowflake/dbt/products/datelist__user_order_product_category,dbt__products__analytics_core,t3,Analytics,snowflake
snowflake/dbt/products/datelist__user_order_sales_channel,dbt__products__analytics_core,t3,Analytics,snowflake
snowflake/dbt/products/datelist__user_order_seller,dbt__products__analytics_core,t3,Analytics,snowflake
snowflake/dbt/products/disco__aa_listings_feed_impressions,dbt__products__disco_products,t2,Discovery,snowflake
snowflake/dbt/products/disco__listing_day,dbt__products__disco_products,t2,Discovery,snowflake
snowflake/dbt/products/disco__listing_quality_scores,dbt__products__disco_products,t2,Discovery,snowflake
snowflake/dbt/products/disco__not_recommended_title_terms,dbt__products__disco__not_recommended_title_terms,t1,unset,snowflake
snowflake/dbt/products/disco__user_listing_aggregated,dbt__products__disco_products,t2,Discovery,snowflake
snowflake/dbt/products/disco__user_listing_day,dbt__products__disco_products,t2,Discovery,snowflake
snowflake/dbt/products/disco_features__category_ancestor_mapping,dbt__products__disco_features,t1,Discovery,snowflake
snowflake/dbt/products/disco_features__concurrent_livestreams,dbt__products__disco_features,t3,Discovery,snowflake
snowflake/dbt/products/disco_features__disco_feat_watch_bid,dbt__products__disco_features,t3,Discovery,snowflake
snowflake/dbt/products/disco_features__feed_gen_logs_with_injected_scores,dbt__products__disco_features,t3,Discovery,snowflake
snowflake/dbt/products/disco_features__feed_gen_user_livestream_interactions,dbt__products__disco_features,t1,Discovery,snowflake
snowflake/dbt/products/disco_features__fyf_explore_tiles_ancestor_mapping,dbt__products__disco_features,t1,Search,snowflake
snowflake/dbt/products/disco_features__livestream_bid_rollup,dbt__products__disco_features,t2,Discovery,snowflake
snowflake/dbt/products/disco_features__livestream_engagement_features,dbt__products__disco_features,t2,Discovery,snowflake
snowflake/dbt/products/disco_features__livestream_event_rollup,dbt__products__disco_features,t2,Discovery,snowflake
snowflake/dbt/products/disco_features__livestream_features,dbt__products__disco_features,t2,Discovery,snowflake
snowflake/dbt/products/disco_features__livestream_feed_generation,dbt__products__disco_features,t1,Discovery,snowflake
snowflake/dbt/products/disco_features__livestream_history_features,dbt__products__disco_features,t2,Discovery,snowflake
snowflake/dbt/products/disco_features__livestream_impression_rollup,dbt__products__disco_features,t2,Discovery,snowflake
snowflake/dbt/products/disco_features__livestream_order_rollup,dbt__products__disco_features,t2,Discovery,snowflake
snowflake/dbt/products/disco_features__livestream_status_rollup,dbt__products__disco_features,t3,Discovery,snowflake
snowflake/dbt/products/disco_features__livestream_tag_features,dbt__products__disco_features,t1,Discovery,snowflake
snowflake/dbt/products/disco_features__livestream_watch_rollup,dbt__products__disco_features,t2,Discovery,snowflake
snowflake/dbt/products/disco_features__new_tag_descendant_mapping_temp,dbt__products__disco_features,t1,Discovery,snowflake
snowflake/dbt/products/disco_features__nux_ranking_request_evaluation_examples,dbt__products__disco_features,t2,Discovery,snowflake
snowflake/dbt/products/disco_features__nux_request_recall_evaluation_livestream_rank_rollup,dbt__products__disco_features,t3,Discovery,snowflake
snowflake/dbt/products/disco_features__nux_request_recall_evaluation_livestream_ranked,dbt__products__disco_features,t3,Discovery,snowflake
snowflake/dbt/products/disco_features__nux_request_recall_evaluation_livestream_user_rollup,dbt__products__disco_features,t3,Discovery,snowflake
snowflake/dbt/products/disco_features__position_bias_weights,dbt__products__disco_features,t2,Discovery,snowflake
snowflake/dbt/products/disco_features__position_bias_weights_unload,dbt__products__disco_features,t2,Discovery,snowflake
snowflake/dbt/products/disco_features__ranking_request_evaluation_examples,dbt__products__disco_features,t2,Discovery,snowflake
snowflake/dbt/products/disco_features__ranking_request_evaluation_examples_trimmed,dbt__products__disco_features,t2,Discovery,snowflake
snowflake/dbt/products/disco_features__ranking_request_examples,dbt__products__disco_features,t2,Discovery,snowflake
snowflake/dbt/products/disco_features__recall_datasets_joined,dbt__products__disco_features,t3,Discovery,snowflake
snowflake/dbt/products/disco_features__recall_evaluation_all_pairs_online,dbt__products__disco_features,t3,Discovery,snowflake
snowflake/dbt/products/disco_features__recall_evaluation_category_distribution_online,dbt__products__disco_features,t3,Discovery,snowflake
snowflake/dbt/products/disco_features__recall_evaluation_country_distribution_online,dbt__products__disco_features,t3,Discovery,snowflake
snowflake/dbt/products/disco_features__recall_evaluation_dataset_online,dbt__products__disco_features,t3,Discovery,snowflake
snowflake/dbt/products/disco_features__recall_evaluation_livestream_category_distribution,dbt__products__disco_features,t3,Discovery,snowflake
snowflake/dbt/products/disco_features__recall_evaluation_livestream_rank_rollup,dbt__products__disco_features,t3,Discovery,snowflake
snowflake/dbt/products/disco_features__recall_evaluation_pairs_online,dbt__products__disco_features,t3,Discovery,snowflake
snowflake/dbt/products/disco_features__recall_evaluation_rank_rollup_online,dbt__products__disco_features,t3,Discovery,snowflake
snowflake/dbt/products/disco_features__recall_evaluation_rank_rollup_online_country,dbt__products__disco_features,t3,Discovery,snowflake
snowflake/dbt/products/disco_features__recall_evaluation_ranking_request_metrics_online,dbt__products__disco_features,t3,Discovery,snowflake
snowflake/dbt/products/disco_features__recall_evaluation_ranking_request_metrics_online_country,dbt__products__disco_features,t3,Discovery,snowflake
snowflake/dbt/products/disco_features__recall_evaluation_user_rollup_online,dbt__products__disco_features,t3,Discovery,snowflake
snowflake/dbt/products/disco_features__request_recall_evaluation_livestream_rank_rollup,dbt__products__disco_features,t3,Discovery,snowflake
snowflake/dbt/products/disco_features__request_recall_evaluation_livestream_ranked,dbt__products__disco_features,t3,Discovery,snowflake
snowflake/dbt/products/disco_features__request_recall_evaluation_livestream_user_rollup,dbt__products__disco_features,t3,Discovery,snowflake
snowflake/dbt/products/disco_features__seller_bid_day,dbt__products__disco_features,t1,Discovery,snowflake
snowflake/dbt/products/disco_features__seller_bid_day_blocklisted,dbt__products__disco_features,t1,Discovery,snowflake
snowflake/dbt/products/disco_features__seller_bid_features,dbt__products__disco_features,t1,Discovery,snowflake
snowflake/dbt/products/disco_features__seller_category_order_day,dbt__products__disco_features,t1,Discovery,snowflake
snowflake/dbt/products/disco_features__seller_category_order_day_blocklisted,dbt__products__disco_features,t1,Discovery,snowflake
snowflake/dbt/products/disco_features__seller_category_order_features,dbt__products__disco_features,t1,Discovery,snowflake
snowflake/dbt/products/disco_features__seller_features,dbt__products__disco_features,t1,Discovery,snowflake
snowflake/dbt/products/disco_features__seller_geo_features_blocklisted,dbt__products__disco_features,t1,Discovery,snowflake
snowflake/dbt/products/disco_features__seller_order_day,dbt__products__disco_features,t1,Discovery,snowflake
snowflake/dbt/products/disco_features__seller_order_day_blocklisted,dbt__products__disco_features,t1,Discovery,snowflake
snowflake/dbt/products/disco_features__seller_order_features,dbt__products__disco_features,t1,Discovery,snowflake
snowflake/dbt/products/disco_features__seller_sgns_seller_clusters,dbt__products__disco_features,t2,Discovery,snowflake
snowflake/dbt/products/disco_features__seller_sgns_seller_embeddings,dbt__products__disco_features,t2,Discovery,snowflake
snowflake/dbt/products/disco_features__seller_sgns_user_embeddings,dbt__products__disco_features,t2,Discovery,snowflake
snowflake/dbt/products/disco_features__seller_tag_order_day,dbt__products__disco_features,t1,Discovery,snowflake
snowflake/dbt/products/disco_features__seller_tag_order_day_blocklisted,dbt__products__disco_features,t1,Discovery,snowflake
snowflake/dbt/products/disco_features__seller_tag_order_features,dbt__products__disco_features,t1,Discovery,snowflake
snowflake/dbt/products/disco_features__seller_watch_day,dbt__products__disco_features,t1,Discovery,snowflake
snowflake/dbt/products/disco_features__seller_watch_day_blocklisted,dbt__products__disco_features,t1,Discovery,snowflake
snowflake/dbt/products/disco_features__seller_watch_features,dbt__products__disco_features,t1,Discovery,snowflake
snowflake/dbt/products/disco_features__tag_ancestor_mapping_temp,dbt__products__disco_features,t1,Discovery,snowflake
snowflake/dbt/products/disco_features__tag_taxonomy_levels,dbt__products__disco_features,t1,Discovery,snowflake
snowflake/dbt/products/disco_features__tag_taxonomy_levels_versioned,dbt__products__disco_features,t1,Discovery,snowflake
snowflake/dbt/products/disco_features__taxonomy_feature_inheritance_list,dbt__products__disco_features,t1,Discovery,snowflake
snowflake/dbt/products/disco_features__taxonomy_manual_map_list,dbt__products__disco_features,t1,Discovery,snowflake
snowflake/dbt/products/disco_features__user_actions_entity_day,dbt__products__disco_features,t1,Discovery,snowflake
snowflake/dbt/products/disco_features__user_bid_day,dbt__products__disco_features,t1,Discovery,snowflake
snowflake/dbt/products/disco_features__user_bid_day_blocklisted,dbt__products__disco_features,t1,Discovery,snowflake
snowflake/dbt/products/disco_features__user_bid_features,dbt__products__disco_features,t1,Discovery,snowflake
snowflake/dbt/products/disco_features__user_category_bid_day,dbt__products__disco_features,t1,Discovery,snowflake
snowflake/dbt/products/disco_features__user_category_bid_day_blocklisted,dbt__products__disco_features,t1,Discovery,snowflake
snowflake/dbt/products/disco_features__user_category_bid_features,dbt__products__disco_features,t1,Discovery,snowflake
snowflake/dbt/products/disco_features__user_category_features,dbt__products__disco_features,t1,Discovery,snowflake
snowflake/dbt/products/disco_features__user_category_order_day,dbt__products__disco_features,t1,Discovery,snowflake
snowflake/dbt/products/disco_features__user_category_order_day_blocklisted,dbt__products__disco_features,t1,Discovery,snowflake
snowflake/dbt/products/disco_features__user_category_order_features,dbt__products__disco_features,t1,Discovery,snowflake
snowflake/dbt/products/disco_features__user_category_watch_day,dbt__products__disco_features,t1,Discovery,snowflake
snowflake/dbt/products/disco_features__user_category_watch_day_blocklisted,dbt__products__disco_features,t1,Discovery,snowflake
snowflake/dbt/products/disco_features__user_category_watch_features,dbt__products__disco_features,t1,Discovery,snowflake
snowflake/dbt/products/disco_features__user_country_bid_day,dbt__products__disco_features,t1,Discovery,snowflake
snowflake/dbt/products/disco_features__user_country_bid_day_blocklisted,dbt__products__disco_features,t1,Discovery,snowflake
snowflake/dbt/products/disco_features__user_country_bid_features,dbt__products__disco_features,t1,Discovery,snowflake
snowflake/dbt/products/disco_features__user_country_features,dbt__products__disco_features,t1,Discovery,snowflake
snowflake/dbt/products/disco_features__user_country_order_day,dbt__products__disco_features,t1,Discovery,snowflake
snowflake/dbt/products/disco_features__user_country_order_day_blocklisted,dbt__products__disco_features,t1,Discovery,snowflake
snowflake/dbt/products/disco_features__user_country_order_features,dbt__products__disco_features,t1,Discovery,snowflake
snowflake/dbt/products/disco_features__user_country_watch_day,dbt__products__disco_features,t1,Discovery,snowflake
snowflake/dbt/products/disco_features__user_country_watch_day_blocklisted,dbt__products__disco_features,t1,Discovery,snowflake
snowflake/dbt/products/disco_features__user_country_watch_features,dbt__products__disco_features,t1,Discovery,snowflake
snowflake/dbt/products/disco_features__user_engaged_sellers_id_list_features,dbt__products__disco_features,t1,Discovery,snowflake
snowflake/dbt/products/disco_features__user_features,dbt__products__disco_features,t1,Discovery,snowflake
snowflake/dbt/products/disco_features__user_geo_features,dbt__products__disco_features,t1,Discovery,snowflake
snowflake/dbt/products/disco_features__user_geo_features_blocklisted,dbt__products__disco_features,t1,Discovery,snowflake
snowflake/dbt/products/disco_features__user_livestream_bid,dbt__products__disco_features,t1,Discovery,snowflake
snowflake/dbt/products/disco_features__user_livestream_bid_rollup,dbt__products__disco_features,t2,Discovery,snowflake
snowflake/dbt/products/disco_features__user_livestream_features,dbt__products__disco_features,t2,Discovery,snowflake
snowflake/dbt/products/disco_features__user_livestream_funnel_examples,dbt__products__disco_features,t2,Discovery,snowflake
snowflake/dbt/products/disco_features__user_livestream_impression_rollup,dbt__products__disco_features,t2,Discovery,snowflake
snowflake/dbt/products/disco_features__user_livestream_interactions,dbt__products__disco_features,t1,Discovery,snowflake
snowflake/dbt/products/disco_features__user_livestream_non_feed_examples,dbt__products__disco_features,t2,Discovery,snowflake
snowflake/dbt/products/disco_features__user_livestream_nux_ranking_request_evaluation_spine_dataset,dbt__products__disco_features,t2,Discovery,snowflake
snowflake/dbt/products/disco_features__user_livestream_nux_request_recall_evaluation_dataset,dbt__products__disco_features,t3,Discovery,snowflake
snowflake/dbt/products/disco_features__user_livestream_nux_request_recall_evaluation_pairs,dbt__products__disco_features,t2,Discovery,snowflake
snowflake/dbt/products/disco_features__user_livestream_nux_request_recall_evaluation_spine_dataset,dbt__products__disco_features,t3,Discovery,snowflake
snowflake/dbt/products/disco_features__user_livestream_order,dbt__products__disco_features,t1,Discovery,snowflake
snowflake/dbt/products/disco_features__user_livestream_order_rollup,dbt__products__disco_features,t2,Discovery,snowflake
snowflake/dbt/products/disco_features__user_livestream_random_negatives,dbt__products__disco_features,t1,Discovery,snowflake
snowflake/dbt/products/disco_features__user_livestream_ranking_request_evaluation_spine_dataset,dbt__products__disco_features,t2,Discovery,snowflake
snowflake/dbt/products/disco_features__user_livestream_request_recall_evaluation_dataset,dbt__products__disco_features,t2,Discovery,snowflake
snowflake/dbt/products/disco_features__user_livestream_request_recall_evaluation_pairs,dbt__products__disco_features,t2,Discovery,snowflake
snowflake/dbt/products/disco_features__user_livestream_request_recall_evaluation_spine_dataset,dbt__products__disco_features,t2,Discovery,snowflake
snowflake/dbt/products/disco_features__user_livestream_timestamp_nux_training_pairs,dbt__products__disco_features,t2,Discovery,snowflake
snowflake/dbt/products/disco_features__user_livestream_timestamp_nux_training_pairs_sampled,dbt__products__disco_features,t2,Discovery,snowflake
snowflake/dbt/products/disco_features__user_livestream_timestamp_nux_training_spine_dataset,dbt__products__disco_features,t2,Discovery,snowflake
snowflake/dbt/products/disco_features__user_livestream_timestamp_training_pairs,dbt__products__disco_features,t2,Discovery,snowflake
snowflake/dbt/products/disco_features__user_livestream_timestamp_training_pairs_sampled,dbt__products__disco_features,t2,Discovery,snowflake
snowflake/dbt/products/disco_features__user_livestream_timestamp_training_spine_dataset,dbt__products__disco_features,t2,Discovery,snowflake
snowflake/dbt/products/disco_features__user_livestream_training_spine_dataset,default,,,snowflake
snowflake/dbt/products/disco_features__user_livestream_watch,dbt__products__disco_features,t1,Discovery,snowflake
snowflake/dbt/products/disco_features__user_livestream_watch_rollup,dbt__products__disco_features,t2,Discovery,snowflake
snowflake/dbt/products/disco_features__user_order_day,dbt__products__disco_features,t1,Discovery,snowflake
snowflake/dbt/products/disco_features__user_order_day_blocklisted,dbt__products__disco_features,t1,Discovery,snowflake
snowflake/dbt/products/disco_features__user_order_features,dbt__products__disco_features,t1,Discovery,snowflake
snowflake/dbt/products/disco_features__user_seller_bid_day,dbt__products__disco_features,t1,Discovery,snowflake
snowflake/dbt/products/disco_features__user_seller_bid_day_blocklisted,dbt__products__disco_features,t1,Discovery,snowflake
snowflake/dbt/products/disco_features__user_seller_bid_features,dbt__products__disco_features,t1,Discovery,snowflake
snowflake/dbt/products/disco_features__user_seller_features,dbt__products__disco_features,t1,Discovery,snowflake
snowflake/dbt/products/disco_features__user_seller_order_day,dbt__products__disco_features,t1,Discovery,snowflake
snowflake/dbt/products/disco_features__user_seller_order_day_blocklisted,dbt__products__disco_features,t1,Discovery,snowflake
snowflake/dbt/products/disco_features__user_seller_order_features,dbt__products__disco_features,t1,Discovery,snowflake
snowflake/dbt/products/disco_features__user_seller_profile_features,dbt__products__disco_features,t2,Discovery,snowflake
snowflake/dbt/products/disco_features__user_seller_scores_map,dbt__products__disco_features,t3,Discovery,snowflake
snowflake/dbt/products/disco_features__user_seller_tfidf,dbt__products__disco_features,t2,Discovery,snowflake
snowflake/dbt/products/disco_features__user_seller_watch_day,dbt__products__disco_features,t1,Discovery,snowflake
snowflake/dbt/products/disco_features__user_seller_watch_day_blocklisted,dbt__products__disco_features,t1,Discovery,snowflake
snowflake/dbt/products/disco_features__user_seller_watch_features,dbt__products__disco_features,t1,Discovery,snowflake
snowflake/dbt/products/disco_features__user_tag_bid_day,dbt__products__disco_features,t1,Discovery,snowflake
snowflake/dbt/products/disco_features__user_tag_bid_day_blocklisted,dbt__products__disco_features,t1,Discovery,snowflake
snowflake/dbt/products/disco_features__user_tag_bid_features,dbt__products__disco_features,t1,Discovery,snowflake
snowflake/dbt/products/disco_features__user_tag_features,dbt__products__disco_features,t1,Discovery,snowflake
snowflake/dbt/products/disco_features__user_tag_order_day,dbt__products__disco_features,t1,Discovery,snowflake
snowflake/dbt/products/disco_features__user_tag_order_day_blocklisted,dbt__products__disco_features,t1,Discovery,snowflake
snowflake/dbt/products/disco_features__user_tag_order_features,dbt__products__disco_features,t1,Discovery,snowflake
snowflake/dbt/products/disco_features__user_tag_profile_features,dbt__products__disco_features,t1,Discovery,snowflake
snowflake/dbt/products/disco_features__user_tag_watch_day,dbt__products__disco_features,t1,Discovery,snowflake
snowflake/dbt/products/disco_features__user_tag_watch_day_blocklisted,dbt__products__disco_features,t1,Discovery,snowflake
snowflake/dbt/products/disco_features__user_tag_watch_features,dbt__products__disco_features,t1,Discovery,snowflake
snowflake/dbt/products/disco_features__user_watch_day,dbt__products__disco_features,t1,Discovery,snowflake
snowflake/dbt/products/disco_features__user_watch_day_blocklisted,dbt__products__disco_features,t1,Discovery,snowflake
snowflake/dbt/products/disco_features__user_watch_features,dbt__products__disco_features,t1,Discovery,snowflake
snowflake/dbt/products/disco_monitor__cat_tag_ranking_performance_slices,dbt__products__disco_monitor,t3,Discovery,snowflake
snowflake/dbt/products/disco_monitor__feed_performance_by_l1_l2_tag_slices,dbt__products__disco_monitor,t3,Discovery,snowflake
snowflake/dbt/products/disco_monitor__feed_performance_by_tag_slices,dbt__products__disco_monitor,t3,Discovery,snowflake
snowflake/dbt/products/disco_monitor__feed_performance_slices,dbt__products__disco_monitor,t3,Discovery,snowflake
snowflake/dbt/products/disco_monitor__first_pass_ranker_recall,dbt__products__disco_monitor,t2,Discovery,snowflake
snowflake/dbt/products/disco_monitor__nux_feed_performance_by_l1_l2_tag_slices,dbt__products__disco_monitor,t3,Discovery,snowflake
snowflake/dbt/products/disco_monitor__nux_feed_performance_slices,dbt__products__disco_monitor,t3,Discovery,snowflake
snowflake/dbt/products/disco_monitor__star_search_impressions_slices,dbt__products__disco_monitor,t3,Discovery,snowflake
snowflake/dbt/products/disco_products__blocklist_nn_model_loads,dbt__products__disco_products__blocklist_nn_model_loads,t1,unset,snowflake
snowflake/dbt/products/disco_products__discotag,dbt__products__disco_products,t1,Discovery,snowflake
snowflake/dbt/products/disco_products__lower_env_entity_relationships,dbt__products__disco_products__lower_env_entity_relationships,t1,unset,snowflake
snowflake/dbt/products/disco_products__lower_env_taxonomies,dbt__products__disco_products__lower_env_taxonomies,t1,unset,snowflake
snowflake/dbt/products/disco_products__nux_ftb_conversions,dbt__products__disco_products,t1,Discovery,snowflake
snowflake/dbt/products/disco_products__nux_ftb_conversions_laser,dbt__products__disco_products,t1,Discovery,snowflake
snowflake/dbt/products/disco_products__ranking_taxonomy_levels,dbt__products__disco_products,t1,Discovery,snowflake
snowflake/dbt/products/disco_products__ranking_taxonomy_mapping,dbt__products__disco_products,t1,Discovery,snowflake
snowflake/dbt/products/disco_products__section_feed_funnel,dbt__products__disco_products,t3,Discovery,snowflake
snowflake/dbt/products/disco_products__seller_gmv,dbt__products__disco_products,t2,Discovery,snowflake
snowflake/dbt/products/disco_products__seller_gmv_history,dbt__products__disco_products,t1,Discovery,snowflake
snowflake/dbt/products/disco_products__seller_knn,dbt__products__disco_products,t2,Discovery,snowflake
snowflake/dbt/products/disco_products__seller_lifetime_metrics,dbt__products__disco_products,t1,Discovery,snowflake
snowflake/dbt/products/disco_products__seller_nearest_neighbors,dbt__products__disco_products,t1,Discovery,snowflake
snowflake/dbt/products/disco_products__seller_nearest_neighbors_flattened,dbt__products__disco_products,t1,Discovery,snowflake
snowflake/dbt/products/disco_products__seller_tns_hide_date,dbt__products__disco_products,t2,Discovery,snowflake
snowflake/dbt/products/disco_products__star_search_indexing_events,dbt__products__disco_products,t3,Discovery,snowflake
snowflake/dbt/products/disco_products__tag_popular,dbt__products__disco_products,t1,Discovery,snowflake
snowflake/dbt/products/disco_products__tag_recommendations,dbt__products__disco_products,t1,Discovery,snowflake
snowflake/dbt/products/disco_products__tag_tfidf_transfer_list,dbt__products__disco_products,t1,Discovery,snowflake
snowflake/dbt/products/disco_products__taxonomy_relationships,dbt__products__disco_products,t1,Discovery,snowflake
snowflake/dbt/products/disco_products__user_category_metric,dbt__products__disco_products,t1,Discovery,snowflake
snowflake/dbt/products/disco_products__user_category_metric_bid,dbt__products__disco_products,t1,Discovery,snowflake
snowflake/dbt/products/disco_products__user_category_metric_impression,dbt__products__disco_products,t1,Discovery,snowflake
snowflake/dbt/products/disco_products__user_category_metric_order,dbt__products__disco_products,t1,Discovery,snowflake
snowflake/dbt/products/disco_products__user_category_metric_watch,dbt__products__disco_products,t1,Discovery,snowflake
snowflake/dbt/products/disco_products__user_category_similarity_score,dbt__products__disco_products,t2,Discovery,snowflake
snowflake/dbt/products/disco_products__user_category_similarity_score_rank,dbt__products__disco_products,t2,Discovery,snowflake
snowflake/dbt/products/disco_products__user_category_tfidf,dbt__products__disco_products,t1,Discovery,snowflake
snowflake/dbt/products/disco_products__user_mystery_orders,dbt__products__disco_products,t1,Discovery,snowflake
snowflake/dbt/products/disco_products__user_num_orders,dbt__products__disco_products,t1,Discovery,snowflake
snowflake/dbt/products/disco_products__user_tag_engagement_fpr,dbt__products__disco_products,t1,Discovery,snowflake
snowflake/dbt/products/disco_products__user_tag_tfidf,dbt__products__disco_products,t1,Discovery,snowflake
snowflake/dbt/products/disco_products__user_tag_tfidf_laser,dbt__products__disco_products,t1,Discovery,snowflake
snowflake/dbt/products/disco_products__user_tag_tfidf_scores,dbt__products__disco_products,t1,Discovery,snowflake
snowflake/dbt/products/ds__seller_cohorts,dbt__products__ds__seller_cohorts,t3,unset,snowflake
snowflake/dbt/products/dsml__blocklist_data_dates,dbt__products__dsml__blocklist_data_dates,t1,unset,snowflake
snowflake/dbt/products/dsml__livestream_feed_generation_view,dbt__products__dsml,t3,Discovery,snowflake
snowflake/dbt/products/dsml_ranking__category_taxonomy,dbt__products__dsml,t3,Discovery,snowflake
snowflake/dbt/products/dsml_ranking__map_category_tag,dbt__products__dsml,t1,Discovery,snowflake
snowflake/dbt/products/dsml_ranking__user_category_follows,dbt__products__dsml,t3,Discovery,snowflake
snowflake/dbt/products/dsml_ranking__user_category_follows_expanded,dbt__products__dsml,t3,Discovery,snowflake
snowflake/dbt/products/email__messages,dbt__products__email_performance,t3,Growth,snowflake
snowflake/dbt/products/email__sendgrid_messages,dbt__products__email_performance,t3,Growth,snowflake
snowflake/dbt/products/email__stg_messages,dbt__products__email_performance,t3,Growth,snowflake
snowflake/dbt/products/email__stg_platform_sends,dbt__products__email_performance,t3,Growth,snowflake
snowflake/dbt/products/email__stg_sendgrid_events,dbt__products__email_performance,t3,Growth,snowflake
snowflake/dbt/products/ext_chalk__card_fraud_features,dbt__products__ext_chalk,t3,CoreML,snowflake
snowflake/dbt/products/ext_chalk__card_fraud_features_snapshot,dbt__ext_chalk__features,t4,CoreML,snowflake
snowflake/dbt/products/ext_chalk__load1_load_test_pk_ids,dbt__products__ext_chalk,t4,CoreML,snowflake
snowflake/dbt/products/ext_chalk__prod_load_test_pk_ids,dbt__products__ext_chalk,t4,CoreML,snowflake
snowflake/dbt/products/ext_chalk__seller_ads_created,dbt__products__ext_chalk,t4,Ads,snowflake
snowflake/dbt/products/ext_chalk__seller_ads_created_snapshot,dbt__ext_chalk__features,t4,Ads,snowflake
snowflake/dbt/products/ext_chalk__seller_bid_day,dbt__products__ext_chalk,t2,Discovery,snowflake
snowflake/dbt/products/ext_chalk__seller_bid_day_snapshot,dbt__ext_chalk__features,t3,Discovery,snowflake
snowflake/dbt/products/ext_chalk__seller_bid_hour,dbt__products__ext_chalk,t2,Discovery,snowflake
snowflake/dbt/products/ext_chalk__seller_bid_hour_snapshot,dbt__ext_chalk__features,t3,Discovery,snowflake
snowflake/dbt/products/ext_chalk__seller_order_day,dbt__products__ext_chalk,t2,Discovery,snowflake
snowflake/dbt/products/ext_chalk__seller_order_day_snapshot,dbt__ext_chalk__features,t3,Discovery,snowflake
snowflake/dbt/products/ext_chalk__seller_order_hour,dbt__products__ext_chalk,t2,Discovery,snowflake
snowflake/dbt/products/ext_chalk__seller_order_hour_snapshot,dbt__ext_chalk__features,t3,Discovery,snowflake
snowflake/dbt/products/ext_chalk__seller_watch_day,dbt__products__ext_chalk,t2,Discovery,snowflake
snowflake/dbt/products/ext_chalk__seller_watch_day_snapshot,dbt__ext_chalk__features,t3,Discovery,snowflake
snowflake/dbt/products/ext_chalk__seller_watch_hour,dbt__products__ext_chalk,t2,Discovery,snowflake
snowflake/dbt/products/ext_chalk__seller_watch_hour_snapshot,dbt__ext_chalk__features,t3,Discovery,snowflake
snowflake/dbt/products/ext_chalk__simulated_seller_features,dbt__products__ext_chalk,t3,Discovery,snowflake
snowflake/dbt/products/ext_chalk__simulated_user_seller_features,dbt__products__ext_chalk,t3,Discovery,snowflake
snowflake/dbt/products/ext_chalk__tag_bid_day,dbt__products__ext_chalk,t2,Discovery,snowflake
snowflake/dbt/products/ext_chalk__tag_bid_hour,dbt__products__ext_chalk,t2,Discovery,snowflake
snowflake/dbt/products/ext_chalk__tag_order_day,dbt__products__ext_chalk,t2,Discovery,snowflake
snowflake/dbt/products/ext_chalk__tag_order_hour,dbt__products__ext_chalk,t2,Discovery,snowflake
snowflake/dbt/products/ext_chalk__tag_similarity_score,dbt__products__ext_chalk,t2,Discovery,snowflake
snowflake/dbt/products/ext_chalk__tag_similarity_score_snapshot,dbt__ext_chalk__features,t3,Discovery,snowflake
snowflake/dbt/products/ext_chalk__tag_watch_day,dbt__products__ext_chalk,t2,Discovery,snowflake
snowflake/dbt/products/ext_chalk__tag_watch_hour,dbt__products__ext_chalk,t2,Discovery,snowflake
snowflake/dbt/products/ext_chalk__user_bid_day,dbt__products__ext_chalk,t2,Discovery,snowflake
snowflake/dbt/products/ext_chalk__user_bid_day_snapshot,dbt__ext_chalk__features,t3,Discovery,snowflake
snowflake/dbt/products/ext_chalk__user_bid_hour,dbt__products__ext_chalk,t2,Discovery,snowflake
snowflake/dbt/products/ext_chalk__user_bid_hour_snapshot,dbt__ext_chalk__features,t3,Discovery,snowflake
snowflake/dbt/products/ext_chalk__user_category_bid_day,dbt__products__ext_chalk,t2,Discovery,snowflake
snowflake/dbt/products/ext_chalk__user_category_bid_day_snapshot,dbt__ext_chalk__features,t3,Discovery,snowflake
snowflake/dbt/products/ext_chalk__user_category_order_day,dbt__products__ext_chalk,t2,Discovery,snowflake
snowflake/dbt/products/ext_chalk__user_category_order_day_snapshot,dbt__ext_chalk__features,t3,Discovery,snowflake
snowflake/dbt/products/ext_chalk__user_country_bid_day,dbt__products__ext_chalk,t2,Discovery,snowflake
snowflake/dbt/products/ext_chalk__user_country_order_day,dbt__products__ext_chalk,t2,Discovery,snowflake
snowflake/dbt/products/ext_chalk__user_country_watch_day,dbt__products__ext_chalk,t2,Discovery,snowflake
snowflake/dbt/products/ext_chalk__user_fraud_features,dbt__products__ext_chalk,t3,CoreML,snowflake
snowflake/dbt/products/ext_chalk__user_fraud_features_snapshot,dbt__ext_chalk__features,t4,CoreML,snowflake
snowflake/dbt/products/ext_chalk__user_l1_versioned_tag_bid_day,dbt__products__ext_chalk,t2,Discovery,snowflake
snowflake/dbt/products/ext_chalk__user_l1_versioned_tag_bid_day_snapshot,dbt__ext_chalk__features,t3,Discovery,snowflake
snowflake/dbt/products/ext_chalk__user_l1_versioned_tag_bid_hour,dbt__products__ext_chalk,t2,Discovery,snowflake
snowflake/dbt/products/ext_chalk__user_l1_versioned_tag_order_day,dbt__products__ext_chalk,t2,Discovery,snowflake
snowflake/dbt/products/ext_chalk__user_l1_versioned_tag_order_day_snapshot,dbt__ext_chalk__features,t3,Discovery,snowflake
snowflake/dbt/products/ext_chalk__user_l1_versioned_tag_order_hour,dbt__products__ext_chalk,t2,Discovery,snowflake
snowflake/dbt/products/ext_chalk__user_l1_versioned_tag_watch_day,dbt__products__ext_chalk,t1,Discovery,snowflake
snowflake/dbt/products/ext_chalk__user_l1_versioned_tag_watch_day_snapshot,dbt__ext_chalk__features,t3,Discovery,snowflake
snowflake/dbt/products/ext_chalk__user_l1_versioned_tag_watch_hour,dbt__products__ext_chalk,t2,Discovery,snowflake
snowflake/dbt/products/ext_chalk__user_l2_versioned_tag_bid_day,dbt__products__ext_chalk,t2,Discovery,snowflake
snowflake/dbt/products/ext_chalk__user_l2_versioned_tag_bid_day_snapshot,dbt__ext_chalk__features,t3,Discovery,snowflake
snowflake/dbt/products/ext_chalk__user_l2_versioned_tag_bid_hour,dbt__products__ext_chalk,t2,Discovery,snowflake
snowflake/dbt/products/ext_chalk__user_l2_versioned_tag_order_day,dbt__products__ext_chalk,t2,Discovery,snowflake
snowflake/dbt/products/ext_chalk__user_l2_versioned_tag_order_day_snapshot,dbt__ext_chalk__features,t3,Discovery,snowflake
snowflake/dbt/products/ext_chalk__user_l2_versioned_tag_order_hour,dbt__products__ext_chalk,t2,Discovery,snowflake
snowflake/dbt/products/ext_chalk__user_l2_versioned_tag_watch_day,dbt__products__ext_chalk,t1,Discovery,snowflake
snowflake/dbt/products/ext_chalk__user_l2_versioned_tag_watch_day_snapshot,dbt__ext_chalk__features,t3,Discovery,snowflake
snowflake/dbt/products/ext_chalk__user_l2_versioned_tag_watch_hour,dbt__products__ext_chalk,t2,Discovery,snowflake
snowflake/dbt/products/ext_chalk__user_order_day,dbt__products__ext_chalk,t2,Discovery,snowflake
snowflake/dbt/products/ext_chalk__user_order_day_snapshot,dbt__ext_chalk__features,t3,Discovery,snowflake
snowflake/dbt/products/ext_chalk__user_order_hour,dbt__products__ext_chalk,t2,Discovery,snowflake
snowflake/dbt/products/ext_chalk__user_order_hour_snapshot,dbt__ext_chalk__features,t3,Discovery,snowflake
snowflake/dbt/products/ext_chalk__user_seller_bid_day,dbt__products__ext_chalk,t2,Discovery,snowflake
snowflake/dbt/products/ext_chalk__user_seller_bid_day_snapshot,dbt__ext_chalk__features,t3,Discovery,snowflake
snowflake/dbt/products/ext_chalk__user_seller_bid_hour,dbt__products__ext_chalk,t2,Discovery,snowflake
snowflake/dbt/products/ext_chalk__user_seller_bid_hour_snapshot,dbt__ext_chalk__features,t3,Discovery,snowflake
snowflake/dbt/products/ext_chalk__user_seller_order_day,dbt__products__ext_chalk,t2,Discovery,snowflake
snowflake/dbt/products/ext_chalk__user_seller_order_day_snapshot,dbt__ext_chalk__features,t3,Discovery,snowflake
snowflake/dbt/products/ext_chalk__user_seller_order_hour,dbt__products__ext_chalk,t2,Discovery,snowflake
snowflake/dbt/products/ext_chalk__user_seller_order_hour_snapshot,dbt__ext_chalk__features,t3,Discovery,snowflake
snowflake/dbt/products/ext_chalk__user_seller_watch_day,dbt__products__ext_chalk,t2,Discovery,snowflake
snowflake/dbt/products/ext_chalk__user_seller_watch_hour,dbt__products__ext_chalk,t2,Discovery,snowflake
snowflake/dbt/products/ext_chalk__user_seller_watch_hour_snapshot,dbt__ext_chalk__features,t3,Discovery,snowflake
snowflake/dbt/products/ext_chalk__user_similar_tag_bid_day,dbt__products__ext_chalk,t2,Discovery,snowflake
snowflake/dbt/products/ext_chalk__user_similar_tag_bid_hour,dbt__products__ext_chalk,t2,Discovery,snowflake
snowflake/dbt/products/ext_chalk__user_similar_tag_order_day,dbt__products__ext_chalk,t2,Discovery,snowflake
snowflake/dbt/products/ext_chalk__user_similar_tag_order_hour,dbt__products__ext_chalk,t2,Discovery,snowflake
snowflake/dbt/products/ext_chalk__user_similar_tag_watch_day,dbt__products__ext_chalk,t2,Discovery,snowflake
snowflake/dbt/products/ext_chalk__user_similar_tag_watch_hour,dbt__products__ext_chalk,t2,Discovery,snowflake
snowflake/dbt/products/ext_chalk__user_tag_bid_day,dbt__products__ext_chalk,t2,Discovery,snowflake
snowflake/dbt/products/ext_chalk__user_tag_bid_hour,dbt__products__ext_chalk,t2,Discovery,snowflake
snowflake/dbt/products/ext_chalk__user_tag_order_day,dbt__products__ext_chalk,t2,Discovery,snowflake
snowflake/dbt/products/ext_chalk__user_tag_order_hour,dbt__products__ext_chalk,t2,Discovery,snowflake
snowflake/dbt/products/ext_chalk__user_tag_watch_day,dbt__products__ext_chalk,t1,Discovery,snowflake
snowflake/dbt/products/ext_chalk__user_tag_watch_hour,dbt__products__ext_chalk,t2,Discovery,snowflake
snowflake/dbt/products/ext_chalk__user_watch_day,dbt__products__ext_chalk,t2,Discovery,snowflake
snowflake/dbt/products/ext_chalk__user_watch_day_snapshot,dbt__ext_chalk__features,t3,Discovery,snowflake
snowflake/dbt/products/ext_chalk__user_watch_hour,dbt__products__ext_chalk,t2,Discovery,snowflake
snowflake/dbt/products/ext_chalk__user_watch_hour_snapshot,dbt__ext_chalk__features,t3,Discovery,snowflake
snowflake/dbt/products/ext_pigment__all_operational_metrics,dbt__products__ext_pigment,t3,Analytics,snowflake
snowflake/dbt/products/ext_pigment__buyer_cohorted_metrics,dbt__products__ext_pigment,t3,Analytics,snowflake
snowflake/dbt/products/ext_pigment__gmv_forecast,dbt__products__ext_pigment,t3,Analytics,snowflake
snowflake/dbt/products/ext_pigment__gmv_orders_actuals,dbt__products__ext_pigment,t3,Analytics,snowflake
snowflake/dbt/products/ext_pigment__seller_cohorted_metrics,dbt__products__ext_pigment,t3,Analytics,snowflake
snowflake/dbt/products/ext_pigment__shippo_invoices_aggregated,dbt__products__ext_pigment,t3,Analytics,snowflake
snowflake/dbt/products/ext_pigment__snowflake_usage,dbt__products__ext_pigment,t3,DataPlatform,snowflake
snowflake/dbt/products/ext_pigment__ticket_metrics,dbt__products__ext_pigment,t3,Analytics,snowflake
snowflake/dbt/products/ext_retool__laser_entity_config,dbt__products__ext_retool,t3,DataPlatform,snowflake
snowflake/dbt/products/ext_retool__ts_seller_metric_day_recent,dbt__products__ext_retool,t3,GlobalTrustAndSafety,snowflake
snowflake/dbt/products/ext_retool__ts_user_event_names,dbt__products__ext_retool,t3,GlobalTrustAndSafety,snowflake
snowflake/dbt/products/ext_salesforce__account_update,dbt__products__ext_salesforce,t3,DataPlatform,snowflake
snowflake/dbt/products/ext_salesforce__account_userid_update,dbt__products__ext_salesforce,t2,DataPlatform,snowflake
snowflake/dbt/products/ext_salesforce__category_map,dbt__products__ext_salesforce,t3,unset,snowflake
snowflake/dbt/products/ext_salesforce__csm_cycle_update,dbt__products__ext_salesforce,t3,DataPlatform,snowflake
snowflake/dbt/products/ext_salesforce__csm_to_am_thresholds,dbt__products__ext_salesforce,t3,unset,snowflake
snowflake/dbt/products/ext_salesforce__lead_update,dbt__products__ext_salesforce,t2,DataPlatform,snowflake
snowflake/dbt/products/ext_salesforce__lead_userid_update,dbt__products__ext_salesforce,t2,DataPlatform,snowflake
snowflake/dbt/products/ext_salesforce__opportunity_post_closed_update,dbt__products__ext_salesforce,t2,DataPlatform,snowflake
snowflake/dbt/products/ext_salesforce__opportunity_stg,dbt__products__ext_salesforce,t2,DataPlatform,snowflake
snowflake/dbt/products/ext_salesforce__opportunity_update,dbt__products__ext_salesforce,t2,DataPlatform,snowflake
snowflake/dbt/products/ext_salesforce__update_bans,dbt__products__ext_salesforce,t3,DataPlatform,snowflake
snowflake/dbt/products/ext_salesforce__update_gmv_wow,dbt__products__ext_salesforce,t3,DataPlatform,snowflake
snowflake/dbt/products/ext_salesforce__update_livestream_wow,dbt__products__ext_salesforce,t3,DataPlatform,snowflake
snowflake/dbt/products/ext_salesforce__whale_thresholds,dbt__products__ext_salesforce,t3,unset,snowflake
snowflake/dbt/products/ext_segment__airtable_inbound,dbt__products__ext_segment,t3,DataPlatform,snowflake
snowflake/dbt/products/ext_segment__searches,dbt__products__ext_segment,t3,DataPlatform,snowflake
snowflake/dbt/products/ext_statsig__a__seller_day,dbt__products__ext_statsig,t3,Experimentation,snowflake
snowflake/dbt/products/ext_statsig__agent_touch_metrics,dbt__products__ext_statsig,t3,Experimentation,snowflake
snowflake/dbt/products/ext_statsig__app_install,dbt__products__ext_statsig,t3,Experimentation,snowflake
snowflake/dbt/products/ext_statsig__async_auction_metrics,dbt__products__ext_statsig,t3,Experimentation,snowflake
snowflake/dbt/products/ext_statsig__buyer_activation,dbt__products__ext_statsig,t3,Experimentation,snowflake
snowflake/dbt/products/ext_statsig__buyer_growth,dbt__products__ext_statsig,t3,CoreML,snowflake
snowflake/dbt/products/ext_statsig__buyer_livestream_funnel_metrics,dbt__products__ext_statsig,t3,Discovery,snowflake
snowflake/dbt/products/ext_statsig__client_tech_metrics,dbt__products__ext_statsig,t3,CoreML,snowflake
snowflake/dbt/products/ext_statsig__community_boost_metrics,dbt__products__ext_statsig,t3,Experimentation,snowflake
snowflake/dbt/products/ext_statsig__continuous_client_tech_events,dbt__products__ext_statsig,t3,CoreML,snowflake
snowflake/dbt/products/ext_statsig__dau,dbt__products__ext_statsig,t3,CoreML,snowflake
snowflake/dbt/products/ext_statsig__discovery,dbt__products__ext_statsig,t3,Experimentation,snowflake
snowflake/dbt/products/ext_statsig__livestream_funnel_dau,dbt__products__ext_statsig,t3,CoreML,snowflake
snowflake/dbt/products/ext_statsig__livestream_funnel_metrics,dbt__products__ext_statsig,t3,CoreML,snowflake
snowflake/dbt/products/ext_statsig__marketplace,dbt__products__ext_statsig,t3,Experimentation,snowflake
snowflake/dbt/products/ext_statsig__mbe_user_request_metrics,dbt__products__ext_statsig,t3,Experimentation,snowflake
snowflake/dbt/products/ext_statsig__notifications,dbt__products__ext_statsig,t3,Growth,snowflake
snowflake/dbt/products/ext_statsig__order_cancelled_metrics,dbt__products__ext_statsig,t3,Experimentation,snowflake
snowflake/dbt/products/ext_statsig__order_dau,dbt__products__ext_statsig,t3,Experimentation,snowflake
snowflake/dbt/products/ext_statsig__order_dms,dbt__products__ext_statsig,t3,Experimentation,snowflake
snowflake/dbt/products/ext_statsig__order_metrics,dbt__products__ext_statsig,t3,Experimentation,snowflake
snowflake/dbt/products/ext_statsig__order_refunded_metrics,dbt__products__ext_statsig,t3,Experimentation,snowflake
snowflake/dbt/products/ext_statsig__payment_metrics,dbt__products__ext_statsig,t3,Experimentation,snowflake
snowflake/dbt/products/ext_statsig__ranking_request_metrics,dbt__products__ext_statsig,t3,CoreML,snowflake
snowflake/dbt/products/ext_statsig__seller_fraud_metrics,dbt__products__ext_statsig,t3,Experimentation,snowflake
snowflake/dbt/products/ext_statsig__seller_growth_payouts,dbt__products__ext_statsig,t3,Experimentation,snowflake
snowflake/dbt/products/ext_statsig__seller_livestream_funnel_metrics,dbt__products__ext_statsig,t3,Discovery,snowflake
snowflake/dbt/products/ext_statsig__shipment_delayed_dropoff,dbt__products__ext_statsig,t3,Experimentation,snowflake
snowflake/dbt/products/ext_statsig__simple_backend_logged_out_user_id_binding,dbt__products__ext_statsig,t3,Experimentation,snowflake
snowflake/dbt/products/ext_statsig__simple_backend_logged_out_user_id_binding_new_users,dbt__products__ext_statsig,t3,Experimentation,snowflake
snowflake/dbt/products/ext_statsig__simple_frontend_logged_out_user_id_binding,dbt__products__ext_statsig,t3,Experimentation,snowflake
snowflake/dbt/products/ext_statsig__statsig_forwarded_exposures_user_dims,dbt__products__ext_statsig,t3,Experimentation,snowflake
snowflake/dbt/products/ext_statsig__support_native_flow,dbt__products__ext_statsig,t3,Experimentation,snowflake
snowflake/dbt/products/ext_statsig__triggered_client_tech_events,dbt__products__ext_statsig,t3,CoreML,snowflake
snowflake/dbt/products/ext_statsig__unioned_metrics,default,,,snowflake
snowflake/dbt/products/ext_statsig__user_actions_dau,dbt__products__ext_statsig,t3,Experimentation,snowflake
snowflake/dbt/products/ext_statsig__web_events,dbt__products__ext_statsig,t3,Experimentation,snowflake
snowflake/dbt/products/finance__usps_rate_seeds,dbt__products__finance__usps_rate_seeds,t3,unset,snowflake
snowflake/dbt/products/formats__premier_shop_eligibility,dbt__products__formats,t1,Marketplace,snowflake
snowflake/dbt/products/formats__premier_shop_eligibility_unload,dbt__products__formats,t1,Marketplace,snowflake
snowflake/dbt/products/formats__premier_shop_program_criteria,dbt__products__formats,t3,Marketplace,snowflake
snowflake/dbt/products/formats__premier_shop_program_criteria_batched,dbt__products__formats,t3,Marketplace,snowflake
snowflake/dbt/products/formats__premier_shop_program_criteria_unload,dbt__products__formats,t3,Marketplace,snowflake
snowflake/dbt/products/formats__premier_shop_whitelist,dbt__products__formats,t2,Marketplace,snowflake
snowflake/dbt/products/frontend__subevents,dbt__products__analytics_core,t3,Analytics,snowflake
snowflake/dbt/products/gmv_forecast_gsheet_export,dbt__products__gmv_forecast_gsheet_export,t3,unset,snowflake
snowflake/dbt/products/growth_marketing__audiences,dbt__products__growth_marketing,t2,GrowthMarketing,snowflake
snowflake/dbt/products/growth_marketing__audiences_s3_daily_unload,dbt__products__growth_marketing,t2,GrowthMarketing,snowflake
snowflake/dbt/products/growth_marketing__stg_dev_team_members,dbt__products__growth_marketing,t2,GrowthMarketing,snowflake
snowflake/dbt/products/growth_marketing__stg_unconverted_dormant_users,dbt__products__growth_marketing,t2,GrowthMarketing,snowflake
snowflake/dbt/products/indexing_es__inventory_listings_v1_spine,dbt__products__indexing_es,t2,DataPlatform,snowflake
snowflake/dbt/products/indexing_es__listings_aa_spine,dbt__products__indexing_es,t1,DataPlatform,snowflake
snowflake/dbt/products/indexing_es__listings_all_spine,dbt__products__indexing_es,t1,DataPlatform,snowflake
snowflake/dbt/products/indexing_es__listings_bin_basic_embeddings,dbt__products__indexing_es,t2,Discovery,snowflake
snowflake/dbt/products/indexing_es__listings_bin_basic_ngrams,dbt__products__indexing_es,t2,Discovery,snowflake
snowflake/dbt/products/indexing_es__listings_bin_spine,dbt__products__indexing_es,t1,DataPlatform,snowflake
snowflake/dbt/products/indexing_es__listings_extracted_structured_attributes_mapped_to_existing,dbt__products__indexing_es,t2,Discovery,snowflake
snowflake/dbt/products/indexing_es__listings_extracted_structured_attributes_mapped_to_existing_metadata,dbt__products__indexing_es,t2,Discovery,snowflake
snowflake/dbt/products/indexing_es__listings_ll_spine,dbt__products__indexing_es,t1,DataPlatform,snowflake
snowflake/dbt/products/indexing_es__listings_tagged_attributes,dbt__products__indexing_es,t2,DataPlatform,snowflake
snowflake/dbt/products/indexing_es__listings_v9_aa_side_load,dbt__products__indexing_es,t2,DataPlatform,snowflake
snowflake/dbt/products/indexing_es__listings_v9_bin_side_load,dbt__products__indexing_es,t2,DataPlatform,snowflake
snowflake/dbt/products/indexing_es__listings_v9_index,dbt__products__indexing_es,t2,DataPlatform,snowflake
snowflake/dbt/products/indexing_es__listings_v9_ll_side_load,dbt__products__indexing_es,t2,DataPlatform,snowflake
snowflake/dbt/products/indexing_es__listings_v9_side_load,dbt__products__indexing_es,t2,DataPlatform,snowflake
snowflake/dbt/products/indexing_es__listings_v9_side_load_laser,dbt__products__indexing_es,t2,DataPlatform,snowflake
snowflake/dbt/products/indexing_es__listings_v9_spine,dbt__products__indexing_es,t2,DataPlatform,snowflake
snowflake/dbt/products/indexing_es__listings_v9_uuid_to_index_metadata,dbt__products__indexing_es,t2,DataPlatform,snowflake
snowflake/dbt/products/indexing_es__livestreams_ls_spine,dbt__products__indexing_es,t1,DataPlatform,snowflake
snowflake/dbt/products/indexing_es__livestreams_v2_index,dbt__products__indexing_es,t2,DataPlatform,snowflake
snowflake/dbt/products/indexing_es__livestreams_v2_ls_side_load,dbt__products__indexing_es,t2,DataPlatform,snowflake
snowflake/dbt/products/indexing_es__livestreams_v2_side_load,dbt__products__indexing_es,t2,DataPlatform,snowflake
snowflake/dbt/products/indexing_es__livestreams_v2_side_load_laser,dbt__products__indexing_es,t2,DataPlatform,snowflake
snowflake/dbt/products/indexing_es__livestreams_v2_uuid_to_index_metadata,dbt__products__indexing_es,t2,DataPlatform,snowflake
snowflake/dbt/products/indexing_es__livestreams_v3_index,dbt__products__indexing_es,t2,DataPlatform,snowflake
snowflake/dbt/products/indexing_es__livestreams_v3_side_load,dbt__products__indexing_es,t2,DataPlatform,snowflake
snowflake/dbt/products/indexing_es__livestreams_v3_spine,dbt__products__indexing_es,t2,DataPlatform,snowflake
snowflake/dbt/products/indexing_es__orders_v1_spine,dbt__products__indexing_es,t2,DataPlatform,snowflake
snowflake/dbt/products/indexing_es__queries_v2_index,dbt__products__indexing_es,t2,DataPlatform,snowflake
snowflake/dbt/products/indexing_es__queries_v2_side_load,dbt__products__indexing_es,t2,DataPlatform,snowflake
snowflake/dbt/products/indexing_es__queries_v2_side_load_laser,dbt__products__indexing_es,t2,DataPlatform,snowflake
snowflake/dbt/products/indexing_es__queries_v2_spine,dbt__products__indexing_es,t2,DataPlatform,snowflake
snowflake/dbt/products/indexing_es__queries_v2_uuid_to_index_metadata,dbt__products__indexing_es,t2,DataPlatform,snowflake
snowflake/dbt/products/indexing_es__shipments_v1_spine,dbt__products__indexing_es,t2,DataPlatform,snowflake
snowflake/dbt/products/indexing_es__smartling_translations,dbt__products__indexing_es,t2,DataPlatform,snowflake
snowflake/dbt/products/indexing_es__sold_listings_v1_spine,dbt__products__indexing_es,t2,DataPlatform,snowflake
snowflake/dbt/products/indexing_es__users_v1_index,dbt__products__indexing_es,t2,DataPlatform,snowflake
snowflake/dbt/products/indexing_es__users_v1_side_load,dbt__products__indexing_es,t2,DataPlatform,snowflake
snowflake/dbt/products/indexing_es__users_v1_side_load_laser,dbt__products__indexing_es,t2,DataPlatform,snowflake
snowflake/dbt/products/indexing_es__users_v1_spine,dbt__products__indexing_es,t2,DataPlatform,snowflake
snowflake/dbt/products/indexing_es__users_v1_uuid_to_index_metadata,dbt__products__indexing_es,t2,DataPlatform,snowflake
snowflake/dbt/products/influencer__contracts,dbt__products__influencer,t3,Analytics,snowflake
snowflake/dbt/products/influencer__deal_category_map,dbt__products__influencer,t3,unset,snowflake
snowflake/dbt/products/influencer__deals,dbt__products__influencer,t3,Analytics,snowflake
snowflake/dbt/products/influencer__influencer_attributes,dbt__products__influencer,t3,Analytics,snowflake
snowflake/dbt/products/influencer__influencers,dbt__products__influencer,t3,Analytics,snowflake
snowflake/dbt/products/influencer__user_attribution,dbt__products__influencer,t3,Analytics,snowflake
snowflake/dbt/products/international__catalog_product_attributes_s3_unload,dbt__products__international,t3,International,snowflake
snowflake/dbt/products/international__categories_s3_unload,dbt__products__international,t3,International,snowflake
snowflake/dbt/products/international__category_mapping,dbt__products__international__category_mapping,t3,unset,snowflake
snowflake/dbt/products/international__liquidator_list,dbt__products__international__liquidator_list,t3,unset,snowflake
snowflake/dbt/products/international__livestream_tags_description_s3_unload,dbt__products__international,t3,International,snowflake
snowflake/dbt/products/international__livestream_tags_s3_unload,dbt__products__international,t3,International,snowflake
snowflake/dbt/products/international__region_mapping,dbt__products__international__region_mapping,t3,unset,snowflake
snowflake/dbt/products/international__seller_invoicing_s3_unload,dbt__products__international,t2,International,snowflake
snowflake/dbt/products/international__shipping_profiles_s3_unload,dbt__products__international,t3,International,snowflake
snowflake/dbt/products/international__ts_violations_description_s3_unload,dbt__products__international,t3,International,snowflake
snowflake/dbt/products/international__ts_violations_subtitle_s3_unload,dbt__products__international,t3,International,snowflake
snowflake/dbt/products/international__ts_violations_title_s3_unload,dbt__products__international,t3,International,snowflake
snowflake/dbt/products/laser__ads_bids,dbt__products__laser_unloads,t3,Ads,snowflake
snowflake/dbt/products/laser__ads_price,dbt__products__laser_unloads,t3,Ads,snowflake
snowflake/dbt/products/laser__ads_rank_advertiser_by_follow,dbt__products__laser_unloads,t3,Ads,snowflake
snowflake/dbt/products/laser__ads_rank_advertiser_by_view,dbt__products__laser_unloads,t3,Ads,snowflake
snowflake/dbt/products/laser__cs_seller_buyer_history,dbt__products__laser_unloads,t1,CustomerExperienceEngineering,snowflake
snowflake/dbt/products/laser__cs_seller_daily_stats,dbt__products__laser_unloads,t1,CustomerExperienceEngineering,snowflake
snowflake/dbt/products/laser__disco_features_seller_sgns_embeddings,dbt__products__laser_unloads,t2,CoreML,snowflake
snowflake/dbt/products/laser__disco_tag_recommendations,dbt__products__laser_unloads,t1,Discovery,snowflake
snowflake/dbt/products/laser__first_ls_sale_date,dbt__products__laser,t1,Discovery,snowflake
snowflake/dbt/products/laser__first_ls_sale_date_unload,dbt__products__laser_unloads,t1,Discovery,snowflake
snowflake/dbt/products/laser__followed_sellers_with_auctions,dbt__products__laser,t2,Marketplace,snowflake
snowflake/dbt/products/laser__followed_sellers_with_listings,dbt__products__laser,t2,Marketplace,snowflake
snowflake/dbt/products/laser__high_value_buyers,dbt__products__laser_unloads,t2,Growth,snowflake
snowflake/dbt/products/laser__invalid_livestreams,dbt__products__laser,t2,CoreML,snowflake
snowflake/dbt/products/laser__invalid_livestreams_unload,dbt__products__laser_unloads,t2,CoreML,snowflake
snowflake/dbt/products/laser__listings_index_source,dbt__products__laser,t2,CoreML,snowflake
snowflake/dbt/products/laser__livestream_listing_attribute_index,dbt__products__laser,t1,Discovery,snowflake
snowflake/dbt/products/laser__livestream_listing_attribute_index_unload,dbt__products__laser_unloads,t1,Discovery,snowflake
snowflake/dbt/products/laser__logistics_shipment_updates,dbt__products__laser_unloads,t1,PaymentsAndLogistics,snowflake
snowflake/dbt/products/laser__num_of_successful_livestream_orders,dbt__products__laser_unloads,t1,Growth,snowflake
snowflake/dbt/products/laser__nuxcat,dbt__products__laser_unloads,t3,Growth,snowflake
snowflake/dbt/products/laser__product_total_views,dbt__products__laser_unloads,t1,Marketplace,snowflake
snowflake/dbt/products/laser__push_notification_live_scheduled,dbt__products__laser_unloads,t1,SellerGrowth,snowflake
snowflake/dbt/products/laser__referred_seller_first_month_sales,dbt__products__laser_unloads,t2,Growth,snowflake
snowflake/dbt/products/laser__related_user_group_ids,dbt__products__laser_unloads,t1,GlobalTrustAndSafety,snowflake
snowflake/dbt/products/laser__related_users_query_by_group,dbt__products__laser_unloads,t1,GlobalTrustAndSafety,snowflake
snowflake/dbt/products/laser__sdb_per_livestream,dbt__products__laser_unloads,t1,Seller Scaling,snowflake
snowflake/dbt/products/laser__sdb_sales,dbt__products__laser_unloads,t1,Growth,snowflake
snowflake/dbt/products/laser__sdb_streams,dbt__products__laser_unloads,t1,Seller Scaling,snowflake
snowflake/dbt/products/laser__sdb_tas_livestream_issues,dbt__products__laser_unloads,t3,GlobalTrustAndSafety,snowflake
snowflake/dbt/products/laser__sdb_tas_marketplace_issues_monthly,dbt__products__laser_unloads,t3,GlobalTrustAndSafety,snowflake
snowflake/dbt/products/laser__sdb_tas_order_issue_metrics_monthly,dbt__products__laser_unloads,t3,GlobalTrustAndSafety,snowflake
snowflake/dbt/products/laser__sdb_tas_orders,dbt__products__laser_unloads,t3,GlobalTrustAndSafety,snowflake
snowflake/dbt/products/laser__sdb_tas_overview,dbt__products__laser_unloads,t3,GlobalTrustAndSafety,snowflake
snowflake/dbt/products/laser__sdb_users,dbt__products__laser_unloads,t1,Growth,snowflake
snowflake/dbt/products/laser__search_klp_terms,dbt__products__laser_unloads,t1,Growth,snowflake
snowflake/dbt/products/laser__search_query_autocomplete_index_source,dbt__products__laser_unloads,t1,Search,snowflake
snowflake/dbt/products/laser__search_query_quality_scores,dbt__products__laser_unloads,t1,Search,snowflake
snowflake/dbt/products/laser__search_query_to_reformulated_queries,dbt__products__laser_unloads,t1,Search,snowflake
snowflake/dbt/products/laser__search_query_to_sellers,dbt__products__laser_unloads,t1,Search,snowflake
snowflake/dbt/products/laser__search_tokenized_queries_spell_abr,dbt__products__laser_unloads,t1,Search,snowflake
snowflake/dbt/products/laser__seller_average_ship_days,dbt__products__laser,t2,Logistics,snowflake
snowflake/dbt/products/laser__seller_average_ship_days_unload,dbt__products__laser_unloads,t2,Marketplace,snowflake
snowflake/dbt/products/laser__seller_lifetime_gmv,dbt__products__laser,t1,Marketplace,snowflake
snowflake/dbt/products/laser__seller_lifetime_metrics_v3,dbt__products__laser_unloads,t1,DataPlatform,snowflake
snowflake/dbt/products/laser__seller_lifetime_metrics_v4,dbt__products__laser_unloads,t2,Discovery,snowflake
snowflake/dbt/products/laser__seller_lifetime_orders,dbt__products__laser,t2,Marketplace,snowflake
snowflake/dbt/products/laser__seller_metadata,dbt__products__laser,t3,CoreML,snowflake
snowflake/dbt/products/laser__sellers_with_livestreams,dbt__products__laser,t2,Discovery,snowflake
snowflake/dbt/products/laser__stg_tas_order_issues_statused,dbt__products__laser_unloads,t3,GlobalTrustAndSafety,snowflake
snowflake/dbt/products/laser__tag_popular,dbt__products__laser_unloads,t1,Discovery,snowflake
snowflake/dbt/products/laser__ts_early_payout_abuser_flag,dbt__products__laser_unloads,t3,GlobalTrustAndSafety,snowflake
snowflake/dbt/products/laser__ts_early_payout_weekly_cap,dbt__products__laser_unloads,t2,GlobalTrustAndSafety,snowflake
snowflake/dbt/products/laser__ts_refund_abuse_metrics,dbt__products__trust_and_safety,t2,CoreML,snowflake
snowflake/dbt/products/laser__ts_scores,dbt__products__trust_and_safety,t1,CoreML,snowflake
snowflake/dbt/products/laser__ts_scores_v2,dbt__products__trust_and_safety,t3,CoreML,snowflake
snowflake/dbt/products/laser__ts_seller_buyer_relationships,dbt__products__laser_unloads,t2,GlobalTrustAndSafety,snowflake
snowflake/dbt/products/laser__ts_seller_refund_abuse_metrics,dbt__products__trust_and_safety,t2,GlobalTrustAndSafety,snowflake
snowflake/dbt/products/laser__ts_vip_users,dbt__products__laser_unloads,t2,TrustXP,snowflake
snowflake/dbt/products/laser__tsrug2,dbt__products__laser_unloads,t1,GlobalTrustAndSafety,snowflake
snowflake/dbt/products/laser__tsrugi2,dbt__products__laser_unloads,t1,GlobalTrustAndSafety,snowflake
snowflake/dbt/products/laser__txn_fraud_signal,dbt__products__payments,t2,CoreML,snowflake
snowflake/dbt/products/laser__ues,dbt__products__laser_unloads,t1,Discovery,snowflake
snowflake/dbt/products/laser__user_mystery_orders,dbt__products__laser_unloads,t1,Discovery,snowflake
snowflake/dbt/products/laser__user_num_of_successful_livestream_orders,dbt__products__laser,t3,Growth,snowflake
snowflake/dbt/products/laser__user_tag_tfidf_v2,dbt__products__laser_unloads,t1,Discovery,snowflake
snowflake/dbt/products/liquidation__sellers,dbt__products__sales,t3,Analytics,snowflake
snowflake/dbt/products/listing_aggregations__hourly_aggregation_history,dbt__products__listing_aggregations,t2,Discovery,snowflake
snowflake/dbt/products/listings_aggregations__livestreams_by_order_listing_type,dbt__products__listing_aggregations,t2,Discovery,snowflake
snowflake/dbt/products/live_orders_dedupe_stg,dbt__products__analytics_core,t3,Analytics,snowflake
snowflake/dbt/products/livestream_promotions__ad_load,dbt__products__livestream_promotions,t3,Ads,snowflake
snowflake/dbt/products/livestream_promotions__ads_credits,dbt__products__livestream_promotions,t3,Ads,snowflake
snowflake/dbt/products/livestream_promotions__base_livestream_engagements_backend,dbt__products__livestream_promotions,t3,Ads,snowflake
snowflake/dbt/products/livestream_promotions__base_livestream_engagements_frontend,dbt__products__livestream_promotions,t3,Ads,snowflake
snowflake/dbt/products/livestream_promotions__base_livestream_engagements_segment,dbt__products__livestream_promotions,t3,Ads,snowflake
snowflake/dbt/products/livestream_promotions__budget_recommendation_facts,dbt__products__livestream_promotions,t3,Ads,snowflake
snowflake/dbt/products/livestream_promotions__community_boost_contributions,dbt__products__livestream_promotions,t3,Ads,snowflake
snowflake/dbt/products/livestream_promotions__events_aggregations,dbt__products__livestream_promotions,t3,Ads,snowflake
snowflake/dbt/products/livestream_promotions__events_aggregations_backend,dbt__products__livestream_promotions,t3,Ads,snowflake
snowflake/dbt/products/livestream_promotions__feed_funnel,dbt__products__livestream_promotions,t3,Analytics,snowflake
snowflake/dbt/products/livestream_promotions__impression_user_day,dbt__products__livestream_promotions,t3,Ads,snowflake
snowflake/dbt/products/livestream_promotions__ledger_transactions,dbt__products__livestream_promotions,t3,Ads,snowflake
snowflake/dbt/products/livestream_promotions__long_term_ads_attribution_base,dbt__products__livestream_promotions,t3,Analytics,snowflake
snowflake/dbt/products/livestream_promotions__promotion_metrics,dbt__products__livestream_promotions,t3,Ads,snowflake
snowflake/dbt/products/livestream_promotions__rank_advertiser_by_follow,dbt__products__livestream_promotions,t3,Ads,snowflake
snowflake/dbt/products/livestream_promotions__rank_advertiser_by_view,dbt__products__livestream_promotions,t3,Ads,snowflake
snowflake/dbt/products/livestream_promotions__seller_funnel_events,dbt__products__livestream_promotions,t3,Ads,snowflake
snowflake/dbt/products/livestream_promotions__show_promotion_pricing_hourly_baseline,dbt__products__livestream_promotions,t3,Ads,snowflake
snowflake/dbt/products/livestream_promotions__suggested_budget,dbt__products__livestream_promotions,t3,Ads,snowflake
snowflake/dbt/products/livestream_user_bids_stg,dbt__products__analytics_core,t3,Analytics,snowflake
snowflake/dbt/products/livestream_user_category_first_watch_stg,dbt__products__analytics_core,t3,Analytics,snowflake
snowflake/dbt/products/livestream_user_engagements_stg,dbt__products__analytics_core,t3,Analytics,snowflake
snowflake/dbt/products/livestream_user_first_watch_stg,dbt__products__analytics_core,t3,Analytics,snowflake
snowflake/dbt/products/livestream_user_orders_stg,dbt__products__analytics_core,t3,Analytics,snowflake
snowflake/dbt/products/livestream_user_seller_first_watch_stg,dbt__products__analytics_core,t3,Analytics,snowflake
snowflake/dbt/products/livestream_user_watchtime_stg,dbt__products__analytics_core,t3,Analytics,snowflake
snowflake/dbt/products/logistics__my_live_stats,dbt__products__logistics,t2,PaymentsAndLogistics,snowflake
snowflake/dbt/products/logistics__shipment_counts_aggregated,dbt__products__logistics,t1,PaymentsAndLogistics,snowflake
snowflake/dbt/products/logistics__shipment_counts_all,dbt__products__logistics,t1,PaymentsAndLogistics,snowflake
snowflake/dbt/products/logistics__shipment_counts_livestream,dbt__products__logistics,t1,PaymentsAndLogistics,snowflake
snowflake/dbt/products/logistics__shipment_counts_livestream_all,dbt__products__logistics,t1,PaymentsAndLogistics,snowflake
snowflake/dbt/products/logistics__shipment_counts_marketplace,dbt__products__logistics,t1,PaymentsAndLogistics,snowflake
snowflake/dbt/products/logistics__shipment_counts_weekly_bundling,dbt__products__logistics,t1,PaymentsAndLogistics,snowflake
snowflake/dbt/products/logistics__shipment_history,dbt__products__logistics,t2,PaymentsAndLogistics,snowflake
snowflake/dbt/products/logistics__shipment_update_backend_event_summary,dbt__products__logistics,t3,PaymentsAndLogistics,snowflake
snowflake/dbt/products/logistics__shipment_update_backend_events,dbt__products__logistics,t3,PaymentsAndLogistics,snowflake
snowflake/dbt/products/logistics__shipment_update_events,dbt__products__logistics,t1,PaymentsAndLogistics,snowflake
snowflake/dbt/products/logistics__shipment_update_summary,dbt__products__logistics,t1,PaymentsAndLogistics,snowflake
snowflake/dbt/products/logistics__shipping_credit_usages,dbt__products__logistics,t3,PaymentsAndLogistics,snowflake
snowflake/dbt/products/loyalty_season_info,dbt__products__loyalty_season_info,t1,unset,snowflake
snowflake/dbt/products/margin_driver_hierarchy,dbt__products__margin_driver_hierarchy,t3,unset,snowflake
snowflake/dbt/products/marketing__on_platform_event_results,dbt__products__marketing__on_platform_event_results,t3,unset,snowflake
snowflake/dbt/products/marketplace__active_listings,dbt__products__marketplace,t2,Inventory,snowflake
snowflake/dbt/products/marketplace__active_live_listings,dbt__products__marketplace,t2,Inventory,snowflake
snowflake/dbt/products/marketplace__active_profile_listings,dbt__products__marketplace,t2,Inventory,snowflake
snowflake/dbt/products/marketplace__auction_listings,dbt__products__marketplace,t2,Marketplace,snowflake
snowflake/dbt/products/marketplace__base_bid_events,dbt__products__marketplace,t3,Analytics,snowflake
snowflake/dbt/products/marketplace__base_vs_events,dbt__products__marketplace,t3,Analytics,snowflake
snowflake/dbt/products/marketplace__bid_actions,dbt__products__marketplace,t3,Analytics,snowflake
snowflake/dbt/products/marketplace__bid_swipes,dbt__products__marketplace,t3,Analytics,snowflake
snowflake/dbt/products/marketplace__bids,dbt__products__marketplace,t3,Analytics,snowflake
snowflake/dbt/products/marketplace__buy_now_checkout_taps,dbt__products__marketplace,t3,Analytics,snowflake
snowflake/dbt/products/marketplace__buy_now_taps,dbt__products__marketplace,t3,Analytics,snowflake
snowflake/dbt/products/marketplace__checkout_details_views,dbt__products__marketplace,t3,Analytics,snowflake
snowflake/dbt/products/marketplace__correlated_events,dbt__products__marketplace,t3,Analytics,snowflake
snowflake/dbt/products/marketplace__dismiss_bid_sheet,dbt__products__marketplace,t3,Analytics,snowflake
snowflake/dbt/products/marketplace__flash_sales,dbt__products__marketplace,t2,Seller Merchandising,snowflake
snowflake/dbt/products/marketplace__funnel,dbt__products__marketplace,t3,Analytics,snowflake
snowflake/dbt/products/marketplace__laser_product_shares,dbt__products__marketplace,t1,Seller Merchandising,snowflake
snowflake/dbt/products/marketplace__ldp_views,dbt__products__marketplace,t3,Analytics,snowflake
snowflake/dbt/products/marketplace__listing_comment_tags,dbt__products__marketplace,t3,Analytics,snowflake
snowflake/dbt/products/marketplace__listing_comments,dbt__products__marketplace,t3,Analytics,snowflake
snowflake/dbt/products/marketplace__listings_surfaced,dbt__products__marketplace,t3,Analytics,snowflake
snowflake/dbt/products/marketplace__live_shop_visits,dbt__products__marketplace,t3,Analytics,snowflake
snowflake/dbt/products/marketplace__offer_amount_continue_taps,dbt__products__marketplace,t3,Analytics,snowflake
snowflake/dbt/products/marketplace__offer_checkout_taps,dbt__products__marketplace,t3,Analytics,snowflake
snowflake/dbt/products/marketplace__offer_events,dbt__products__marketplace,t3,Analytics,snowflake
snowflake/dbt/products/marketplace__offer_taps,dbt__products__marketplace,t3,Analytics,snowflake
snowflake/dbt/products/marketplace__order_events,dbt__products__marketplace,t3,Analytics,snowflake
snowflake/dbt/products/marketplace__product_shares,dbt__products__marketplace,t1,Seller Merchandising,snowflake
snowflake/dbt/products/marketplace__product_tile_impressions,dbt__products__marketplace,t3,Analytics,snowflake
snowflake/dbt/products/marketplace__product_tile_taps,dbt__products__marketplace,t3,Analytics,snowflake
snowflake/dbt/products/marketplace__secret_max_bids,dbt__products__marketplace,t3,Analytics,snowflake
snowflake/dbt/products/marketplace__user_journey_mapping,dbt__products__marketplace,t3,Analytics,snowflake
snowflake/dbt/products/notifications__inference_model_scores,dbt__products__notifications_inference,t3,Growth,snowflake
snowflake/dbt/products/notifications__inference_simple_drop_0,dbt__products__notifications_inference,t2,Growth,snowflake
snowflake/dbt/products/notifications__inference_simple_drop_0_s3_unload,dbt__products__notifications_inference,t2,Growth,snowflake
snowflake/dbt/products/notifications__shadow_follows__livestream_tag_sellers,dbt__products__notifications,t3,Growth,snowflake
snowflake/dbt/products/notifications__shadow_follows__livestreams,dbt__products__notifications,t3,Growth,snowflake
snowflake/dbt/products/notifications__shadow_follows__seller_ftb_conversions,dbt__products__notifications,t3,Growth,snowflake
snowflake/dbt/products/notifications__shadow_follows__seller_livestream_tags,dbt__products__notifications,t3,Growth,snowflake
snowflake/dbt/products/notifications__shadow_follows__user_seller_watches,dbt__products__notifications,t3,Growth,snowflake
snowflake/dbt/products/notifications_hub__default_attributes,dbt__products__notifications_hub,t3,Growth,snowflake
snowflake/dbt/products/notifications_hub__latest_activities,dbt__products__notifications_hub,t3,Growth,snowflake
snowflake/dbt/products/notifications_swarm__audiences,dbt__products__notifications_swarm,t3,Growth,snowflake
snowflake/dbt/products/notifications_swarm__audiences_s3_unload,dbt__products__notifications_swarm,t3,Growth,snowflake
snowflake/dbt/products/notifications_swarm__stg_categories,dbt__products__notifications_swarm,t3,Growth,snowflake
snowflake/dbt/products/onboarding__user_signed_up,dbt__products__onboarding,t3,Growth,snowflake
snowflake/dbt/products/order_buyer_attributes_stg,dbt__products__analytics_core,t3,Analytics,snowflake
snowflake/dbt/products/order_buyer_attributes_stg_temp_test,dbt__products__analytics_core,t3,Analytics,snowflake
snowflake/dbt/products/order_flash_sale_stg,dbt__products__analytics_core,t3,Analytics,snowflake
snowflake/dbt/products/order_ledger_attributes_stg,dbt__products__analytics_core,t3,Analytics,snowflake
snowflake/dbt/products/order_listing_attributes_stg,dbt__products__analytics_core,t3,Analytics,snowflake
snowflake/dbt/products/order_livestream_attributes_stg,dbt__products__analytics_core,t3,Analytics,snowflake
snowflake/dbt/products/order_payment_attributes_stg,dbt__products__analytics_core,t3,Analytics,snowflake
snowflake/dbt/products/order_payment_attributes_stg_temp_test,dbt__products__analytics_core,t3,Analytics,snowflake
snowflake/dbt/products/order_seller_attributes_stg,dbt__products__analytics_core,t3,Analytics,snowflake
snowflake/dbt/products/order_seller_attributes_stg_temp_test,dbt__products__analytics_core,t3,Analytics,snowflake
snowflake/dbt/products/order_shipment_attributes,dbt__products__analytics_core,t3,Analytics,snowflake
snowflake/dbt/products/payments__order_payouts_tracking,dbt__products__payments,t2,Payments,snowflake
snowflake/dbt/products/payments__stg_mbe_first_payment_transactions,dbt__products__payments,t3,Analytics,snowflake
snowflake/dbt/products/payments__stg_mbe_payment_transaction_summary,dbt__products__payments,t3,Analytics,snowflake
snowflake/dbt/products/payments__stg_mbe_payment_transactions_agg,dbt__products__payments,t3,Analytics,snowflake
snowflake/dbt/products/payments__stg_stripe_charge_summary,dbt__products__payments,t3,Analytics,snowflake
snowflake/dbt/products/payments__stg_stripe_charges_agg,dbt__products__payments,t3,Analytics,snowflake
snowflake/dbt/products/payments__stg_stripe_first_charges,dbt__products__payments,t3,Analytics,snowflake
snowflake/dbt/products/payments__stg_stripe_first_payments,dbt__products__payments,t3,Analytics,snowflake
snowflake/dbt/products/payments__stg_stripe_payment_summary,dbt__products__payments,t3,Analytics,snowflake
snowflake/dbt/products/payments__stg_stripe_payments_agg,dbt__products__payments,t3,Analytics,snowflake
snowflake/dbt/products/payout_review_time_to_approve,dbt__products__seller_growth,t3,Analytics,snowflake
snowflake/dbt/products/payout_review_time_to_reject,dbt__products__seller_growth,t3,Analytics,snowflake
snowflake/dbt/products/policy__categories_days_from_delivery,dbt__products__policy__categories_days_from_delivery,t1,unset,snowflake
snowflake/dbt/products/premier_shop_seller_deal_whitelist,dbt__products__premier_shop_seller_deal_whitelist,t1,unset,snowflake
snowflake/dbt/products/push__all_sends_and_taps_unmuted_estimate,dbt__products__push_performance,t3,Notifications,snowflake
snowflake/dbt/products/push__all_sends_and_taps_unmuted_estimate_agg,dbt__products__push_performance,t3,Growth,snowflake
snowflake/dbt/products/push__device_status,dbt__products__push_performance,t3,Growth,snowflake
snowflake/dbt/products/push__feed_load_time_ranks,dbt__products__push_performance,t3,Growth,snowflake
snowflake/dbt/products/push__feed_loads,dbt__products__push_performance,t3,Growth,snowflake
snowflake/dbt/products/push__in_app_settings,dbt__products__push_performance,t3,Growth,snowflake
snowflake/dbt/products/push__inference_sends_and_taps_30d,dbt__products__push_performance,t2,Growth,snowflake
snowflake/dbt/products/push__livestream_attribution,dbt__products__push_performance,t4,Growth,snowflake
snowflake/dbt/products/push__new_sends_and_taps_unmuted_estimate,dbt__products__push_performance,t3,Growth,snowflake
snowflake/dbt/products/push__new_user_characteristics,dbt__products__push_performance,t3,Growth,snowflake
snowflake/dbt/products/push__notifications_enabled_ios,dbt__products__push_performance,t3,Growth,snowflake
snowflake/dbt/products/push__notifications_v2,dbt__products__push_performance,t2,Growth,snowflake
snowflake/dbt/products/push__old_sends,dbt__products__push_performance,t2,Growth,snowflake
snowflake/dbt/products/push__os_status,dbt__products__push_performance,t3,Growth,snowflake
snowflake/dbt/products/push__os_status_events,dbt__products__push_performance,t3,Growth,snowflake
snowflake/dbt/products/push__platform_sends,dbt__products__push_performance,t2,Growth,snowflake
snowflake/dbt/products/push__platform_sends_and_taps,dbt__products__push_performance,t2,Growth,snowflake
snowflake/dbt/products/push__platform_sends_and_taps_agg,dbt__products__push_performance,t3,Growth,snowflake
snowflake/dbt/products/push__platform_sends_unique,dbt__products__push_performance,t2,Growth,snowflake
snowflake/dbt/products/push__stg_device_status_events,dbt__products__push_performance,t3,Growth,snowflake
snowflake/dbt/products/push__stg_firebase_events,dbt__products__push_performance,t3,Growth,snowflake
snowflake/dbt/products/push__taps,dbt__products__push_performance,t2,Growth,snowflake
snowflake/dbt/products/push__unoti_laser_tier_v2,dbt__products__push_performance,t3,Growth,snowflake
snowflake/dbt/products/push__user_day_device_status,dbt__products__push_performance,t3,Growth,snowflake
snowflake/dbt/products/push__user_day_metrics,dbt__products__push_performance,t3,Growth,snowflake
snowflake/dbt/products/push__user_day_status,dbt__products__push_performance,t3,Growth,snowflake
snowflake/dbt/products/push__user_day_status_metrics,dbt__products__push_performance,t3,Growth,snowflake
snowflake/dbt/products/push__user_day_status_v2,dbt__products__push_performance,t3,Growth,snowflake
snowflake/dbt/products/push__user_device_os_status,dbt__products__push_performance,t3,Notifications,snowflake
snowflake/dbt/products/push__user_joined_live_show_from_push_events,dbt__products__push_performance,t4,Growth,snowflake
snowflake/dbt/products/push__user_livestream_notif_convert,dbt__products__push_performance,t4,Growth,snowflake
snowflake/dbt/products/referral__challenge,dbt__products__referrals,t3,Analytics,snowflake
snowflake/dbt/products/referral__challenge_milestone_progress,dbt__products__referrals,t3,Analytics,snowflake
snowflake/dbt/products/referral__challenge_progress,dbt__products__referrals,t3,Analytics,snowflake
snowflake/dbt/products/referral__challenge_referred_users,dbt__products__referrals,t3,Analytics,snowflake
snowflake/dbt/products/referral__challenge_referrer_summary,dbt__products__referrals,t3,Analytics,snowflake
snowflake/dbt/products/referral__daily_performance,dbt__products__referrals,t3,Analytics,snowflake
snowflake/dbt/products/referral__funnel_events,dbt__products__referrals,t3,Analytics,snowflake
snowflake/dbt/products/referral__funnel_user,dbt__products__referrals,t3,Analytics,snowflake
snowflake/dbt/products/referral__landing_page_views,dbt__products__referrals,t3,Analytics,snowflake
snowflake/dbt/products/referral__link_land_source,dbt__products__referrals,t1,BuyerGrowth,snowflake
snowflake/dbt/products/referral__referrer_metrics,dbt__products__referrals,t3,Analytics,snowflake
snowflake/dbt/products/referral__retention,dbt__products__referrals,t3,Analytics,snowflake
snowflake/dbt/products/rewards__ledger,dbt__products__treasury_analytics,t3,Analytics,snowflake
snowflake/dbt/products/rewards__spend_attribution,dbt__products__treasury_analytics,t3,Analytics,snowflake
snowflake/dbt/products/sales__commission_rates,dbt__products__sales__commission_rates,t3,unset,snowflake
snowflake/dbt/products/sales__seller_commissions,dbt__products__sales,t3,Analytics,snowflake
snowflake/dbt/products/sales__seller_opportunities,dbt__products__sales,t3,Analytics,snowflake
snowflake/dbt/products/sales__seller_opportunity_history,dbt__products__sales,t3,Analytics,snowflake
snowflake/dbt/products/sales__seller_orders,dbt__products__sales,t3,Analytics,snowflake
snowflake/dbt/products/sales__touchpoints,dbt__products__sales,t3,Analytics,snowflake
snowflake/dbt/products/sales_stg__airtable_seller_leads,dbt__products__sales,t3,Analytics,snowflake
snowflake/dbt/products/sales_stg__salesforce_opportunity_funnel,dbt__products__sales,t3,Analytics,snowflake
snowflake/dbt/products/sales_stg__salesforce_seller_opportunities,dbt__products__sales,t3,Analytics,snowflake
snowflake/dbt/products/search__all_surfaces_listing_taps,dbt__products__search,t3,Search,snowflake
snowflake/dbt/products/search__autocomplete_all_taps,dbt__products__search,t1,Search,snowflake
snowflake/dbt/products/search__autocomplete_category_taps,dbt__products__search,t1,Search,snowflake
snowflake/dbt/products/search__autocomplete_query_taps,dbt__products__search,t1,Search,snowflake
snowflake/dbt/products/search__autocomplete_tag_taps,dbt__products__search,t1,Search,snowflake
snowflake/dbt/products/search__autocomplete_user_taps,dbt__products__search,t1,Search,snowflake
snowflake/dbt/products/search__backend_fsi_context,dbt__products__search,t2,Search,snowflake
snowflake/dbt/products/search__base_marketplace_orders,dbt__products__search,t3,Search,snowflake
snowflake/dbt/products/search__base_user_queries_history,dbt__products__search,t1,Search,snowflake
snowflake/dbt/products/search__category_specific_recommended_queries,dbt__products__search,t2,Search,snowflake
snowflake/dbt/products/search__frontend_engagement_with_fsi_context,dbt__products__search,t2,Search,snowflake
snowflake/dbt/products/search__frontend_events_base,dbt__products__search,t3,Search,snowflake
snowflake/dbt/products/search__frontend_saves_with_fsi,dbt__products__search,t2,Search,snowflake
snowflake/dbt/products/search__frontend_taps_with_fsi,dbt__products__search,t2,Search,snowflake
snowflake/dbt/products/search__indirect_order_attribution,dbt__products__search,t3,Search,snowflake
snowflake/dbt/products/search__indirect_order_attribution_aggregate,dbt__products__search,t3,Search,snowflake
snowflake/dbt/products/search__klp_terms,dbt__products__search,t1,Search,snowflake
snowflake/dbt/products/search__listings_bin_basic_engagement_counts,dbt__products__search,t2,Search,snowflake
snowflake/dbt/products/search__listings_bin_basic_per_query_engagement,dbt__products__search,t2,Search,snowflake
snowflake/dbt/products/search__listings_bin_basic_per_query_token_engagement,dbt__products__search,t2,Search,snowflake
snowflake/dbt/products/search__listings_indexing_debugging_find_anomalous_ids,dbt__products__search,t2,Discovery,snowflake
snowflake/dbt/products/search__listings_indexing_debugging_find_anomalous_livestream_queries,dbt__products__search,t2,Discovery,snowflake
snowflake/dbt/products/search__listings_indexing_debugging_find_anomalous_queries,dbt__products__search,t2,Discovery,snowflake
snowflake/dbt/products/search__listings_indexing_debugging_find_anomalous_serps,dbt__products__search,t2,Discovery,snowflake
snowflake/dbt/products/search__livestreams_indexing_debugging_backend_data,dbt__products__search,t2,Discovery,snowflake
snowflake/dbt/products/search__livestreams_indexing_debugging_backend_data_unnested,dbt__products__search,t2,Discovery,snowflake
snowflake/dbt/products/search__livestreams_indexing_debugging_employees_backend_data,dbt__products__search,t2,Discovery,snowflake
snowflake/dbt/products/search__livestreams_indexing_debugging_employees_backend_data_unnested,dbt__products__search,t2,Discovery,snowflake
snowflake/dbt/products/search__livestreams_indexing_debugging_employees_find_anomalous_queries,dbt__products__search,t2,Discovery,snowflake
snowflake/dbt/products/search__livestreams_indexing_debugging_find_anomalous_queries,dbt__products__search,t2,Discovery,snowflake
snowflake/dbt/products/search__livestreams_indexing_debugging_find_test_instability,dbt__products__search,t2,Discovery,snowflake
snowflake/dbt/products/search__livestreams_indexing_debugging_inspect_specific_results,dbt__products__search,t2,Discovery,snowflake
snowflake/dbt/products/search__livestreams_indexing_debugging_inspect_test_instability_specific_results,dbt__products__search,t2,Discovery,snowflake
snowflake/dbt/products/search__logging_search_v2,dbt__products__search,t1,Search,snowflake
snowflake/dbt/products/search__logging_search_v2_be_event,dbt__products__search,t1,Search,snowflake
snowflake/dbt/products/search__not_recommended_queries,dbt__products__search__not_recommended_queries,t1,unset,snowflake
snowflake/dbt/products/search__popular_queries,dbt__products__search,t1,Search,snowflake
snowflake/dbt/products/search__popular_sellers,dbt__products__search,t1,Search,snowflake
snowflake/dbt/products/search__queries_to_reformulated_queries,dbt__products__search,t1,Search,snowflake
snowflake/dbt/products/search__queries_to_seller_ids,dbt__products__search,t1,Search,snowflake
snowflake/dbt/products/search__query_autocomplete_index_corpus,dbt__products__search,t1,Search,snowflake
snowflake/dbt/products/search__query_autocomplete_index_source,dbt__products__search,t1,Search,snowflake
snowflake/dbt/products/search__query_corpus,dbt__products__search,t3,Search,snowflake
snowflake/dbt/products/search__query_corpus_popular_users,dbt__products__search,t3,Search,snowflake
snowflake/dbt/products/search__query_perf_v2,dbt__products__search,t1,Search,snowflake
snowflake/dbt/products/search__query_perf_v2_cleaned,dbt__products__search,t1,Search,snowflake
snowflake/dbt/products/search__query_perf_v2_frontend_bids,dbt__products__search,t1,Search,snowflake
snowflake/dbt/products/search__query_perf_v2_frontend_imps,dbt__products__search,t1,Search,snowflake
snowflake/dbt/products/search__query_perf_v2_frontend_taps,dbt__products__search,t1,Search,snowflake
snowflake/dbt/products/search__search_sessions,dbt__products__search,t1,Search,snowflake
snowflake/dbt/products/search__seller_listing_features,dbt__products__search,t3,Search,snowflake
snowflake/dbt/products/search__seller_social_handles,dbt__products__search,t2,Search,snowflake
snowflake/dbt/products/search__serp_daily_unique_sessions,dbt__products__search,t1,Search,snowflake
snowflake/dbt/products/search__serp_queries,dbt__products__search,t1,Search,snowflake
snowflake/dbt/products/search__serp_queries_to_categories_30d_v3,dbt__products__search,t1,Search,snowflake
snowflake/dbt/products/search__serp_queries_to_categories_30d_v4,dbt__products__search,t1,Search,snowflake
snowflake/dbt/products/search__serp_queries_unload,dbt__products__search,t1,Search,snowflake
snowflake/dbt/products/search__serp_query_quality_base,dbt__products__search,t1,Search,snowflake
snowflake/dbt/products/search__serp_sessions,dbt__products__search,t1,Search,snowflake
snowflake/dbt/products/search__tokenized_queries,dbt__products__search,t3,Search,snowflake
snowflake/dbt/products/search__tokenized_queries_spell_abbr,dbt__products__search,t1,Search,snowflake
snowflake/dbt/products/search__top_sellers_by_livestream_category,dbt__products__search,t1,Search,snowflake
snowflake/dbt/products/search__top_sellers_by_livestream_category_laser,dbt__products__search,t1,Search,snowflake
snowflake/dbt/products/search__user_event_audience_targeting,dbt__products__search,t2,Search,snowflake
snowflake/dbt/products/search__user_recent_queries_ranked,dbt__products__search,t2,Search,snowflake
snowflake/dbt/products/search__user_seller_interaction,dbt__products__search,t3,Search,snowflake
snowflake/dbt/products/search__user_seller_interaction_likely_to_revisit_l28d,dbt__products__search,t1,Search,snowflake
snowflake/dbt/products/search__user_seller_interaction_statsig,dbt__products__search,t3,Search,snowflake
snowflake/dbt/products/search__user_seller_interaction_taps,dbt__products__search,t1,Search,snowflake
snowflake/dbt/products/search__user_seller_likely_to_revisit_l28d_laser,dbt__products__search,t1,Search,snowflake
snowflake/dbt/products/seller_category_gmv_day,dbt__products__sales,t3,Analytics,snowflake
snowflake/dbt/products/seller_dash__business_metrics_by_day,dbt__products__seller_dashboard,t1,Growth,snowflake
snowflake/dbt/products/seller_dash__buyer_metrics,dbt__products__seller_dashboard,t2,Growth,snowflake
snowflake/dbt/products/seller_dash__buyer_metrics_unload,dbt__products__seller_dashboard,t2,Growth,snowflake
snowflake/dbt/products/seller_dash__buyer_shares,dbt__products__seller_dashboard,t1,Growth,snowflake
snowflake/dbt/products/seller_dash__followers,dbt__products__seller_dashboard,t1,Growth,snowflake
snowflake/dbt/products/seller_dash__livestream_metrics_by_day,dbt__products__seller_dashboard,t1,Growth,snowflake
snowflake/dbt/products/seller_dash__livestreams_backend_metadata,dbt__products__seller_dashboard,t1,Growth,snowflake
snowflake/dbt/products/seller_dash__metrics_by_livestream,dbt__products__seller_dashboard,t1,Growth,snowflake
snowflake/dbt/products/seller_dash__orders,dbt__products__seller_dashboard,t1,Growth,snowflake
snowflake/dbt/products/seller_dash__stg_buyer_count_by_day,dbt__products__seller_dashboard,t1,Growth,snowflake
snowflake/dbt/products/seller_dash__stg_buyer_referral_account_created_by_day,dbt__products__seller_dashboard,t1,Growth,snowflake
snowflake/dbt/products/seller_dash__stg_buyer_referral_completed_by_day,dbt__products__seller_dashboard,t1,Growth,snowflake
snowflake/dbt/products/seller_dash__stg_buyer_shares_by_day,dbt__products__seller_dashboard,t1,Growth,snowflake
snowflake/dbt/products/seller_dash__stg_followers_by_day,dbt__products__seller_dashboard,t1,Growth,snowflake
snowflake/dbt/products/seller_dash__stg_metrics_by_day_date_spine,dbt__products__seller_dashboard,t1,Growth,snowflake
snowflake/dbt/products/seller_dash__stg_orders_buyer_seller_n,dbt__products__seller_dashboard,t1,Growth,snowflake
snowflake/dbt/products/seller_dash__stg_seller_ids,dbt__products__seller_dashboard,t1,Growth,snowflake
snowflake/dbt/products/seller_dash__user_referrals,dbt__products__seller_dashboard,t1,Growth,snowflake
snowflake/dbt/products/seller_first_whale_date,dbt__products__sales,t3,Analytics,snowflake
snowflake/dbt/products/seller_growth__churned_email_sellers_s3_unload,dbt__products__seller_growth,t3,Growth,snowflake
snowflake/dbt/products/seller_growth__enriched_seller_accounts,dbt__products__seller_growth,t2,Growth,snowflake
snowflake/dbt/products/seller_growth__enriched_seller_leads,dbt__products__seller_growth,t2,Growth,snowflake
snowflake/dbt/products/seller_growth__enriched_sellers,dbt__products__seller_growth,t2,Growth,snowflake
snowflake/dbt/products/seller_growth__high_value_buyers,dbt__products__seller_growth,t3,Analytics,snowflake
snowflake/dbt/products/seller_growth__hvis,dbt__products__seller_growth,t2,Growth,snowflake
snowflake/dbt/products/seller_growth__mbe_waitlist_applications,dbt__products__seller_growth,t3,DataPlatform,snowflake
snowflake/dbt/products/seller_growth__payout_eligibility,dbt__products__seller_growth,t3,Analytics,snowflake
snowflake/dbt/products/seller_growth__payout_verification,dbt__products__seller_growth,t3,Analytics,snowflake
snowflake/dbt/products/seller_growth__seller_day_metrics,dbt__products__seller_growth,t3,Analytics,snowflake
snowflake/dbt/products/seller_growth__seller_incentives_s3_unload,dbt__products__seller_growth,t3,Growth,snowflake
snowflake/dbt/products/seller_growth__seller_milestones,dbt__products__seller_growth,t3,Analytics,snowflake
snowflake/dbt/products/seller_growth__seller_onboarding,dbt__products__seller_growth,t3,Analytics,snowflake
snowflake/dbt/products/seller_growth__seller_referrals,dbt__products__seller_growth,t3,Analytics,snowflake
snowflake/dbt/products/seller_growth__stg_churned_email_sellers,dbt__products__seller_growth,t3,Growth,snowflake
snowflake/dbt/products/seller_growth__stg_incentive_eligible_sellers,dbt__products__seller_growth,t3,Growth,snowflake
snowflake/dbt/products/seller_growth__stg_seller_applications,dbt__products__seller_growth,t3,Analytics,snowflake
snowflake/dbt/products/seller_growth__stg_seller_onboarding_events,dbt__products__seller_growth,t3,Analytics,snowflake
snowflake/dbt/products/seller_growth__stg_seller_onboarding_steps,dbt__products__seller_growth,t3,Analytics,snowflake
snowflake/dbt/products/seller_growth__waitlist_applications,dbt__products__seller_growth,t3,Analytics,snowflake
snowflake/dbt/products/seller_tags__base_cancelled_orders,dbt__products__seller_tags,t3,Analytics,snowflake
snowflake/dbt/products/seller_tags__base_delayed_dropoffs,dbt__products__seller_tags,t3,Analytics,snowflake
snowflake/dbt/products/seller_tags__base_refund_orders,dbt__products__seller_tags,t3,Analytics,snowflake
snowflake/dbt/products/seller_tags__defect_rate_tag_history,dbt__products__seller_tags,t3,Analytics,snowflake
snowflake/dbt/products/seller_tags__delayed_dropoff_tag_history,dbt__products__seller_tags,t3,Analytics,snowflake
snowflake/dbt/products/seller_tags__non_quality_seller_tag_history,dbt__products__seller_tags,t3,Analytics,snowflake
snowflake/dbt/products/seller_tags__stg_defect_orders,dbt__products__seller_tags,t3,Analytics,snowflake
snowflake/dbt/products/seller_tags__stg_delayed_dropoff_orders,dbt__products__seller_tags,t3,Analytics,snowflake
snowflake/dbt/products/seller_tags__stg_seller_orders_day,dbt__products__seller_tags,t3,Analytics,snowflake
snowflake/dbt/products/seller_tags__tag_history,dbt__products__seller_tags,t3,Analytics,snowflake
snowflake/dbt/products/sharing__installs,dbt__products__sharing,t3,Analytics,snowflake
snowflake/dbt/products/sharing__link_lands,dbt__products__sharing,t3,Analytics,snowflake
snowflake/dbt/products/shippo_revenue_share,dbt__products__financial_accounting,t3,Analytics,snowflake
snowflake/dbt/products/similar_listings__embedding_results,dbt__products__similar_listings,t2,CoreML,snowflake
snowflake/dbt/products/similar_listings__listing_engagement,dbt__products__similar_listings,t1,CoreML,snowflake
snowflake/dbt/products/similar_listings__listing_engagement_all,dbt__products__similar_listings,t1,CoreML,snowflake
snowflake/dbt/products/similar_listings__listing_engagement_summary,dbt__products__similar_listings,t1,CoreML,snowflake
snowflake/dbt/products/similar_listings__listing_orders,dbt__products__similar_listings,t1,CoreML,snowflake
snowflake/dbt/products/similar_listings__listing_saves,dbt__products__similar_listings,t1,CoreML,snowflake
snowflake/dbt/products/similar_listings__listing_shares,dbt__products__similar_listings,t1,CoreML,snowflake
snowflake/dbt/products/similar_listings__listing_taps,dbt__products__similar_listings,t1,CoreML,snowflake
snowflake/dbt/products/similar_listings__listings_for_inference,dbt__products__similar_listings,t3,CoreML,snowflake
snowflake/dbt/products/similar_listings__personalized_similar_listing_imps,dbt__products__similar_listings,t3,CoreML,snowflake
snowflake/dbt/products/similar_listings__personalized_similar_listing_taps,dbt__products__similar_listings,t3,CoreML,snowflake
snowflake/dbt/products/similar_listings__previous_purchases,dbt__products__similar_listings,t1,CoreML,snowflake
snowflake/dbt/products/similar_listings__user_engagement_embedding_v0,dbt__products__similar_listings,t2,CoreML,snowflake
snowflake/dbt/products/similar_listings__web_ldp_slu_imps,dbt__products__similar_listings,t3,CoreML,snowflake
snowflake/dbt/products/similar_listings__web_ldp_slu_taps,dbt__products__similar_listings,t3,CoreML,snowflake
snowflake/dbt/products/similar_listings__web_ldp_views,dbt__products__similar_listings,t3,CoreML,snowflake
snowflake/dbt/products/snapshot__a_shipments,dbt__snapshot__a_shipments__snapshot__a_shipments,t3,Analytics,snowflake
snowflake/dbt/products/snapshot__accounting_order,dbt__snapshot__accounting_order__snapshot__accounting_order,t3,Analytics,snowflake
snowflake/dbt/products/snapshot__accounting_order_line_items,dbt__snapshot__accounting_order_line_items__snapshot__accounting_order_line_items,t3,Analytics,snowflake
snowflake/dbt/products/snapshot__fact_order_items,dbt__snapshot__fact_order_items__snapshot__fact_order_items,t3,DataPlatform,snowflake
snowflake/dbt/products/snapshot__report_tag_taxonomy,dbt__snapshot__report_tag_taxonomy__snapshot__report_tag_taxonomy,t2,DataPlatform,snowflake
snowflake/dbt/products/statsig_whn__stg_user_signed_up,dbt__products__statsig_whn,t3,DataPlatform,snowflake
snowflake/dbt/products/statsig_whn__user_entity_properties,dbt__products__statsig_whn,t3,DataPlatform,snowflake
snowflake/dbt/products/stg__ads_revenue_order_allocation,dbt__products__financial_accounting,t3,Analytics,snowflake
snowflake/dbt/products/stg__margin_order_items,dbt__products__financial_accounting,t3,Analytics,snowflake
snowflake/dbt/products/stg__margin_refund_credits,dbt__products__financial_accounting,t3,Analytics,snowflake
snowflake/dbt/products/stg__margin_seed_file_inputs,dbt__products__financial_accounting,t3,Analytics,snowflake
snowflake/dbt/products/stg__refunds_seller_billbacks,dbt__products__financial_accounting,t3,Analytics,snowflake
snowflake/dbt/products/stg__shipping_margin_components,dbt__products__financial_accounting,t3,Analytics,snowflake
snowflake/dbt/products/stg__shipping_vat_revenue_adjustment,dbt__products__financial_accounting,t3,Analytics,snowflake
snowflake/dbt/products/stripe__webhook_charges,dbt__products__payments,t3,Analytics,snowflake
snowflake/dbt/products/structured_attributes__debug_personal_preference_tfidf,dbt__products__structured_attributes,t3,CoreML,snowflake
snowflake/dbt/products/structured_attributes__laser_map_to_existing_attributes,dbt__products__structured_attributes,t2,CoreML,snowflake
snowflake/dbt/products/structured_attributes__laser_personal_preference_ngram,dbt__products__structured_attributes,t2,CoreML,snowflake
snowflake/dbt/products/structured_attributes__laser_personal_preference_tfidf,dbt__products__structured_attributes,t2,CoreML,snowflake
snowflake/dbt/products/structured_attributes__laser_personal_preference_tfidf_scores,dbt__products__structured_attributes,t2,CoreML,snowflake
snowflake/dbt/products/structured_attributes__listing_corpus_extracted_attribute_counts,dbt__products__structured_attributes,t2,CoreML,snowflake
snowflake/dbt/products/structured_attributes__listing_corpus_extracted_attributes,dbt__products__structured_attributes,t2,CoreML,snowflake
snowflake/dbt/products/structured_attributes__listing_engagement_summary_all_types,dbt__products__structured_attributes,t1,CoreML,snowflake
snowflake/dbt/products/structured_attributes__listings_for_inference,dbt__products__structured_attributes,t2,CoreML,snowflake
snowflake/dbt/products/structured_attributes__livestream_listing_attribute_join,dbt__products__structured_attributes,t2,CoreML,snowflake
snowflake/dbt/products/structured_attributes__livestream_to_attribute_mapping,dbt__products__structured_attributes,t2,CoreML,snowflake
snowflake/dbt/products/structured_attributes__livestream_to_attribute_mapping_laser,dbt__products__structured_attributes,t2,CoreML,snowflake
snowflake/dbt/products/structured_attributes__livestream_to_listing_mapping,dbt__products__structured_attributes,t2,CoreML,snowflake
snowflake/dbt/products/structured_attributes__most_used_existing_attributes,dbt__products__structured_attributes,t3,CoreML,snowflake
snowflake/dbt/products/structured_attributes__output_extracted_attributes,dbt__products__structured_attributes,t2,CoreML,snowflake
snowflake/dbt/products/structured_attributes__output_extracted_attributes_most_recent,dbt__products__structured_attributes,t2,CoreML,snowflake
snowflake/dbt/products/structured_attributes__output_extracted_attributes_unnest,dbt__products__structured_attributes,t2,CoreML,snowflake
snowflake/dbt/products/structured_attributes__output_extracted_existing_attributes,dbt__products__structured_attributes,t2,CoreML,snowflake
snowflake/dbt/products/structured_attributes__output_extracted_existing_attributes_most_recent,dbt__products__structured_attributes,t2,CoreML,snowflake
snowflake/dbt/products/structured_attributes__output_key_mapping_from_extracted_to_existing,dbt__products__structured_attributes,t2,CoreML,snowflake
snowflake/dbt/products/structured_attributes__output_key_mapping_from_extracted_to_existing_most_recent,dbt__products__structured_attributes,t2,CoreML,snowflake
snowflake/dbt/products/structured_attributes__output_value_mapping_from_extracted_to_existing,dbt__products__structured_attributes,t2,CoreML,snowflake
snowflake/dbt/products/structured_attributes__personal_preference_bigrams,dbt__products__structured_attributes,t2,CoreML,snowflake
snowflake/dbt/products/structured_attributes__personal_preference_tfidf,dbt__products__structured_attributes,t2,CoreML,snowflake
snowflake/dbt/products/structured_attributes__personal_preference_trigrams,dbt__products__structured_attributes,t2,CoreML,snowflake
snowflake/dbt/products/support__cs_overturns,dbt__products__support,t1,CustomerExperienceEngineering,snowflake
snowflake/dbt/products/support__cs_seller_cohort,dbt__products__support,t3,Analytics,snowflake
snowflake/dbt/products/support__ds_csat,dbt__products__support,t3,Analytics,snowflake
snowflake/dbt/products/support__ds_zendesk_csat,dbt__products__support,t3,Analytics,snowflake
snowflake/dbt/products/support__in_app_csat,dbt__products__support,t3,Analytics,snowflake
snowflake/dbt/products/support__native_flow_events,dbt__products__support,t3,CustomerExperienceEngineering,snowflake
snowflake/dbt/products/support__order_dm_events,dbt__products__support,t3,Analytics,snowflake
snowflake/dbt/products/support__seller_buyer_history,dbt__products__support,t3,Analytics,snowflake
snowflake/dbt/products/support__seller_ds_daily,dbt__products__support,t1,CustomerExperienceEngineering,snowflake
snowflake/dbt/products/support__stg_whatbot_events,dbt__products__support,t2,Analytics,snowflake
snowflake/dbt/products/support__whatbot_chats,dbt__products__support,t3,Analytics,snowflake
snowflake/dbt/products/t_s_mapping_historical_tickets,dbt__products__t_s_mapping_historical_tickets,t2,unset,snowflake
snowflake/dbt/products/temp_michael_zizi_contribution_margin_1_cost_line_item_estimates,dbt__products__temp_michael_zizi_contribution_margin_1_cost_line_item_estimates,t3,unset,snowflake
snowflake/dbt/products/temp_michael_zizi_contribution_margin_1_cost_line_item_estimates_defaults,dbt__products__temp_michael_zizi_contribution_margin_1_cost_line_item_estimates_defaults,t3,unset,snowflake
snowflake/dbt/products/tfidf__user_followed_seller_livestreams_top_laser,dbt__products__tfidf,t2,Discovery,snowflake
snowflake/dbt/products/tfidf__user_seller_livestreams_top_500_laser,dbt__products__tfidf,t2,Discovery,snowflake
snowflake/dbt/products/tnr__base_base_shipments,dbt__products__trust_and_safety_events,t2,GlobalTrustAndSafety,snowflake
snowflake/dbt/products/tnr__base_dim_livestream,dbt__products__trust_and_safety_events,t2,GlobalTrustAndSafety,snowflake
snowflake/dbt/products/tnr__base_dim_shipment,dbt__products__trust_and_safety_events,t2,GlobalTrustAndSafety,snowflake
snowflake/dbt/products/tnr__base_logistics_shipment_update_events,dbt__products__trust_and_safety_events,t2,GlobalTrustAndSafety,snowflake
snowflake/dbt/products/tnr__events_fast,dbt__products__trust_and_safety_events,t2,GlobalTrustAndSafety,snowflake
snowflake/dbt/products/tnr__stg_all_order_cancels,dbt__products__trust_and_safety_events,t2,GlobalTrustAndSafety,snowflake
snowflake/dbt/products/tnr__stg_buyer_orders_v2,dbt__products__trust_and_safety_events,t2,GlobalTrustAndSafety,snowflake
snowflake/dbt/products/tnr__stg_chargebacks_v2,dbt__products__trust_and_safety_events,t2,GlobalTrustAndSafety,snowflake
snowflake/dbt/products/tnr__stg_credit_refunds,dbt__products__trust_and_safety_events,t2,GlobalTrustAndSafety,snowflake
snowflake/dbt/products/tnr__stg_giveaway_refund_reasons,dbt__products__trust_and_safety_events,t2,Analytics,snowflake
snowflake/dbt/products/tnr__stg_map_orders_livestreams,dbt__products__trust_and_safety_events,t2,GlobalTrustAndSafety,snowflake
snowflake/dbt/products/tnr__stg_map_orders_shipments,dbt__products__trust_and_safety_events,t2,GlobalTrustAndSafety,snowflake
snowflake/dbt/products/tnr__stg_order_cancel_requests,dbt__products__trust_and_safety_events,t2,GlobalTrustAndSafety,snowflake
snowflake/dbt/products/tnr__stg_order_cancels_v2,dbt__products__trust_and_safety_events,t2,GlobalTrustAndSafety,snowflake
snowflake/dbt/products/tnr__stg_refunds_v2,dbt__products__trust_and_safety_events,t2,GlobalTrustAndSafety,snowflake
snowflake/dbt/products/tnr__stg_seller_orders_v2,dbt__products__trust_and_safety_events,t2,GlobalTrustAndSafety,snowflake
snowflake/dbt/products/tnr__stg_seller_shipments_v2,dbt__products__trust_and_safety_events,t2,GlobalTrustAndSafety,snowflake
snowflake/dbt/products/tnr__stg_shipment_delayed_dropoff,dbt__products__trust_and_safety_events,t2,GlobalTrustAndSafety,snowflake
snowflake/dbt/products/tnr__stg_user_reports_v2,dbt__products__trust_and_safety_events,t2,GlobalTrustAndSafety,snowflake
snowflake/dbt/products/treasury__earnings_report_monthly,dbt__products__treasury_reports,t2,Treasury,snowflake
snowflake/dbt/products/treasury__earnings_report_monthly_unload,dbt__products__treasury_reports,t2,Treasury,snowflake
snowflake/dbt/products/treasury__statement_inputs_annual,dbt__products__treasury_statements,t1,Treasury,snowflake
snowflake/dbt/products/treasury__statement_inputs_annual_unload,dbt__products__treasury_statements,t1,Treasury,snowflake
snowflake/dbt/products/treasury__statement_inputs_monthly,dbt__products__treasury_statements,t1,Treasury,snowflake
snowflake/dbt/products/treasury__statement_inputs_monthly_unload,dbt__products__treasury_statements,t1,Treasury,snowflake
snowflake/dbt/products/treasury__weekly_order_earnings_and_costs,dbt__products__treasury_reports,t1,Treasury,snowflake
snowflake/dbt/products/treasury__weekly_order_earnings_and_costs_iceberg,dbt__products__treasury_reports,t4,Treasury,snowflake
snowflake/dbt/products/treasury__weekly_order_earnings_and_costs_unload,dbt__products__treasury_reports,t2,Treasury,snowflake
snowflake/dbt/products/trust_signals__user_reports,dbt__products__trust_signals,t2,TrustPlatform,snowflake
snowflake/dbt/products/trust_signals__vip_sellers,dbt__products__trust_signals,t2,TrustPlatform,snowflake
snowflake/dbt/products/ts__account_health_giveaway_metrics,dbt__products__trust_and_safety,t3,CoreML,snowflake
snowflake/dbt/products/ts__account_health_giveaway_metrics_test_data,dbt__products__ts__account_health_giveaway_metrics_test_data,t1,unset,snowflake
snowflake/dbt/products/ts__account_health_giveaway_orders_stg,dbt__products__trust_and_safety,t3,CoreML,snowflake
snowflake/dbt/products/ts__account_health_metrics,dbt__products__trust_and_safety,t3,GlobalTrustAndSafety,snowflake
snowflake/dbt/products/ts__account_health_metrics_day,dbt__products__trust_and_safety,t3,GlobalTrustAndSafety,snowflake
snowflake/dbt/products/ts__account_health_metrics_test_data,dbt__products__ts__account_health_metrics_test_data,t1,unset,snowflake
snowflake/dbt/products/ts__account_health_overview,dbt__products__trust_and_safety,t3,GlobalTrustAndSafety,snowflake
snowflake/dbt/products/ts__account_health_seller_category,dbt__products__trust_and_safety,t3,GlobalTrustAndSafety,snowflake
snowflake/dbt/products/ts__account_health_ts_actions,dbt__products__trust_and_safety,t2,GlobalTrustAndSafety,snowflake
snowflake/dbt/products/ts__all_credits_refunds_chargebacks,dbt__products__trust_and_safety,t2,CoreML,snowflake
snowflake/dbt/products/ts__all_related_users,dbt__products__trust_and_safety_events,t2,GlobalTrustAndSafety,snowflake
snowflake/dbt/products/ts__all_tags,dbt__products__trust_and_safety_events,t3,GlobalTrustAndSafety,snowflake
snowflake/dbt/products/ts__buyer_defect_rates,dbt__products__trust_and_safety,t2,CoreML,snowflake
snowflake/dbt/products/ts__buyer_gameable_refunds,dbt__products__trust_and_safety,t2,CoreML,snowflake
snowflake/dbt/products/ts__buyer_gameable_refunds_day,dbt__products__trust_and_safety,t3,GlobalTrustAndSafety,snowflake
snowflake/dbt/products/ts__buyer_historical_refund_abuse,dbt__products__ts__buyer_historical_refund_abuse,t2,unset,snowflake
snowflake/dbt/products/ts__buyer_refund_abuse_thresholds,dbt__products__ts__buyer_refund_abuse_thresholds,t2,unset,snowflake
snowflake/dbt/products/ts__buyer_refund_abuse_thresholds_2k,dbt__products__ts__buyer_refund_abuse_thresholds_2k,t3,unset,snowflake
snowflake/dbt/products/ts__buyer_refund_thresholds_confidence_levels,dbt__products__ts__buyer_refund_thresholds_confidence_levels,t3,unset,snowflake
snowflake/dbt/products/ts__category_quarter_gameable_refund_probability,dbt__products__trust_and_safety,t2,CoreML,snowflake
snowflake/dbt/products/ts__connected_accounts,dbt__products__trust_and_safety,t2,CoreML,snowflake
snowflake/dbt/products/ts__damange_misrepresented_trusted_buyer_thresholds,dbt__products__ts__damange_misrepresented_trusted_buyer_thresholds,t2,unset,snowflake
snowflake/dbt/products/ts__ep_abuser_flag,dbt__products__trust_and_safety,t3,GlobalTrustAndSafety,snowflake
snowflake/dbt/products/ts__ep_abuser_flag_history,dbt__products__trust_and_safety,t3,GlobalTrustAndSafety,snowflake
snowflake/dbt/products/ts__ep_weekly_cap,dbt__products__trust_and_safety,t2,GlobalTrustAndSafety,snowflake
snowflake/dbt/products/ts__ep_weekly_cap_history,dbt__products__trust_and_safety,t2,GlobalTrustAndSafety,snowflake
snowflake/dbt/products/ts__established_seller,dbt__products__trust_and_safety,t3,GlobalTrustAndSafety,snowflake
snowflake/dbt/products/ts__established_seller_day,dbt__products__trust_and_safety,t3,GlobalTrustAndSafety,snowflake
snowflake/dbt/products/ts__established_user,dbt__products__trust_and_safety,t3,CoreML,snowflake
snowflake/dbt/products/ts__events,dbt__products__trust_and_safety_events,t3,GlobalTrustAndSafety,snowflake
snowflake/dbt/products/ts__ip_related_users,dbt__products__trust_and_safety_events,t2,GlobalTrustAndSafety,snowflake
snowflake/dbt/products/ts__ip_related_users_aggregated,dbt__products__trust_and_safety_events,t2,GlobalTrustAndSafety,snowflake
snowflake/dbt/products/ts__ip_related_users_frontend_logs,dbt__products__trust_and_safety_events,t2,GlobalTrustAndSafety,snowflake
snowflake/dbt/products/ts__ip_user_date_info,dbt__products__trust_and_safety_events,t3,GlobalTrustAndSafety,snowflake
snowflake/dbt/products/ts__known_referral_abusers,dbt__products__trust_and_safety_events,t2,GlobalTrustAndSafety,snowflake
snowflake/dbt/products/ts__la_fires_exemption_users,dbt__products__trust_and_safety,t2,GlobalTrustAndSafety,snowflake
snowflake/dbt/products/ts__livestream_transcript_llm_results,dbt__products__trust_and_safety_events,t2,GlobalTrustAndSafety,snowflake
snowflake/dbt/products/ts__order_issues,dbt__products__trust_and_safety_events,t3,GlobalTrustAndSafety,snowflake
snowflake/dbt/products/ts__product_category_new_l1_l2_mapping,dbt__products__ts__product_category_new_l1_l2_mapping,t2,unset,snowflake
snowflake/dbt/products/ts__refund_abuse_high_defect_sellers,dbt__products__trust_and_safety,t2,CoreML,snowflake
snowflake/dbt/products/ts__refund_abuse_individual_reason_signals,dbt__products__trust_and_safety,t2,CoreML,snowflake
snowflake/dbt/products/ts__refund_abuse_metrics,dbt__products__trust_and_safety,t2,CoreML,snowflake
snowflake/dbt/products/ts__refund_abuse_metrics_history,dbt__products__trust_and_safety,t2,CoreML,snowflake
snowflake/dbt/products/ts__refund_abuse_metrics_retool,dbt__products__trust_and_safety,t2,CoreML,snowflake
snowflake/dbt/products/ts__refund_abuse_rolling_signals,dbt__products__trust_and_safety,t2,CoreML,snowflake
snowflake/dbt/products/ts__refund_abuse_threshold_bins,dbt__products__trust_and_safety,t2,CoreML,snowflake
snowflake/dbt/products/ts__refund_abuse_v3_signals,dbt__products__trust_and_safety,t2,CoreML,snowflake
snowflake/dbt/products/ts__refund_abuser_day,dbt__products__trust_and_safety,t2,CoreML,snowflake
snowflake/dbt/products/ts__refund_abuser_overhaul_assignment,dbt__products__ts__refund_abuser_overhaul_assignment,t2,unset,snowflake
snowflake/dbt/products/ts__related_banned_sellers_by_ip,dbt__products__trust_and_safety_events,t2,GlobalTrustAndSafety,snowflake
snowflake/dbt/products/ts__related_user_groups,dbt__products__trust_and_safety_events,t1,GlobalTrustAndSafety,snowflake
snowflake/dbt/products/ts__seller_gameable_refunds,dbt__products__trust_and_safety,t2,CoreML,snowflake
snowflake/dbt/products/ts__seller_metric_day,dbt__products__trust_and_safety_events,t3,GlobalTrustAndSafety,snowflake
snowflake/dbt/products/ts__seller_quality_buyer_relationships,dbt__products__trust_and_safety,t2,GlobalTrustAndSafety,snowflake
snowflake/dbt/products/ts__seller_quality_scores,dbt__products__trust_and_safety,t1,CoreML,snowflake
snowflake/dbt/products/ts__seller_quality_scores_history,dbt__products__trust_and_safety,t3,CoreML,snowflake
snowflake/dbt/products/ts__seller_quality_scores_v2,dbt__products__trust_and_safety,t3,CoreML,snowflake
snowflake/dbt/products/ts__seller_quality_scores_v2_history,dbt__products__trust_and_safety,t3,CoreML,snowflake
snowflake/dbt/products/ts__seller_quarter_gameable_refund_probability,dbt__products__trust_and_safety,t2,CoreML,snowflake
snowflake/dbt/products/ts__seller_refund_abuse_metrics,dbt__products__trust_and_safety,t3,GlobalTrustAndSafety,snowflake
snowflake/dbt/products/ts__seller_refund_abuse_metrics_no_link,dbt__products__trust_and_safety,t3,GlobalTrustAndSafety,snowflake
snowflake/dbt/products/ts__seller_refund_abuse_threshold_v2,dbt__products__ts__seller_refund_abuse_threshold_v2,t3,unset,snowflake
snowflake/dbt/products/ts__seller_refund_abuser_day,dbt__products__trust_and_safety,t3,GlobalTrustAndSafety,snowflake
snowflake/dbt/products/ts__seller_refund_exemptions,dbt__products__trust_and_safety,t2,CoreML,snowflake
snowflake/dbt/products/ts__seller_refund_probability_v2,dbt__products__ts__seller_refund_probability_v2,t3,unset,snowflake
snowflake/dbt/products/ts__seller_refund_request_flag,dbt__products__trust_and_safety,t3,GlobalTrustAndSafety,snowflake
snowflake/dbt/products/ts__seller_refund_request_metrics,dbt__products__trust_and_safety,t3,GlobalTrustAndSafety,snowflake
snowflake/dbt/products/ts__seller_refund_request_metrics_no_link,dbt__products__trust_and_safety,t3,GlobalTrustAndSafety,snowflake
snowflake/dbt/products/ts__seller_sndo_refund_abuse_metrics,dbt__products__trust_and_safety,t2,CoreML,snowflake
snowflake/dbt/products/ts__seller_tags,dbt__products__trust_and_safety_events,t3,GlobalTrustAndSafety,snowflake
snowflake/dbt/products/ts__shill_bidding,dbt__products__trust_and_safety_events,t3,GlobalTrustAndSafety,snowflake
snowflake/dbt/products/ts__shipment_delayed_dropoff,dbt__products__trust_and_safety,t3,GlobalTrustAndSafety,snowflake
snowflake/dbt/products/ts__shipment_delayed_dropoff_beta,dbt__products__trust_and_safety,t4,GlobalTrustAndSafety,snowflake
snowflake/dbt/products/ts__shipment_timestamps_with_holiday_weekend_hours,dbt__products__trust_and_safety,t2,GlobalTrustAndSafety,snowflake
snowflake/dbt/products/ts__stg_bot_bids,dbt__products__trust_and_safety_events,t3,GlobalTrustAndSafety,snowflake
snowflake/dbt/products/ts__stg_buyer_orders,dbt__products__trust_and_safety_events,t3,GlobalTrustAndSafety,snowflake
snowflake/dbt/products/ts__stg_buyer_refunds,dbt__products__trust_and_safety_events,t3,GlobalTrustAndSafety,snowflake
snowflake/dbt/products/ts__stg_chargebacks,dbt__products__trust_and_safety_events,t3,GlobalTrustAndSafety,snowflake
snowflake/dbt/products/ts__stg_giveaway_abuse,dbt__products__trust_and_safety_events,t3,GlobalTrustAndSafety,snowflake
snowflake/dbt/products/ts__stg_livestream_user_bans,dbt__products__trust_and_safety_events,t3,GlobalTrustAndSafety,snowflake
snowflake/dbt/products/ts__stg_order_cancels,dbt__products__trust_and_safety_events,t3,GlobalTrustAndSafety,snowflake
snowflake/dbt/products/ts__stg_seller_orders,dbt__products__trust_and_safety_events,t3,GlobalTrustAndSafety,snowflake
snowflake/dbt/products/ts__stg_seller_ratings,dbt__products__trust_and_safety_events,t3,GlobalTrustAndSafety,snowflake
snowflake/dbt/products/ts__stg_seller_shipments,dbt__products__trust_and_safety_events,t3,GlobalTrustAndSafety,snowflake
snowflake/dbt/products/ts__stg_shill_bids,dbt__products__trust_and_safety_events,t3,GlobalTrustAndSafety,snowflake
snowflake/dbt/products/ts__stg_user_actions,dbt__products__trust_and_safety_events,t3,GlobalTrustAndSafety,snowflake
snowflake/dbt/products/ts__stg_user_chat,dbt__products__trust_and_safety_events,t3,GlobalTrustAndSafety,snowflake
snowflake/dbt/products/ts__stg_user_creations,dbt__products__trust_and_safety_events,t3,GlobalTrustAndSafety,snowflake
snowflake/dbt/products/ts__stg_user_livestream_bans,dbt__products__trust_and_safety_events,t3,GlobalTrustAndSafety,snowflake
snowflake/dbt/products/ts__stg_user_reports,dbt__products__trust_and_safety_events,t3,GlobalTrustAndSafety,snowflake
snowflake/dbt/products/ts__stg_zendesk_events,dbt__products__trust_and_safety_events,t3,GlobalTrustAndSafety,snowflake
snowflake/dbt/products/ts__trusted_buyer_damaged_misrepresented,dbt__products__trust_and_safety,t2,CoreML,snowflake
snowflake/dbt/products/ts__trusted_buyer_primary_category,dbt__products__trust_and_safety,t2,CoreML,snowflake
snowflake/dbt/products/ts__user_actions,dbt__products__trust_and_safety_events,t3,GlobalTrustAndSafety,snowflake
snowflake/dbt/products/ts__user_actions_with_points,dbt__products__trust_and_safety_events,t2,GlobalTrustAndSafety,snowflake
snowflake/dbt/products/ts__user_balances,dbt__products__trust_and_safety,t3,GlobalTrustAndSafety,snowflake
snowflake/dbt/products/ts__user_lifetime_metrics_for_permissioning,dbt__products__trust_and_safety,t2,GlobalTrustAndSafety,snowflake
snowflake/dbt/products/ts__user_metric_day,dbt__products__trust_and_safety_events,t3,GlobalTrustAndSafety,snowflake
snowflake/dbt/products/ts__username_violations,dbt__products__trust_and_safety_events,t3,GlobalTrustAndSafety,snowflake
snowflake/dbt/products/ts__violation_cases,dbt__products__trust_and_safety_events,t3,GlobalTrustAndSafety,snowflake
snowflake/dbt/products/ts__zendesk_tickets,dbt__products__trust_and_safety_events,t3,GlobalTrustAndSafety,snowflake
snowflake/dbt/products/ts__zendesk_tickets_backlog,dbt__products__trust_and_safety_events,t3,GlobalTrustAndSafety,snowflake
snowflake/dbt/products/user_actions_stg,dbt__products__analytics_core,t3,Analytics,snowflake
snowflake/dbt/products/user_addresses_stg,dbt__products__analytics_core,t3,Analytics,snowflake
snowflake/dbt/products/user_bookmarks_stg,dbt__products__analytics_core,t3,Analytics,snowflake
snowflake/dbt/products/user_external_oauth_stg,dbt__products__analytics_core,t3,Analytics,snowflake
snowflake/dbt/products/user_follow_users_stg,dbt__products__analytics_core,t3,Analytics,snowflake
snowflake/dbt/products/user_followers_stg,dbt__products__analytics_core,t3,Analytics,snowflake
snowflake/dbt/products/user_follows_object_stg,dbt__products__analytics_core,t3,Analytics,snowflake
snowflake/dbt/products/user_install_stg,dbt__products__analytics_core,t3,Analytics,snowflake
snowflake/dbt/products/user_live_watches_stg,dbt__products__analytics_core,t3,Analytics,snowflake
snowflake/dbt/products/user_orders_stg,dbt__products__analytics_core,t3,Analytics,snowflake
snowflake/dbt/products/user_payments_stg,dbt__products__analytics_core,t3,Analytics,snowflake
snowflake/dbt/products/user_session_id__all_eligible,dbt__products__user_session_id,t3,CoreML,snowflake
snowflake/dbt/products/user_session_id__cleaned_impressions,dbt__products__user_session_id,t3,CoreML,snowflake
snowflake/dbt/products/user_session_id__employee_test_impressions,dbt__products__user_session_id,t3,CoreML,snowflake
snowflake/dbt/products/user_session_id__employee_time_between_sessions,dbt__products__user_session_id,t3,CoreML,snowflake
snowflake/dbt/products/user_session_id__overlapping_sessions,dbt__products__user_session_id,t3,CoreML,snowflake
snowflake/dbt/products/user_session_id__overlapping_sessions_all_eligible,dbt__products__user_session_id,t3,CoreML,snowflake
snowflake/dbt/products/user_session_id__session_length,dbt__products__user_session_id,t3,CoreML,snowflake
snowflake/dbt/products/user_session_id__time_between_sessions,dbt__products__user_session_id,t3,CoreML,snowflake
snowflake/dbt/products/user_session_id__time_between_sessions_all_eligible,dbt__products__user_session_id,t3,CoreML,snowflake
snowflake/dbt/products/user_strikes_stg,dbt__products__analytics_core,t3,Analytics,snowflake
snowflake/dbt/products/verticals__listings_orders,dbt__products__verticals,t3,Analytics,snowflake
snowflake/dbt/products/vscroll__ranking_request_evaluation_examples,dbt__products__disco_features,t2,Discovery,snowflake
snowflake/dbt/products/vscroll__recall_evaluation_all_pairs_online,dbt__products__disco_features,t3,Discovery,snowflake
snowflake/dbt/products/vscroll__recall_evaluation_category_distribution_online,dbt__products__disco_features,t3,Discovery,snowflake
snowflake/dbt/products/vscroll__recall_evaluation_dataset_online,dbt__products__disco_features,t3,Discovery,snowflake
snowflake/dbt/products/vscroll__recall_evaluation_pairs_online,dbt__products__disco_features,t3,Discovery,snowflake
snowflake/dbt/products/vscroll__recall_evaluation_rank_rollup_online,dbt__products__disco_features,t3,Discovery,snowflake
snowflake/dbt/products/vscroll__recall_evaluation_ranking_request_metrics_online,dbt__products__disco_features,t3,Discovery,snowflake
snowflake/dbt/products/vscroll__recall_evaluation_user_rollup_online,dbt__products__disco_features,t3,Discovery,snowflake
snowflake/dbt/projects/accounting__international_report,dbt__projects__accounting_metrics,t4,Analytics,snowflake
snowflake/dbt/projects/accounting__verification_request,dbt__projects__accounting_metrics,t4,Analytics,snowflake
snowflake/dbt/projects/ads_quality__campaign_finish_reasons,dbt__projects__ads_quality_analysis,t4,Ads,snowflake
snowflake/dbt/projects/ads_quality__campaign_finish_reasons_time,dbt__projects__ads_quality_analysis,t4,Ads,snowflake
snowflake/dbt/projects/ads_quality__campaigns_category_metrics,dbt__projects__ads_quality_analysis,t4,Ads,snowflake
snowflake/dbt/projects/ads_quality__monthly_active_seller_age_gmv_range,dbt__projects__ads_quality_analysis,t4,Ads,snowflake
snowflake/dbt/projects/ads_quality__roas_daily_level,dbt__projects__ads_quality_analysis,t4,Ads,snowflake
snowflake/dbt/projects/ads_quality__roas_user_level,dbt__projects__ads_quality_analysis,t4,Ads,snowflake
snowflake/dbt/projects/ads_quality__stg_cat_cohorts,dbt__projects__ads_quality_analysis,t4,Ads,snowflake
snowflake/dbt/projects/analytics__mystery_orders,dbt__projects__analytics,t4,Analytics,snowflake
snowflake/dbt/projects/analytics__seller_kpi_metrics,dbt__projects__analytics,t4,Analytics,snowflake
snowflake/dbt/projects/analytics__stg_accounts_created_minute,dbt__projects__analytics,t4,Analytics,snowflake
snowflake/dbt/projects/analytics__stg_livestream_concurrent_viewers,dbt__projects__analytics,t4,Analytics,snowflake
snowflake/dbt/projects/analytics__stg_livestream_concurrents,dbt__projects__analytics,t4,Analytics,snowflake
snowflake/dbt/projects/analytics__stg_livestream_orders_minute,dbt__projects__analytics,t4,Analytics,snowflake
snowflake/dbt/projects/analytics__view_livestream,dbt__projects__analytics,t4,Analytics,snowflake
snowflake/dbt/projects/analytics__view_orders,dbt__projects__analytics,t4,Analytics,snowflake
snowflake/dbt/projects/base__user_blocklist_reinclusion,dbt__projects__data_platform,t4,DataPlatform,snowflake
snowflake/dbt/projects/business_metrics_projection__core_metric_projection_seed,dbt__projects__business_metrics_projection__core_metric_projection_seed,t4,unset,snowflake
snowflake/dbt/projects/community__friends_of_friends,dbt__projects__community,t4,Community,snowflake
snowflake/dbt/projects/community__ftb_retention,dbt__projects__community,t4,Analytics,snowflake
snowflake/dbt/projects/community__livestream_user_follows,dbt__projects__community,t4,Analytics,snowflake
snowflake/dbt/projects/community__livestream_viewer_engagement,dbt__projects__community,t4,Analytics,snowflake
snowflake/dbt/projects/community__loyalty_program_coupons_applied,dbt__projects__community,t4,Analytics,snowflake
snowflake/dbt/projects/community__loyalty_program_coupons_issued,dbt__projects__community,t4,Analytics,snowflake
snowflake/dbt/projects/community__loyalty_program_enrolled_users,dbt__projects__community,t4,Analytics,snowflake
snowflake/dbt/projects/community__loyalty_program_livestream,dbt__projects__community,t4,Analytics,snowflake
snowflake/dbt/projects/community__loyalty_program_progress_tracking,dbt__projects__community,t4,Analytics,snowflake
snowflake/dbt/projects/community__loyalty_program_repeat_purchases,dbt__projects__community,t4,Analytics,snowflake
snowflake/dbt/projects/community__loyalty_program_sellers,dbt__projects__community,t4,Analytics,snowflake
snowflake/dbt/projects/community__loyalty_program_user_order_seller,dbt__projects__community,t4,Analytics,snowflake
snowflake/dbt/projects/community__loyalty_program_users_with_all_their_orders,dbt__projects__community,t4,Analytics,snowflake
snowflake/dbt/projects/community__stg_seller_mode_category,dbt__projects__community,t4,Analytics,snowflake
snowflake/dbt/projects/community__stg_user_order_join_user_order_seller,dbt__projects__community,t4,Analytics,snowflake
snowflake/dbt/projects/community__stg_user_os_country_category,dbt__projects__community,t4,Analytics,snowflake
snowflake/dbt/projects/community__stickiness_slicer,dbt__projects__community,t4,Analytics,snowflake
snowflake/dbt/projects/community__user_daily_livestream_engagement,dbt__projects__community,t4,Analytics,snowflake
snowflake/dbt/projects/community__user_seller_relationship,dbt__projects__community,t4,Analytics,snowflake
snowflake/dbt/projects/company_model__daily_targets,dbt__projects__business_metrics_projections,t4,Analytics,snowflake
snowflake/dbt/projects/company_model__targets,dbt__projects__business_metrics_projections,t4,Analytics,snowflake
snowflake/dbt/projects/cortex__data_asset_metrics,dbt__projects__snowflake_cortex_analyst,t4,DataPlatform,snowflake
snowflake/dbt/projects/cortex__livestream_metrics,dbt__projects__snowflake_cortex_analyst,t4,DataPlatform,snowflake
snowflake/dbt/projects/cortex__livestream_metrics_materialized,dbt__projects__snowflake_cortex_analyst,t4,DataPlatform,snowflake
snowflake/dbt/projects/cortex__marketing_category_user_lists,dbt__projects__snowflake_cortex_analyst,t4,DataPlatform,snowflake
snowflake/dbt/projects/cortex__order_metrics,dbt__projects__snowflake_cortex_analyst,t4,DataPlatform,snowflake
snowflake/dbt/projects/cortex__order_metrics_materialized,dbt__projects__snowflake_cortex_analyst,t4,DataPlatform,snowflake
snowflake/dbt/projects/cortex__stg_user_category_activity,dbt__projects__snowflake_cortex_analyst,t4,DataPlatform,snowflake
snowflake/dbt/projects/datadog_incidents_cleaned,dbt__projects__site_reliability,t4,Analytics,snowflake
snowflake/dbt/projects/datadog_metrics__new_metrics,default,,,snowflake
snowflake/dbt/projects/dim__auction_test,dbt__projects__data_platform,t4,DataPlatform,snowflake
snowflake/dbt/projects/disco__events_banner_engagement,dbt__projects__disco,t4,Search,snowflake
snowflake/dbt/projects/disco__events_editorial_push,dbt__projects__disco,t4,Search,snowflake
snowflake/dbt/projects/disco__events_engagement_base,dbt__projects__disco,t4,Search,snowflake
snowflake/dbt/projects/disco__events_featured_backend_logging,dbt__projects__disco,t4,Search,snowflake
snowflake/dbt/projects/disco__events_featured_engagement,dbt__projects__disco,t4,Search,snowflake
snowflake/dbt/projects/disco__events_page_engagement,dbt__projects__disco,t4,Search,snowflake
snowflake/dbt/projects/disco__events_shelf_engagement,dbt__projects__disco,t4,Search,snowflake
snowflake/dbt/projects/disco__feed_attribution_events,dbt__projects__disco,t4,Discovery,snowflake
snowflake/dbt/projects/disco__feed_ecosystem_impression_attribution,dbt__projects__disco,t4,Discovery,snowflake
snowflake/dbt/projects/disco__listing_image_hashes,dbt__projects__disco,t4,Discovery,snowflake
snowflake/dbt/projects/disco__nux_category_follow,dbt__projects__disco,t4,Search,snowflake
snowflake/dbt/projects/disco__nux_feed_engagement,dbt__projects__disco,t4,Search,snowflake
snowflake/dbt/projects/disco__order_view_attribution,dbt__projects__disco,t4,Search,snowflake
snowflake/dbt/projects/disco__product_feed_events,dbt__projects__disco,t4,Discovery,snowflake
snowflake/dbt/projects/disco__star_search_seller_impressions,dbt__projects__disco,t4,Discovery,snowflake
snowflake/dbt/projects/disco__tag_page_engagement,dbt__projects__disco,t4,Search,snowflake
snowflake/dbt/projects/disco__view_attribution_events,dbt__projects__disco,t4,Discovery,snowflake
snowflake/dbt/projects/dp__aws_costs,dbt__projects__data_platform,t4,DataPlatform,snowflake
snowflake/dbt/projects/dsml_features__category_depths,default,,,snowflake
snowflake/dbt/projects/dsml_ranking__base_livestream_blocklisted,default,,,snowflake
snowflake/dbt/projects/dsml_ranking__seller_all_features,default,,,snowflake
snowflake/dbt/projects/dsml_ranking__user_all_features,default,,,snowflake
snowflake/dbt/projects/dsml_ranking__user_category_features,default,,,snowflake
snowflake/dbt/projects/dsml_ranking__user_category_interactions,default,,,snowflake
snowflake/dbt/projects/dsml_ranking__user_livestream_interactions,default,,,snowflake
snowflake/dbt/projects/dsml_ranking__user_seller_interactions_flattened,default,,,snowflake
snowflake/dbt/projects/dsml_ranking__user_seller_training_pairs,default,,,snowflake
snowflake/dbt/projects/foundations__livestream_over_time,dbt__projects__foundations,t4,Foundations,snowflake
snowflake/dbt/projects/gross_profit_forecast,dbt__projects__gross_profit_forecast,t4,unset,snowflake
snowflake/dbt/projects/growth__cohosting_sessions,dbt__projects__growth,t4,Growth,snowflake
snowflake/dbt/projects/growth_livestream_watches_10_mins,dbt__projects__growth,t4,Analytics,snowflake
snowflake/dbt/projects/growth_unauth_web_1_user_id_anonymous_id_pairing,dbt__projects__growth,t4,Growth,snowflake
snowflake/dbt/projects/growth_unauth_web_1_visited_web_pages_before_signup,dbt__projects__growth,t4,Growth,snowflake
snowflake/dbt/projects/growth_unauth_web__stg_backend_signup_events,dbt__projects__growth,t4,Growth,snowflake
snowflake/dbt/projects/growth_unauth_web__stg_frontend_link_landing_events,dbt__projects__growth,t4,Growth,snowflake
snowflake/dbt/projects/influencer__historical_deals,dbt__projects__influencer__historical_deals,t4,unset,snowflake
snowflake/dbt/projects/laser__recent_ended_livestreams,dbt__projects__laser_projects,t4,DataPlatform,snowflake
snowflake/dbt/projects/laser__search_popular_queries,dbt__projects__laser_projects,t4,DataPlatform,snowflake
snowflake/dbt/projects/laser__seller_gmv,dbt__projects__laser_projects,t4,DataPlatform,snowflake
snowflake/dbt/projects/live_service__stg_livestream_product_auction_history,dbt__projects__data_platform,t4,DataPlatform,snowflake
snowflake/dbt/projects/livestream_notif_performance,dbt__projects__growth,t4,Growth,snowflake
snowflake/dbt/projects/livestream_promotions__ltv_model_baseline,dbt__projects__livestream_promotions,t4,Ads,snowflake
snowflake/dbt/projects/livestream_promotions__roi_calculation,dbt__projects__livestream_promotions,t4,Analytics,snowflake
snowflake/dbt/projects/livestream_promotions__stg_base_aggregations,dbt__projects__livestream_promotions,t4,Ads,snowflake
snowflake/dbt/projects/livestream_promotions__stg_base_promotion_serve,dbt__projects__livestream_promotions,t4,Ads,snowflake
snowflake/dbt/projects/livestream_promotions__stg_base_views,dbt__projects__livestream_promotions,t4,Ads,snowflake
snowflake/dbt/projects/livestream_promotions__user_report_high_level,dbt__projects__livestream_promotions,t4,Ads,snowflake
snowflake/dbt/projects/livestream_promotions__user_report_promo_level,dbt__projects__livestream_promotions,t4,Ads,snowflake
snowflake/dbt/projects/logistics__carrier_scan_map,dbt__projects__logistics__carrier_scan_map,t4,unset,snowflake
snowflake/dbt/projects/logistics__postal_code_scan_metrics,dbt__projects__logistics_projects,t4,Analytics,snowflake
snowflake/dbt/projects/logistics__shipping_categorized_scan_events,dbt__projects__logistics_projects,t4,Analytics,snowflake
snowflake/dbt/projects/logistics__shipping_categorized_scan_events_by_shipment,dbt__projects__logistics_projects,t4,Analytics,snowflake
snowflake/dbt/projects/logistics__shipping_delayed_dropoff_change_1,dbt__projects__logistics_projects,t4,Analytics,snowflake
snowflake/dbt/projects/logistics__shipping_delayed_dropoff_change_2,dbt__projects__logistics_projects,t4,Analytics,snowflake
snowflake/dbt/projects/logistics__shipping_delayed_dropoff_change_3,dbt__projects__logistics_projects,t4,Analytics,snowflake
snowflake/dbt/projects/logistics__shipping_delayed_dropoff_change_4,dbt__projects__logistics_projects,t4,Analytics,snowflake
snowflake/dbt/projects/map__user_blocklist_v2,dbt__projects__data_platform,t4,DataPlatform,snowflake
snowflake/dbt/projects/marketing__in_person_event_attendees,dbt__projects__marketing__in_person_event_attendees,t4,unset,snowflake
snowflake/dbt/projects/marketplace__aa_demand_accounting,dbt__projects__marketplace,t4,Analytics,snowflake
snowflake/dbt/projects/marketplace__buyer_retention,dbt__projects__marketplace,t4,Analytics,snowflake
snowflake/dbt/projects/marketplace__correlated_events_view,dbt__projects__marketplace,t4,Inventory,snowflake
snowflake/dbt/projects/marketplace__fact__listing_source_daily_active_users,dbt__projects__marketplace,t4,Inventory,snowflake
snowflake/dbt/projects/marketplace__ldp_engagment,dbt__projects__marketplace,t4,Analytics,snowflake
snowflake/dbt/projects/marketplace__listing_source,dbt__projects__marketplace,t4,Inventory,snowflake
snowflake/dbt/projects/marketplace__listing_source_active_users,dbt__projects__marketplace,t4,Inventory,snowflake
snowflake/dbt/projects/marketplace__live_listing_creates_l30d,dbt__projects__marketplace,t4,Inventory,snowflake
snowflake/dbt/projects/marketplace__livestream_live_listing_creation_lead_time,dbt__projects__marketplace,t4,Inventory,snowflake
snowflake/dbt/projects/marketplace__product_creation_time,dbt__projects__marketplace,t4,Inventory,snowflake
snowflake/dbt/projects/marketplace__product_impressions,dbt__projects__marketplace,t4,Analytics,snowflake
snowflake/dbt/projects/marketplace__product_impressions_ios,dbt__projects__marketplace,t4,Analytics,snowflake
snowflake/dbt/projects/marketplace__product_saves,dbt__projects__marketplace,t4,Analytics,snowflake
snowflake/dbt/projects/marketplace__product_shares2,dbt__projects__marketplace,t4,Analytics,snowflake
snowflake/dbt/projects/marketplace__product_taps,dbt__projects__marketplace,t4,Analytics,snowflake
snowflake/dbt/projects/marketplace__product_views,dbt__projects__marketplace,t4,Analytics,snowflake
snowflake/dbt/projects/marketplace__seller_retention,dbt__projects__marketplace,t4,Analytics,snowflake
snowflake/dbt/projects/marketplace__t1_aa,dbt__projects__marketplace,t4,Analytics,snowflake
snowflake/dbt/projects/marketplace__vertical_scrolls,dbt__projects__marketplace,t4,Analytics,snowflake
snowflake/dbt/projects/meta__core_groups,dbt__projects__data_platform,t4,DataPlatform,snowflake
snowflake/dbt/projects/meta__core_models,dbt__projects__data_platform,t4,DataPlatform,snowflake
snowflake/dbt/projects/notifications__all_channel_seller_day_msg_type_metrics,dbt__projects__growth,t4,Notifications,snowflake
snowflake/dbt/projects/notifications__drop_seller_day,dbt__projects__growth,t4,Growth,snowflake
snowflake/dbt/projects/notifications__drops,dbt__projects__growth,t4,Growth,snowflake
snowflake/dbt/projects/notifications__drops_inference,dbt__projects__growth,t4,Growth,snowflake
snowflake/dbt/projects/notifications__late_events_experiment,dbt__projects__notifications,t4,Growth,snowflake
snowflake/dbt/projects/notifications__stg_eligible_users,dbt__projects__growth,t4,Growth,snowflake
snowflake/dbt/projects/notifications__stg_recipient_user_day_dim,dbt__projects__growth,t4,Growth,snowflake
snowflake/dbt/projects/notifications__stg_recipient_user_day_notif_metrics,dbt__projects__growth,t4,Growth,snowflake
snowflake/dbt/projects/notifications__stg_user_day_device_status,dbt__projects__growth,t4,Growth,snowflake
snowflake/dbt/projects/notifications_v2__eligible_user_day_metrics,dbt__projects__growth,t4,Growth,snowflake
snowflake/dbt/projects/notifications_v2__push_user_day_metrics,dbt__projects__growth,t4,Growth,snowflake
snowflake/dbt/projects/notifications_v2__user_day_contactable,dbt__projects__growth,t4,Growth,snowflake
snowflake/dbt/projects/notifications_v2__user_livestream_conversion,dbt__projects__growth,t4,Growth,snowflake
snowflake/dbt/projects/notifications_v2__user_livestream_from_push_tap,dbt__projects__growth,t4,Growth,snowflake
snowflake/dbt/projects/nux__feed_spine,dbt__projects__disco,t4,Discovery,snowflake
snowflake/dbt/projects/nux__signups,dbt__projects__disco,t4,Discovery,snowflake
snowflake/dbt/projects/operations_metrics__support_category_funnel_by_week,dbt__projects__operations_metrics,t4,Analytics,snowflake
snowflake/dbt/projects/push__offline_inference_score,dbt__projects__notifications,t4,Growth,snowflake
snowflake/dbt/projects/retool__user_timeline,dbt__projects__retool_utils,t4,unset,snowflake
snowflake/dbt/projects/retool__username_history,dbt__projects__retool_utils,t4,unset,snowflake
snowflake/dbt/projects/search__autocomplete_events,dbt__projects__search,t4,Discovery,snowflake
snowflake/dbt/projects/search__autocomplete_perf,dbt__projects__search,t4,Discovery,snowflake
snowflake/dbt/projects/search__base_all_listing_taps,dbt__projects__search,t4,Discovery,snowflake
snowflake/dbt/projects/search__base_category_taps,dbt__projects__search,t4,Discovery,snowflake
snowflake/dbt/projects/search__base_listing_orders_v2,dbt__projects__search,t4,Discovery,snowflake
snowflake/dbt/projects/search__base_listing_taps,dbt__projects__search,t4,Discovery,snowflake
snowflake/dbt/projects/search__base_listing_to_profile_visits,dbt__projects__search,t4,Discovery,snowflake
snowflake/dbt/projects/search__base_marketplace_count_listings,dbt__projects__search,t4,Discovery,snowflake
snowflake/dbt/projects/search__base_marketplace_listings,dbt__projects__search,t4,Discovery,snowflake
snowflake/dbt/projects/search__base_product_listing_page_taps,dbt__projects__search,t4,Discovery,snowflake
snowflake/dbt/projects/search__base_product_listing_taps,dbt__projects__search,t4,Discovery,snowflake
snowflake/dbt/projects/search__base_product_taps,dbt__projects__search,t4,Discovery,snowflake
snowflake/dbt/projects/search__base_profile_listing_taps,dbt__projects__search,t4,Discovery,snowflake
snowflake/dbt/projects/search__base_profile_visits,dbt__projects__search,t4,Discovery,snowflake
snowflake/dbt/projects/search__base_user_serp_listing_taps,dbt__projects__search,t4,Discovery,snowflake
snowflake/dbt/projects/search__base_user_taps,dbt__projects__search,t4,Discovery,snowflake
snowflake/dbt/projects/search__brand_popularity_by_category,dbt__projects__search,t4,Search,snowflake
snowflake/dbt/projects/search__brand_tag_requests,dbt__projects__search,t4,Search,snowflake
snowflake/dbt/projects/search__buyer_shop_query_perf,dbt__projects__search,t4,Discovery,snowflake
snowflake/dbt/projects/search__canonical_query_form,dbt__projects__search,t4,Discovery,snowflake
snowflake/dbt/projects/search__direct_attribution,dbt__projects__search,t4,Discovery,snowflake
snowflake/dbt/projects/search__experimental_trending_scores_v2,dbt__projects__search,t4,Search,snowflake
snowflake/dbt/projects/search__funnel_autocomplete,dbt__projects__search,t4,Discovery,snowflake
snowflake/dbt/projects/search__funnel_fuzzy_livestream_order_attribution,dbt__projects__search,t4,Discovery,snowflake
snowflake/dbt/projects/search__funnel_serp,dbt__projects__search,t4,Discovery,snowflake
snowflake/dbt/projects/search__intent_understanding_ngrams,dbt__projects__search,t4,Discovery,snowflake
snowflake/dbt/projects/search__listings_image_keyword_detect_inputs,dbt__projects__search,t4,Discovery,snowflake
snowflake/dbt/projects/search__live_listings_token_counts,dbt__projects__search,t4,Discovery,snowflake
snowflake/dbt/projects/search__logging_autocomplete_v2,dbt__projects__search,t4,Discovery,snowflake
snowflake/dbt/projects/search__marketplace_attribution_summary_result,dbt__projects__search,t4,Discovery,snowflake
snowflake/dbt/projects/search__marketplace_attribution_summary_v2,dbt__projects__search,t4,Discovery,snowflake
snowflake/dbt/projects/search__marketplace_for_you_query_perf,dbt__projects__search,t4,Discovery,snowflake
snowflake/dbt/projects/search__query_annotation,dbt__projects__search,t4,Discovery,snowflake
snowflake/dbt/projects/search__query_reformulation_summary,dbt__projects__search,t4,Discovery,snowflake
snowflake/dbt/projects/search__search_bar_success,dbt__projects__search,t4,Discovery,snowflake
snowflake/dbt/projects/search__seller_tag_requests,dbt__projects__search,t4,Search,snowflake
snowflake/dbt/projects/search__serp_query_cleaning,dbt__projects__search,t4,Discovery,snowflake
snowflake/dbt/projects/search__serp_query_quality_base_score,dbt__projects__search,t4,Discovery,snowflake
snowflake/dbt/projects/search__serp_query_summary,dbt__projects__search,t4,Discovery,snowflake
snowflake/dbt/projects/search__serp_session_to_orders,dbt__projects__search,t4,Discovery,snowflake
snowflake/dbt/projects/search__tab_browse_taps,dbt__projects__search,t4,Discovery,snowflake
snowflake/dbt/projects/search__tag_feed_engagement,dbt__projects__search,t4,Search,snowflake
snowflake/dbt/projects/search__token_counts,dbt__projects__search,t4,Discovery,snowflake
snowflake/dbt/projects/search__top_seller_typo_mapping,dbt__projects__search__top_seller_typo_mapping,t4,unset,snowflake
snowflake/dbt/projects/search__topline_90d,dbt__projects__search,t4,Discovery,snowflake
snowflake/dbt/projects/search__trending_listings_by_category,dbt__projects__search,t4,Discovery,snowflake
snowflake/dbt/projects/seller_dev__ama_webinar_registration_2023,dbt__projects__seller_development,t4,unset,snowflake
snowflake/dbt/projects/seller_dev__ama_webinar_registration_8_2023,dbt__projects__seller_development,t4,unset,snowflake
snowflake/dbt/projects/seller_dev__best_practices_webinar_registration_2024,dbt__projects__seller_development,t4,unset,snowflake
snowflake/dbt/projects/seller_dev__bic_webinar_registration_2022,dbt__projects__seller_development,t4,unset,snowflake
snowflake/dbt/projects/seller_dev__bic_webinar_registration_2023,dbt__projects__seller_development,t4,unset,snowflake
snowflake/dbt/projects/seller_dev__fireside_webinar_registration_2022,dbt__projects__seller_development,t4,unset,snowflake
snowflake/dbt/projects/seller_dev__fireside_webinar_registration_2023,dbt__projects__seller_development,t4,unset,snowflake
snowflake/dbt/projects/seller_dev__fireside_webinar_registration_april_2023,dbt__projects__seller_development,t4,unset,snowflake
snowflake/dbt/projects/seller_dev__fireside_webinar_registration_august_2023,dbt__projects__seller_development,t4,unset,snowflake
snowflake/dbt/projects/seller_dev__goalsetting_webinar_registration_2023,dbt__projects__seller_development,t4,unset,snowflake
snowflake/dbt/projects/seller_dev__holiday_webinar_registration_2022,dbt__projects__seller_development,t4,unset,snowflake
snowflake/dbt/projects/seller_dev__holiday_webinar_registration_2023,dbt__projects__seller_development,t4,unset,snowflake
snowflake/dbt/projects/seller_dev__marketing_design_webinar_registration_2023,dbt__projects__seller_development,t4,unset,snowflake
snowflake/dbt/projects/seller_dev__marketing_design_webinar_registration_6_2023,dbt__projects__seller_development,t4,unset,snowflake
snowflake/dbt/projects/seller_dev__new_seller_school,dbt__projects__seller_development,t4,Analytics,snowflake
snowflake/dbt/projects/seller_dev__new_seller_school_cohort_1,dbt__projects__seller_development,t4,unset,snowflake
snowflake/dbt/projects/seller_dev__new_seller_school_cohort_2,dbt__projects__seller_development,t4,unset,snowflake
snowflake/dbt/projects/seller_dev__new_seller_school_cohort_2024,dbt__projects__seller_development,t4,unset,snowflake
snowflake/dbt/projects/seller_dev__new_seller_school_cohort_3,dbt__projects__seller_development,t4,unset,snowflake
snowflake/dbt/projects/seller_dev__new_seller_school_cohort_4,dbt__projects__seller_development,t4,unset,snowflake
snowflake/dbt/projects/seller_dev__new_seller_school_cohort_5,dbt__projects__seller_development,t4,unset,snowflake
snowflake/dbt/projects/seller_dev__product_features_webinar_registration_2023,dbt__projects__seller_development,t4,unset,snowflake
snowflake/dbt/projects/seller_dev__product_updates_webinar_registration_5_2023,dbt__projects__seller_development,t4,unset,snowflake
snowflake/dbt/projects/seller_dev__promote_tools_webinar_registration_12_23,dbt__projects__seller_development,t4,unset,snowflake
snowflake/dbt/projects/seller_dev__promote_webinar_registration_2_2024,dbt__projects__seller_development,t4,unset,snowflake
snowflake/dbt/projects/seller_dev__seller_hub_webinar_registration_2023,dbt__projects__seller_development,t4,unset,snowflake
snowflake/dbt/projects/seller_dev__shipping_webinar_registration_10_2023,dbt__projects__seller_development,t4,unset,snowflake
snowflake/dbt/projects/seller_dev__top_seller_program_map,dbt__projects__seller_development,t4,unset,snowflake
snowflake/dbt/projects/seller_dev__top_seller_program_user_hierarchy,dbt__projects__seller_development,t4,Analytics,snowflake
snowflake/dbt/projects/seller_dev__top_tips_webinar_registration_9_2023,dbt__projects__seller_development,t4,unset,snowflake
snowflake/dbt/projects/seller_dev__webinar_registrations,dbt__projects__seller_development,t4,Analytics,snowflake
snowflake/dbt/projects/sessions__user_session,dbt__projects__sessions,t4,DataPlatform,snowflake
snowflake/dbt/projects/shippo_reconciliation__invoice_data,dbt__projects__shippo_reconciliation,t4,Analytics,snowflake
snowflake/dbt/projects/sli__core_flows,dbt__projects__site_reliability,t4,Analytics,snowflake
snowflake/dbt/projects/snapshot__sales_funnel,dbt__snapshot__sales_funnel__snapshot__sales_funnel,t3,Analytics,snowflake
snowflake/dbt/projects/star_search__experiment_batches_v0,dbt__projects__star_search,t4,Discovery,snowflake
snowflake/dbt/projects/star_search__experiment_batches_v1,dbt__projects__star_search,t4,Discovery,snowflake
snowflake/dbt/projects/star_search__experiment_check_whales,dbt__projects__star_search,t4,Discovery,snowflake
snowflake/dbt/projects/star_search__experiment_engagement_by_idx,dbt__projects__star_search,t4,Discovery,snowflake
snowflake/dbt/projects/star_search__experiment_feed_entities_v0,dbt__projects__star_search,t4,Discovery,snowflake
snowflake/dbt/projects/star_search__experiment_feed_entities_v1,dbt__projects__star_search,t4,Discovery,snowflake
snowflake/dbt/projects/star_search__experiment_feed_entities_v3,dbt__projects__star_search,t4,Discovery,snowflake
snowflake/dbt/projects/star_search__experiment_feed_entities_v4,dbt__projects__star_search,t4,Discovery,snowflake
snowflake/dbt/projects/star_search__experiment_segments_v0,dbt__projects__star_search,t4,Discovery,snowflake
snowflake/dbt/projects/star_search__experiment_segments_v1,dbt__projects__star_search,t4,Discovery,snowflake
snowflake/dbt/projects/star_search__experiment_segments_v3,dbt__projects__star_search,t4,Discovery,snowflake
snowflake/dbt/projects/star_search__experiment_segments_v4,dbt__projects__star_search,t4,Discovery,snowflake
snowflake/dbt/projects/star_search__experiment_top_percentile_individual_sellers_v0,dbt__projects__star_search,t4,Discovery,snowflake
snowflake/dbt/projects/star_search__experiment_top_percentile_individual_sellers_v1,dbt__projects__star_search,t4,Discovery,snowflake
snowflake/dbt/projects/star_search__experiment_top_percentile_individual_sellers_v3,dbt__projects__star_search,t4,Discovery,snowflake
snowflake/dbt/projects/star_search__experiment_top_percentile_individual_sellers_v4,dbt__projects__star_search,t4,Discovery,snowflake
snowflake/dbt/projects/star_search__experiment_top_seller_segments_v0,dbt__projects__star_search,t4,Discovery,snowflake
snowflake/dbt/projects/star_search__experiment_top_seller_segments_v4,dbt__projects__star_search,t4,Discovery,snowflake
snowflake/dbt/projects/star_search__gtm_high_bucket_sellers,dbt__projects__star_search,t4,Discovery,snowflake
snowflake/dbt/projects/star_search__indexing_results,dbt__projects__star_search,t4,Discovery,snowflake
snowflake/dbt/projects/star_search__new_seller_monitoring_d1,dbt__projects__star_search,t4,Discovery,snowflake
snowflake/dbt/projects/star_search__new_seller_monitoring_helper,dbt__projects__star_search,t4,Discovery,snowflake
snowflake/dbt/projects/star_search__seller_ages,dbt__projects__star_search,t4,Discovery,snowflake
snowflake/dbt/projects/star_search__seller_followers,dbt__projects__star_search,t4,Discovery,snowflake
snowflake/dbt/projects/star_search__seller_gmv,dbt__projects__star_search,t4,Discovery,snowflake
snowflake/dbt/projects/star_search__seller_mode,dbt__projects__star_search,t4,Discovery,snowflake
snowflake/dbt/projects/star_search__seller_summary,dbt__projects__star_search,t4,Discovery,snowflake
snowflake/dbt/projects/star_search__sports_tcg_v0,dbt__projects__star_search,t4,Discovery,snowflake
snowflake/dbt/projects/star_search__sports_tcg_v1,dbt__projects__star_search,t4,Discovery,snowflake
snowflake/dbt/projects/star_search__sports_tcg_v3,dbt__projects__star_search,t4,Discovery,snowflake
snowflake/dbt/projects/star_search__sports_tcg_v4,dbt__projects__star_search,t4,Discovery,snowflake
snowflake/dbt/projects/star_search__top_sellers_v0,dbt__projects__star_search,t4,Discovery,snowflake
snowflake/dbt/projects/star_search__top_sellers_v1,dbt__projects__star_search,t4,Discovery,snowflake
snowflake/dbt/projects/star_search__top_sellers_v3,dbt__projects__star_search,t4,Discovery,snowflake
snowflake/dbt/projects/star_search__top_sellers_v4,dbt__projects__star_search,t4,Discovery,snowflake
snowflake/dbt/projects/star_search__user_following,dbt__projects__star_search,t4,Discovery,snowflake
snowflake/dbt/projects/tcg_image_embeddings__reference_pokemon_cards_index,default,,,snowflake
snowflake/dbt/projects/tcg_image_embeddings__reference_pokemon_image_metadata,dbt__projects__tcg_image_embeddings,t4,CoreML,snowflake
snowflake/dbt/projects/temp_michael_zizi_contribution_margin_1,dbt__projects__accounting_metrics,t4,Analytics,snowflake
snowflake/dbt/projects/ts__stripe_to_whatnot_mapping,dbt__projects__fraud,t4,GlobalTrustAndSafety,snowflake
snowflake/dbt/visualizations/notifications_all_channel_message_weekly_seller_bucket,dbt__visualizations__notifications,t4,Notifications,snowflake
snowflake/dbt/visualizations/notifications_v2__dagster_jobs,dbt__visualizations__notifications,t4,Analytics,snowflake
snowflake/dbt/visualizations/notifications_v2__livestream_conversion_agg,dbt__visualizations__notifications,t4,Analytics,snowflake
snowflake/dbt/visualizations/notifications_v2__livestream_from_push_tap,dbt__visualizations__notifications,t4,Analytics,snowflake
snowflake/dbt/visualizations/notifications_v2__weekly_contactable,dbt__visualizations__notifications,t4,Analytics,snowflake
snowflake/dbt/visualizations/retool__dbt_model_utilization,dbt__visualizations__retool_datasets,t4,Analytics,snowflake
snowflake/dbt/visualizations/sigma__account__sellers,dbt__visualizations__sigma_datasets,t4,Analytics,snowflake
snowflake/dbt/visualizations/sigma__account__sellers_hierarchy,dbt__visualizations__sigma_datasets,t4,Analytics,snowflake
snowflake/dbt/visualizations/sigma__account_management__seller_daily_metrics,dbt__visualizations__sigma_datasets,t4,Analytics,snowflake
snowflake/dbt/visualizations/sigma__account_management__sellers_sf,dbt__visualizations__sigma_datasets,t4,Analytics,snowflake
snowflake/dbt/visualizations/sigma__account_management_sellers,dbt__visualizations__sigma_datasets,t4,CatEx,snowflake
snowflake/dbt/visualizations/sigma__account_management_sellers_metrics,dbt__visualizations__sigma_datasets,t4,Analytics,snowflake
snowflake/dbt/visualizations/sigma__arpu_arpb_v2,dbt__visualizations__sigma_datasets,t4,Analytics,snowflake
snowflake/dbt/visualizations/sigma__arpu_seller,dbt__visualizations__sigma_datasets,t4,Analytics,snowflake
snowflake/dbt/visualizations/sigma__auction_lengths,dbt__visualizations__sigma_datasets,t4,Analytics,snowflake
snowflake/dbt/visualizations/sigma__automated_seller_id_verification,dbt__visualizations__sigma_datasets,t4,Analytics,snowflake
snowflake/dbt/visualizations/sigma__barcode_active_listings,dbt__visualizations__sigma_datasets,t3,Inventory,snowflake
snowflake/dbt/visualizations/sigma__barcode_backend_lookups,dbt__visualizations__sigma_datasets,t3,Inventory,snowflake
snowflake/dbt/visualizations/sigma__barcode_client_lookups,dbt__visualizations__sigma_datasets,t3,Inventory,snowflake
snowflake/dbt/visualizations/sigma__board_deck,dbt__visualizations__sigma_datasets,t4,Analytics,snowflake
snowflake/dbt/visualizations/sigma__buyer_activity_retention,dbt__visualizations__sigma_datasets,t4,Analytics,snowflake
snowflake/dbt/visualizations/sigma__buyer_live_retention,dbt__visualizations__sigma_datasets,t4,Analytics,snowflake
snowflake/dbt/visualizations/sigma__buyer_nux,dbt__visualizations__sigma_datasets,t4,Analytics,snowflake
snowflake/dbt/visualizations/sigma__buyer_order_rentention,dbt__visualizations__sigma_datasets,t4,Analytics,snowflake
snowflake/dbt/visualizations/sigma__buyer_slicer,dbt__visualizations__sigma_datasets,t4,Analytics,snowflake
snowflake/dbt/visualizations/sigma__category_metric_day,dbt__visualizations__sigma_datasets,t4,Analytics,snowflake
snowflake/dbt/visualizations/sigma__credits_spend_agg,dbt__visualizations__sigma_datasets,t4,Analytics,snowflake
snowflake/dbt/visualizations/sigma__csm__seller_daily_metrics,dbt__visualizations__sigma_datasets,t4,Analytics,snowflake
snowflake/dbt/visualizations/sigma__csm__sellers,dbt__visualizations__sigma_datasets,t4,Analytics,snowflake
snowflake/dbt/visualizations/sigma__csm_sellers_metrics,dbt__visualizations__sigma_datasets,t4,Analytics,snowflake
snowflake/dbt/visualizations/sigma__disco_browse_taps,dbt__visualizations__sigma_datasets,t4,Discovery,snowflake
snowflake/dbt/visualizations/sigma__disco_duplicated_impressions,dbt__visualizations__sigma_datasets,t2,Discovery,snowflake
snowflake/dbt/visualizations/sigma__disco_feed_funnel,dbt__visualizations__sigma_datasets,t4,Discovery,snowflake
snowflake/dbt/visualizations/sigma__disco_feed_funnel_long,dbt__visualizations__sigma_datasets,t4,Discovery,snowflake
snowflake/dbt/visualizations/sigma__disco_feed_impressions_source,dbt__visualizations__sigma_datasets,t4,Discovery,snowflake
snowflake/dbt/visualizations/sigma__disco_feed_impressions_volume,dbt__visualizations__sigma_datasets,t2,Discovery,snowflake
snowflake/dbt/visualizations/sigma__disco_feed_index,dbt__visualizations__sigma_datasets,t4,Discovery,snowflake
snowflake/dbt/visualizations/sigma__disco_feed_load_reason,dbt__visualizations__sigma_datasets,t2,Discovery,snowflake
snowflake/dbt/visualizations/sigma__disco_feed_reporting,dbt__visualizations__sigma__disco_feed_reporting,t3,unset,snowflake
snowflake/dbt/visualizations/sigma__disco_feed_taps_volume,dbt__visualizations__sigma_datasets,t2,Discovery,snowflake
snowflake/dbt/visualizations/sigma__disco_feed_views_volume,dbt__visualizations__sigma_datasets,t2,Discovery,snowflake
snowflake/dbt/visualizations/sigma__disco_funnel_tables,dbt__visualizations__sigma_datasets,t4,Discovery,snowflake
snowflake/dbt/visualizations/sigma__disco_livestream_seller_week,dbt__visualizations__sigma_datasets,t4,Discovery,snowflake
snowflake/dbt/visualizations/sigma__disco_monthly_multicategory_buyers,dbt__visualizations__sigma_datasets,t4,Discovery,snowflake
snowflake/dbt/visualizations/sigma__disco_okr_metrics,dbt__visualizations__sigma_datasets,t4,Discovery,snowflake
snowflake/dbt/visualizations/sigma__disco_red_button_seller_metrics,dbt__visualizations__sigma_datasets,t4,Discovery,snowflake
snowflake/dbt/visualizations/sigma__disco_red_button_seller_original_placement,dbt__visualizations__sigma_datasets,t4,Discovery,snowflake
snowflake/dbt/visualizations/sigma__disco_seller_feed_category_full_metrics,dbt__visualizations__sigma_datasets,t4,Discovery,snowflake
snowflake/dbt/visualizations/sigma__disco_serp_metrics,dbt__visualizations__sigma_datasets,t4,Discovery,snowflake
snowflake/dbt/visualizations/sigma__disco_user_feed_category_full_metrics,dbt__visualizations__sigma_datasets,t4,Discovery,snowflake
snowflake/dbt/visualizations/sigma__disco_vip_seller_investigation,dbt__visualizations__sigma_datasets,t4,Discovery,snowflake
snowflake/dbt/visualizations/sigma__disco_xcategory_buying,dbt__visualizations__sigma_datasets,t4,Discovery,snowflake
snowflake/dbt/visualizations/sigma__disco_xcategory_viewing,dbt__visualizations__sigma_datasets,t4,Discovery,snowflake
snowflake/dbt/visualizations/sigma__ecosystem_conversion_metrics,dbt__visualizations__sigma_datasets,t4,Analytics,snowflake
snowflake/dbt/visualizations/sigma__ecosystem_livestream_metrics,dbt__visualizations__sigma_datasets,t4,Analytics,snowflake
snowflake/dbt/visualizations/sigma__ecosystem_new_user_milestones,dbt__visualizations__sigma_datasets,t4,Analytics,snowflake
snowflake/dbt/visualizations/sigma__ecosystem_oversupply_metrics,dbt__visualizations__sigma_datasets,t4,Analytics,snowflake
snowflake/dbt/visualizations/sigma__fvm_buyer_referrals,dbt__visualizations__sigma_datasets,t3,Analytics,snowflake
snowflake/dbt/visualizations/sigma__fvm_refunds,dbt__visualizations__sigma_datasets,t3,Analytics,snowflake
snowflake/dbt/visualizations/sigma__fvm_seller_bonuses,dbt__visualizations__sigma_datasets,t3,Analytics,snowflake
snowflake/dbt/visualizations/sigma__fvm_shipping,dbt__visualizations__sigma_datasets,t3,Analytics,snowflake
snowflake/dbt/visualizations/sigma__growth_daily_account_w_multipliers,dbt__visualizations__sigma_datasets,t3,Analytics,snowflake
snowflake/dbt/visualizations/sigma__growth_daily_ftb_w_multipliers,dbt__visualizations__sigma_datasets,t3,Analytics,snowflake
snowflake/dbt/visualizations/sigma__growth_daily_metrics,dbt__visualizations__sigma_datasets,t3,Analytics,snowflake
snowflake/dbt/visualizations/sigma__influencer_deals_reporting,dbt__visualizations__sigma_datasets,t4,Analytics,snowflake
snowflake/dbt/visualizations/sigma__influencer_deals_v2,dbt__visualizations__sigma_datasets,t4,Analytics,snowflake
snowflake/dbt/visualizations/sigma__influencer_ftb_tracking,dbt__visualizations__sigma_datasets,t3,Analytics,snowflake
snowflake/dbt/visualizations/sigma__influencer_referral_ledger_spend,dbt__visualizations__sigma_datasets,t3,Analytics,snowflake
snowflake/dbt/visualizations/sigma__influencer_t2_2025_goals,dbt__visualizations__sigma__influencer_t2_2025_goals,t4,unset,snowflake
snowflake/dbt/visualizations/sigma__influencers,dbt__visualizations__sigma_datasets,t4,Analytics,snowflake
snowflake/dbt/visualizations/sigma__international_flash_report,dbt__visualizations__sigma_datasets,t3,Analytics,snowflake
snowflake/dbt/visualizations/sigma__international_flash_report_view,dbt__visualizations__sigma_datasets,t4,Analytics,snowflake
snowflake/dbt/visualizations/sigma__international_seller_cohort,dbt__visualizations__sigma_datasets,t4,Analytics,snowflake
snowflake/dbt/visualizations/sigma__international_seller_onboarding,dbt__visualizations__sigma_datasets,t4,Analytics,snowflake
snowflake/dbt/visualizations/sigma__launch_daily_metrics,dbt__visualizations__sigma_datasets,t4,Analytics,snowflake
snowflake/dbt/visualizations/sigma__launch_goal_tracking,dbt__visualizations__sigma_datasets,t3,Analytics,snowflake
snowflake/dbt/visualizations/sigma__launch_metrics_category_details,dbt__visualizations__sigma_datasets,t4,Analytics,snowflake
snowflake/dbt/visualizations/sigma__launch_metrics_category_staff_dates,dbt__visualizations__sigma__launch_metrics_category_staff_dates,t4,unset,snowflake
snowflake/dbt/visualizations/sigma__launch_metrics_livestream_coverage,dbt__visualizations__sigma_datasets,t4,Analytics,snowflake
snowflake/dbt/visualizations/sigma__launch_metrics_seller_category_retention,dbt__visualizations__sigma_datasets,t4,Analytics,snowflake
snowflake/dbt/visualizations/sigma__launch_metrics_seller_retention,dbt__visualizations__sigma_datasets,t4,Analytics,snowflake
snowflake/dbt/visualizations/sigma__ledger_transactions,dbt__visualizations__sigma_datasets,t4,Analytics,snowflake
snowflake/dbt/visualizations/sigma__liquidation_sellers,dbt__visualizations__sigma_datasets,t4,Analytics,snowflake
snowflake/dbt/visualizations/sigma__livestream,dbt__visualizations__sigma_datasets,t3,Analytics,snowflake
snowflake/dbt/visualizations/sigma__livestream_concurrents,dbt__visualizations__sigma_datasets,t4,Analytics,snowflake
snowflake/dbt/visualizations/sigma__livestream_listing,dbt__visualizations__sigma_datasets,t4,Analytics,snowflake
snowflake/dbt/visualizations/sigma__livestream_promotions_ad_load_agg,dbt__visualizations__sigma_datasets,t4,Analytics,snowflake
snowflake/dbt/visualizations/sigma__livestream_promotions_feed_funnel_agg,dbt__visualizations__sigma_datasets,t4,Analytics,snowflake
snowflake/dbt/visualizations/sigma__livestream_promotions_long_term_ads_attribution_agg,dbt__visualizations__sigma_datasets,t4,Analytics,snowflake
snowflake/dbt/visualizations/sigma__livestream_promotions_promotion_metrics,dbt__visualizations__sigma_datasets,t3,Analytics,snowflake
snowflake/dbt/visualizations/sigma__livestream_viewers,dbt__visualizations__sigma_datasets,t4,Analytics,snowflake
snowflake/dbt/visualizations/sigma__marketplace_aa_flash,dbt__visualizations__sigma_datasets,t4,Analytics,snowflake
snowflake/dbt/visualizations/sigma__marketplace_aa_flash_outstanding,dbt__visualizations__sigma_datasets,t3,Analytics,snowflake
snowflake/dbt/visualizations/sigma__marketplace_aa_notif_distribution,dbt__visualizations__sigma_datasets,t4,Analytics,snowflake
snowflake/dbt/visualizations/sigma__marketplace_anytime_auction_notif_engagement,dbt__visualizations__sigma_datasets,t4,Analytics,snowflake
snowflake/dbt/visualizations/sigma__marketplace_attributes,dbt__visualizations__sigma_datasets,t4,Analytics,snowflake
snowflake/dbt/visualizations/sigma__marketplace_flash_gmv,dbt__visualizations__sigma_datasets,t3,Analytics,snowflake
snowflake/dbt/visualizations/sigma__marketplace_notif_engagement,dbt__visualizations__sigma_datasets,t4,Analytics,snowflake
snowflake/dbt/visualizations/sigma__marketplace_okr_metrics,dbt__visualizations__sigma_datasets,t4,Analytics,snowflake
snowflake/dbt/visualizations/sigma__marketplace_product_creation_time_per_livestream,dbt__visualizations__sigma_datasets,t4,Analytics,snowflake
snowflake/dbt/visualizations/sigma__marketplace_telemetry_conversions,dbt__visualizations__sigma_datasets,t4,Analytics,snowflake
snowflake/dbt/visualizations/sigma__marketplace_telemetry_totals,dbt__visualizations__sigma_datasets,t4,Analytics,snowflake
snowflake/dbt/visualizations/sigma__marketplace_ts,dbt__visualizations__sigma_datasets,t4,Analytics,snowflake
snowflake/dbt/visualizations/sigma__metric_day,dbt__visualizations__sigma_datasets,t4,Analytics,snowflake
snowflake/dbt/visualizations/sigma__monthly_metrics_external,dbt__visualizations__sigma_datasets,t4,Analytics,snowflake
snowflake/dbt/visualizations/sigma__monthly_notification_attribution,dbt__visualizations__sigma_datasets,t4,Analytics,snowflake
snowflake/dbt/visualizations/sigma__new_supply_outbound_actions,dbt__visualizations__sigma_datasets,t4,Analytics,snowflake
snowflake/dbt/visualizations/sigma__new_supply_outbound_leads,dbt__visualizations__sigma_datasets,t4,Analytics,snowflake
snowflake/dbt/visualizations/sigma__notif_email_agg,dbt__visualizations__sigma_datasets,t3,Analytics,snowflake
snowflake/dbt/visualizations/sigma__notif_user_day_metrics,dbt__visualizations__sigma_datasets,t3,Analytics,snowflake
snowflake/dbt/visualizations/sigma__notification_attribution,dbt__visualizations__sigma_datasets,t4,Analytics,snowflake
snowflake/dbt/visualizations/sigma__opportunities__commissions,dbt__visualizations__sigma_datasets,t4,Analytics,snowflake
snowflake/dbt/visualizations/sigma__opportunities__history,dbt__visualizations__sigma_datasets,t4,Analytics,snowflake
snowflake/dbt/visualizations/sigma__opportunities__seller_daily_metrics,dbt__visualizations__sigma_datasets,t4,Analytics,snowflake
snowflake/dbt/visualizations/sigma__opportunities__sellers,dbt__visualizations__sigma_datasets,t4,Analytics,snowflake
snowflake/dbt/visualizations/sigma__order_issues,dbt__visualizations__sigma_datasets,t3,Analytics,snowflake
snowflake/dbt/visualizations/sigma__order_issues_exploded,dbt__visualizations__sigma_datasets,t3,Analytics,snowflake
snowflake/dbt/visualizations/sigma__orders,dbt__visualizations__sigma_datasets,t3,Analytics,snowflake
snowflake/dbt/visualizations/sigma__referral,dbt__visualizations__sigma_datasets,t4,Analytics,snowflake
snowflake/dbt/visualizations/sigma__referral_fraud_using_address,dbt__visualizations__sigma_datasets,t4,Analytics,snowflake
snowflake/dbt/visualizations/sigma__refund,dbt__visualizations__sigma_datasets,t4,Analytics,snowflake
snowflake/dbt/visualizations/sigma__sales__ae_funnel_targets,dbt__visualizations__sigma_datasets,t4,Analytics,snowflake
snowflake/dbt/visualizations/sigma__sales__touchpoints,dbt__visualizations__sigma_datasets,t4,Analytics,snowflake
snowflake/dbt/visualizations/sigma__search_dau_funnel,dbt__visualizations__sigma_datasets,t3,Discovery,snowflake
snowflake/dbt/visualizations/sigma__search_ls_tap_results,dbt__visualizations__sigma_datasets,t4,Discovery,snowflake
snowflake/dbt/visualizations/sigma__search_serp,dbt__visualizations__sigma_datasets,t3,Discovery,snowflake
snowflake/dbt/visualizations/sigma__search_user_slice,dbt__visualizations__sigma_datasets,t3,Discovery,snowflake
snowflake/dbt/visualizations/sigma__seller,dbt__visualizations__sigma_datasets,t4,Analytics,snowflake
snowflake/dbt/visualizations/sigma__seller_development_cohorts,dbt__visualizations__sigma_datasets,t4,Analytics,snowflake
snowflake/dbt/visualizations/sigma__seller_early_payout,dbt__visualizations__sigma_datasets,t3,Analytics,snowflake
snowflake/dbt/visualizations/sigma__seller_id_verification_status,dbt__visualizations__sigma_datasets,t3,Analytics,snowflake
snowflake/dbt/visualizations/sigma__seller_source_orders,dbt__visualizations__sigma_datasets,t4,Analytics,snowflake
snowflake/dbt/visualizations/sigma__support_cs_refund_funnel,dbt__visualizations__sigma_datasets,t4,Analytics,snowflake
snowflake/dbt/visualizations/sigma__support_cs_requests,dbt__visualizations__sigma_datasets,t4,Analytics,snowflake
snowflake/dbt/visualizations/sigma__support_inbounds,dbt__visualizations__sigma_datasets,t4,Analytics,snowflake
snowflake/dbt/visualizations/sigma__team_permissions_active_users,dbt__visualizations__sigma_datasets,t3,Seller Scaling,snowflake
snowflake/dbt/visualizations/sigma__ts_tickets_agg,dbt__visualizations__sigma_datasets,t4,Analytics,snowflake
snowflake/dbt/visualizations/sigma__ts_tickets_backlog,dbt__visualizations__sigma_datasets,t4,Analytics,snowflake
snowflake/dbt/visualizations/sigma__ts_user_reports,dbt__visualizations__sigma_datasets,t4,Analytics,snowflake
snowflake/dbt/visualizations/sigma__ts_user_tags,dbt__visualizations__sigma_datasets,t4,Analytics,snowflake
snowflake/dbt/visualizations/sigma__ts_violation_cases,dbt__visualizations__sigma_datasets,t4,Analytics,snowflake
snowflake/dbt/visualizations/sigma__user,dbt__visualizations__sigma_datasets,t3,Analytics,snowflake
snowflake/dbt/visualizations/sigma__user_category_follows,dbt__visualizations__sigma_datasets,t4,Analytics,snowflake
snowflake/dbt/visualizations/sigma__user_day,dbt__visualizations__sigma_datasets,t3,Analytics,snowflake
snowflake/dbt/visualizations/sigma__user_notif_status,dbt__visualizations__sigma_datasets,t4,Analytics,snowflake
snowflake/dbt/visualizations/sigma__waitlist_applications,dbt__visualizations__sigma_datasets,t4,Analytics,snowflake
snowflake/dbt/visualizations/sigma__waitlist_applications_funnel,dbt__visualizations__sigma_datasets,t4,Analytics,snowflake
snowflake/dbt/visualizations/sigma__weekly_projection,dbt__visualizations__sigma_datasets,t3,Analytics,snowflake
snowflake/dbt/visualizations/sigma__zendesk_ticket,dbt__visualizations__sigma_datasets,t4,Analytics,snowflake
snowflake/dbt/visualizations/sigma__zendesk_ticket_day,dbt__visualizations__sigma_datasets,t4,Analytics,snowflake
snowflake/dbt/visualizations/sigma__zendesk_whatbot_ticket,dbt__visualizations__sigma_datasets,t3,Analytics,snowflake
snowflake/dbt/visualizations/simga__marketplace_flash_listings_created,dbt__visualizations__sigma_datasets,t4,Analytics,snowflake
snowflake/disco_model_combine_eval_metrics_exploration,disco_model,t4,not_set,snowflake
snowflake/disco_model_combine_eval_metrics_production,disco_model,t4,not_set,snowflake
snowflake/disco_model_combine_ranking_request_eval_metrics_exploration,disco_model,t4,not_set,snowflake
snowflake/disco_model_combine_ranking_request_eval_metrics_production,disco_model,t4,not_set,snowflake
snowflake/dsml/prod/sagemaker_artifacts/dsml__result_similar_active_search_queries,ml__similar_listings,t4,not_set,snowflake
snowflake/dsml/prod/sagemaker_artifacts/dsml__result_similar_active_search_queries_rockset,ml__similar_listings,t4,not_set,snowflake
snowflake/dsml/similar_listings_ngram_model,ml__similar_listings,t4,not_set,snowflake
snowflake/dsml-features-seller-sgns/create_unload_dataset,snowflake,,,snowflake
snowflake/extract_dac7_data,snowflake__stripe,t4,not_set,snowflake
snowflake/hex_app/products/company_model_outputs,default,,,snowflake
snowflake/hex_app/projects/account_management__gmv_targets,default,,,snowflake
snowflake/hex_app/projects/company_model__daily_targets,default,,,snowflake
snowflake/hex_app/projects/company_model__targets,default,,,snowflake
snowflake/hex_app/projects/reporting_utils__seller_tags,default,,,snowflake
snowflake/hex_app/projects/sales__ae_funnel_targets,default,,,snowflake
snowflake/hex_app/projects/sales__category_cohort_gmv_targets,default,,,snowflake
snowflake/prod/airtable_account_management/activation_levers_calendar,default,,,snowflake
snowflake/prod/airtable_account_management/budget_request_tracker,default,,,snowflake
snowflake/prod/airtable_affiliate_crm/leads,default,,,snowflake
snowflake/prod/airtable_affiliate_crm/outreach,default,,,snowflake
snowflake/prod/airtable_affiliate_crm/zip,default,,,snowflake
snowflake/prod/airtable_applications_archive/applications,default,,,snowflake
snowflake/prod/airtable_applications_archive/archive_overflow,default,,,snowflake
snowflake/prod/airtable_applications_archive/archive_overflow_2,default,,,snowflake
snowflake/prod/airtable_applications_archive/archive_overflow_3,default,,,snowflake
snowflake/prod/airtable_applications_archive/archive_overflow_4,default,,,snowflake
snowflake/prod/airtable_cash_flow/cash_flow_requests,default,,,snowflake
snowflake/prod/airtable_cx_automations/macro_tags,default,,,snowflake
snowflake/prod/airtable_cx_automations/zd_groups,default,,,snowflake
snowflake/prod/airtable_cx_automations/zd_macros,default,,,snowflake
snowflake/prod/airtable_inbound/calendly_capacity,default,,,snowflake
snowflake/prod/airtable_inbound/calendly_sign_ups,default,,,snowflake
snowflake/prod/airtable_inbound/canada,default,,,snowflake
snowflake/prod/airtable_inbound/inbound,default,,,snowflake
snowflake/prod/airtable_inbound/quiz,default,,,snowflake
snowflake/prod/airtable_inbound2/inbound,default,,,snowflake
snowflake/prod/airtable_inbound2/quiz,default,,,snowflake
snowflake/prod/airtable_lead_management/existing_sellers,default,,,snowflake
snowflake/prod/airtable_lead_management/leads,default,,,snowflake
snowflake/prod/airtable_lead_management/leads_old,default,,,snowflake
snowflake/prod/airtable_lead_management/requests,default,,,snowflake
snowflake/prod/airtable_retroactive_application/applications,default,,,snowflake
snowflake/prod/airtable_seller_crm/activations_levers,default,,,snowflake
snowflake/prod/airtable_seller_crm/contracts,default,,,snowflake
snowflake/prod/airtable_seller_crm/parent_child_mapping,default,,,snowflake
snowflake/prod/airtable_seller_crm/payments,default,,,snowflake
snowflake/prod/airtable_seller_crm/touchpoints,default,,,snowflake
snowflake/prod/airtable_seller_deal/us_seller_account_mapping,default,,,snowflake
snowflake/prod/airtable_seller_deal/us_seller_deal_inputs,default,,,snowflake
snowflake/prod/airtable_seller_influencer_payment_schedule/influencer_payments,default,,,snowflake
snowflake/prod/airtable_seller_influencer_payment_schedule/influencer_requests,default,,,snowflake
snowflake/prod/airtable_seller_influencer_payment_schedule/zip_requests,default,,,snowflake
snowflake/prod/airtable_support/cx_contact_reason_map,default,,,snowflake
snowflake/prod/airtable_support/support_cost,default,,,snowflake
snowflake/prod/airtable_support/supportcard_dim_agent_roster,default,,,snowflake
snowflake/prod/airtable_support/supportcard_dim_targets,default,,,snowflake
snowflake/prod/airtable_support/supportcard_fact_attendance_overrides,default,,,snowflake
snowflake/prod/airtable_support/supportcard_fact_qa_v1,default,,,snowflake
snowflake/prod/airtable_support/supportcard_fact_qa_v2,default,,,snowflake
snowflake/prod/airtable_support/supportcard_fact_qa_v3,default,,,snowflake
snowflake/prod/airtable_support/supportcard_fact_qa_v4,default,,,snowflake
snowflake/prod/airtable_support/supportcard_fact_qa_v4_3_ctl,default,,,snowflake
snowflake/prod/airtable_support/supportcard_ts_aht_by_agent_by_day,default,,,snowflake
snowflake/prod/airtable_support/supportcard_ts_conformance_denom,default,,,snowflake
snowflake/prod/airtable_support/supportcard_ts_fact_qa_v2_ctl,default,,,snowflake
snowflake/prod/airtable_support/supportcard_ts_qa,default,,,snowflake
snowflake/prod/airtable_support/supportcard_ts_qa_v2,default,,,snowflake
snowflake/prod/airtable_support/supportcard_wfm_activity_by_interval,default,,,snowflake
snowflake/prod/airtable_support/supportcard_wfm_adherence_hourly,default,,,snowflake
snowflake/prod/airtable_support/supportcard_wfm_attendance,default,,,snowflake
snowflake/prod/airtable_support/supportcard_wfm_in_house_stats,default,,,snowflake
snowflake/prod/airtable_support/supportcard_wfm_in_house_time,default,,,snowflake
snowflake/prod/airtable_support/supportcard_wfm_schedules,default,,,snowflake
snowflake/prod/airtable_support/supportcard_wfm_scheduling_detail,default,,,snowflake
snowflake/prod/airtable_support/supportcard_wfm_tickets_by_day_by_group,default,,,snowflake
snowflake/prod/airtable_support/supportcard_wfm_ts_stats,default,,,snowflake
snowflake/prod/airtable_support/supportcard_wfm_ts_time,default,,,snowflake
snowflake/prod/airtable_support_tech_esc/review_data,default,,,snowflake
snowflake/prod/airtable_support_tech_esc/technical_issues,default,,,snowflake
snowflake/prod/airtable_tnr_queue_to_label_mapping/zendesk_queue,default,,,snowflake
snowflake/prod/airtable_whale/whale_targets,default,,,snowflake
snowflake/prod/airtable_zip_gtm_crm/contracts,default,,,snowflake
snowflake/prod/airtable_zip_gtm_crm/deliverables,default,,,snowflake
snowflake/prod/airtable_zip_gtm_crm/influencers,default,,,snowflake
snowflake/prod/airtable_zip_gtm_crm/outreach,default,,,snowflake
snowflake/prod/airtable_zip_gtm_crm/payments,default,,,snowflake
snowflake/prod/airtable_zip_gtm_crm/slack_id,default,,,snowflake
snowflake/prod/airtable_zip_gtm_crm/taxonomy,default,,,snowflake
snowflake/prod/airtable_zip_gtm_crm/tracker,default,,,snowflake
snowflake/prod/appsflyer/cost_channel,default,,,snowflake
snowflake/prod/appsflyer/cost_geo,default,,,snowflake
snowflake/prod/appsflyer/cost_summary,default,,,snowflake
snowflake/prod/appsflyer_v2/clicks,snowflake__appsflyer,t4,not_set,snowflake
snowflake/prod/appsflyer_v2/clicks_retargeting,snowflake__appsflyer,t4,not_set,snowflake
snowflake/prod/appsflyer_v2/cohort_retargeting,snowflake__appsflyer,t4,not_set,snowflake
snowflake/prod/appsflyer_v2/cohort_retargeting_versioned,snowflake__appsflyer,t4,not_set,snowflake
snowflake/prod/appsflyer_v2/cohort_unified,snowflake__appsflyer,t4,not_set,snowflake
snowflake/prod/appsflyer_v2/cohort_unified_versioned,snowflake__appsflyer,t4,not_set,snowflake
snowflake/prod/appsflyer_v2/cohort_user_acquisition,snowflake__appsflyer,t4,not_set,snowflake
snowflake/prod/appsflyer_v2/cohort_user_acquisition_versioned,snowflake__appsflyer,t4,not_set,snowflake
snowflake/prod/appsflyer_v2/conversions_retargeting,snowflake__appsflyer,t4,not_set,snowflake
snowflake/prod/appsflyer_v2/impressions,snowflake__appsflyer,t4,not_set,snowflake
snowflake/prod/appsflyer_v2/impressions_retargeting,snowflake__appsflyer,t4,not_set,snowflake
snowflake/prod/appsflyer_v2/inapps,snowflake__appsflyer,t4,not_set,snowflake
snowflake/prod/appsflyer_v2/installs,snowflake__appsflyer,t4,not_set,snowflake
snowflake/prod/appsflyer_v2/reinstalls,snowflake__appsflyer,t4,not_set,snowflake
snowflake/prod/appsflyer_v2/sessions_retargeting,snowflake__appsflyer,t4,not_set,snowflake
snowflake/prod/appsflyer_v2/skad_inapps,snowflake__appsflyer,t4,not_set,snowflake
snowflake/prod/appsflyer_v2/skad_installs,snowflake__appsflyer,t4,not_set,snowflake
snowflake/prod/appsflyer_v2/skad_postbacks,snowflake__appsflyer,t4,not_set,snowflake
snowflake/prod/appsflyer_v2/skad_redownloads,snowflake__appsflyer,t4,not_set,snowflake
snowflake/prod/audiences/event_audience_targeting,default,t3,disco,snowflake
snowflake/prod/braintree/disputes,default,,,snowflake
snowflake/prod/braintree/refunds,default,,,snowflake
snowflake/prod/buyer_ltv/ltv_eval__gmv_cohort_trailing_30d,default,,,snowflake
snowflake/prod/buyer_ltv/ltv_eval__gmv_individual_trailing_30d,default,,,snowflake
snowflake/prod/compliance/compliance_audit_logs,default,,,snowflake
snowflake/prod/connected_accounts/connected_accounts__public_address_evaluation,default,,,snowflake
snowflake/prod/datadog_replication/incidents_v2,snowflake__datadog,t4,not_set,snowflake
snowflake/prod/datadog_replication/rum_crashes,snowflake__datadog,t3,data_platform,snowflake
snowflake/prod/datadog_replication/slo_corrections,snowflake__datadog,t3,data_platform,snowflake
snowflake/prod/datadog_replication/slo_metrics,snowflake__datadog,t4,not_set,snowflake
snowflake/prod/datadog_replication/slos,snowflake__datadog,t3,data_platform,snowflake
snowflake/prod/dbt_artifacts/run_results,default,,,snowflake
snowflake/prod/es_indexing/es_indexing_spine_base_notification_hub_activities_v1_reindex_uuid,opensearch_index,t3,elasticsearch,snowflake
snowflake/prod/es_indexing/es_indexing_spine_base_queries_v2_reindex_uuid,opensearch_index,t3,elasticsearch,snowflake
snowflake/prod/es_indexing/es_indexing_spine_base_tcg_pokemon_cards_reindex_uuid,opensearch_index,t3,elasticsearch,snowflake
snowflake/prod/es_indexing/es_indexing_spine_base_users_v1_reindex_uuid,opensearch_index,t3,elasticsearch,snowflake
snowflake/prod/es_indexing/es_indexing_spine_baseprime_livestreams_v2,default,,,snowflake
snowflake/prod/es_indexing/es_indexing_spine_baseprime_livestreams_v2_reindex_uuid,default,,,snowflake
snowflake/prod/es_indexing/es_indexing_spine_baseprime_orders_v1_reindex_uuid,opensearch_index,t3,elasticsearch,snowflake
snowflake/prod/es_indexing/es_indexing_spine_baseprime_shipments_v1_reindex_uuid,opensearch_index,t3,elasticsearch,snowflake
snowflake/prod/es_indexing/es_indexing_spine_disco_search_listings_v9_reindex_uuid,opensearch_index,t3,elasticsearch,snowflake
snowflake/prod/es_indexing/es_indexing_spine_experimental_livestreams_v3_reindex_uuid,opensearch_index,t3,elasticsearch,snowflake
snowflake/prod/es_indexing/es_indexing_spine_inventory_listings_inventory_listings_v1_reindex_uuid,opensearch_index,t3,elasticsearch,snowflake
snowflake/prod/es_indexing/es_indexing_spine_sold_listings_sold_listings_v1_reindex_uuid,opensearch_index,t3,elasticsearch,snowflake
snowflake/prod/events_prod/event_schema_properties,dbt__whatnot_events,,,snowflake
snowflake/prod/firebase/raw_firebase_attributions,default,,,snowflake
snowflake/prod/firebase/raw_firebase_messaging,default,,,snowflake
snowflake/prod/firebase_v2/attributions,snowflake__firebase,t4,not_set,snowflake
snowflake/prod/firebase_v2/messaging,snowflake__firebase,t4,not_set,snowflake
snowflake/prod/gitlab/users,meltano,t4,DataPlatforms,snowflake
snowflake/prod/growth/enrichment__enriched_records,default,,,snowflake
snowflake/prod/growth/enrichment__tiktok_profiles,default,,,snowflake
snowflake/prod/growth/export__seller_lead_personas,default,,,snowflake
snowflake/prod/growth/export__seller_lead_scoring,default,,,snowflake
snowflake/prod/gts/gts__livestream_transcript_llm_results,default,,,snowflake
snowflake/prod/historic/a__seller_waitlist_history,default,,,snowflake
snowflake/prod/historic/a__zendesk_ticket_q1_2023_ticket_tags,default,,,snowflake
snowflake/prod/historic/ads__facebook_ads,default,,,snowflake
snowflake/prod/historic/ads__google_ads,default,,,snowflake
snowflake/prod/historic/ads__historical_campaign_categorization,default,,,snowflake
snowflake/prod/historic/airtable__whale_hunting_targets_1011,default,,,snowflake
snowflake/prod/historic/ecb_netsuite__exchange_rate,default,,,snowflake
snowflake/prod/historic/incident_715_ddos_20240418,default,,,snowflake
snowflake/prod/historic/legacy__user_blocklist,default,,,snowflake
snowflake/prod/historic/shippo_shipping_reports,default,,,snowflake
snowflake/prod/historic/simulated_seller_features,default,,,snowflake
snowflake/prod/historic/simulated_user_seller_features,default,,,snowflake
snowflake/prod/housekeeping/snowflake_table_history,snowflake,t4,not_set,snowflake
snowflake/prod/housekeeping/temporary_snowflake_deleter,snowflake,t4,not_set,snowflake
snowflake/prod/impact/actions,impact,t3,not_set,snowflake
snowflake/prod/impact/partners,impact,t3,not_set,snowflake
snowflake/prod/international/smartling_localized_messages,default,t3,disco_infra,snowflake
snowflake/prod/jira/issues,meltano,t3,TPM,snowflake
snowflake/prod/laser/entity_config,default,,,snowflake
snowflake/prod/livestreams_v3/livestream_history,default,,,snowflake
snowflake/prod/livestreams_v3/livestream_product_history,default,,,snowflake
snowflake/prod/netsuite/currency_exchange_rate,default,,,snowflake
snowflake/prod/netsuite/transactions,default,,,snowflake
snowflake/prod/public/aws_daily_costs,default,t4,not_set,snowflake
snowflake/prod/public/dagster_asset_edges,snowflake_dagster_graph,t3,data_platforms,snowflake
snowflake/prod/public/dagster_assets,snowflake_dagster_graph,t3,data_platforms,snowflake
snowflake/prod/public/dagster_engine_events,snowflake,t4,not_set,snowflake
snowflake/prod/public/daily_whatnot_aws_cost_asset,snowflake,t3,DataPlatform,snowflake
snowflake/prod/public/daily_whatnot_confluent_cost,snowflake,t3,DataPlatform,snowflake
snowflake/prod/public/mbe_request_logs,default,,,snowflake
snowflake/prod/public/snowflake_query_alarm_history,default,,,snowflake
snowflake/prod/public/whatnot_aws_cost,default,,,snowflake
snowflake/prod/sagemaker/dsml_features__seller_sgns_clusters,snowflake,,,snowflake
snowflake/prod/sagemaker/dsml_features__seller_sgns_embeddings,snowflake,,,snowflake
snowflake/prod/sagemaker/dsml_features__seller_sgns_nearest_neighbors,snowflake,,,snowflake
snowflake/prod/sagemaker/dsml_ranking__disco_feat_watch_bid,default,,,snowflake
snowflake/prod/sagemaker/dsml_ranking__user_seller_scores_map,default,,,snowflake
snowflake/prod/sagemaker_artifacts/dsml__result_similar_active_listings,default,,,snowflake
snowflake/prod/sagemaker_artifacts/dsml__result_similar_active_listings_model_id,default,,,snowflake
snowflake/prod/sagemaker_artifacts/dsml__result_similar_active_search_queries,default,,,snowflake
snowflake/prod/sagemaker_artifacts/dsml__result_similar_listings_with_engaged,ml__similar_listings,tier_3,disco,snowflake
snowflake/prod/sagemaker_artifacts/dsml__stg_similar_active_search_queries,ml__similar_listings,t4,not_set,snowflake
snowflake/prod/sagemaker_artifacts/dsml_recsys_purchase_cf__artifacts,sagemaker,t4,not_set,snowflake
snowflake/prod/sagemaker_artifacts/dsml_recsys_watch_cf__artifacts,sagemaker,t4,not_set,snowflake
snowflake/prod/sagemaker_artifacts/ml__embeddings_reference_pokemon_image_metadata,default,t4,not_set,snowflake
snowflake/prod/sagemaker_artifacts/search__listings_text_tokens_src_v2,default,,,snowflake
snowflake/prod/sagemaker_artifacts/search__live_listings_text_tokens_test2,default,,,snowflake
snowflake/prod/sagemaker_artifacts/search__query_reformulation_v2,default,,,snowflake
snowflake/prod/sagemaker_artifacts/search__query_text_tokens_test_v2,default,,,snowflake
snowflake/prod/sagemaker_artifacts/search__tokenized_queries_spell_abbr_from_openai,default,,,snowflake
snowflake/prod/sagemaker_artifacts/structured_attributes__extracted_display_string_to_attribute_value_map_v1,default,,,snowflake
snowflake/prod/sagemaker_artifacts/structured_attributes__extracted_key_to_attribute_key_map,default,,,snowflake
snowflake/prod/sagemaker_artifacts/structured_attributes__extracted_values_v4,ml__structured_attributes,tier_3,disco,snowflake
snowflake/prod/sagemaker_artifacts/structured_attributes__extracted_values_v4_combined,default,,,snowflake
snowflake/prod/sagemaker_artifacts/structured_attributes__extracted_values_v4_model_outputs,default,,,snowflake
snowflake/prod/sagemaker_artifacts/structured_attributes__mapped_extracted_to_existing_attributes_map_v0,default,,,snowflake
snowflake/prod/sagemaker_artifacts/structured_attributes__validated_attribute_values_v0,structured_attributes__brand,tier_3,disco,snowflake
snowflake/prod/salesforce/bulk_upload_results/get_salesforce_bulk_upload_job_results,snowflake__salesforce,t4,not_set,snowflake
snowflake/prod/salesforce/bulk_upload_results/get_salesforce_bulk_upload_results,snowflake__salesforce,t4,not_set,snowflake
snowflake/prod/shippo/invoices_history,default,,,snowflake
snowflake/prod/shippo/load_invoices,default,t3,DataPlatform,snowflake
snowflake/prod/shippo/load_surcharges,default,t3,DataPlatform,snowflake
snowflake/prod/shippo/surcharges_history,default,,,snowflake
snowflake/prod/spreadsheet_ldnoobw/de_ldnoobw,default,,,snowflake
snowflake/prod/spreadsheet_ldnoobw/en_ldnoobw,default,,,snowflake
snowflake/prod/spreadsheet_ldnoobw/fr_ca_ldnoobw,default,,,snowflake
snowflake/prod/spreadsheet_ldnoobw/fr_ldnoobw,default,,,snowflake
snowflake/prod/spreadsheet_ldnoobw/tlh_ldnoobw,default,,,snowflake
snowflake/prod/statsig/fyf_banner_v2_shelf_config,default,t3,disco_infra,snowflake
snowflake/prod/tiktok_ads/ad_insights,default,,,snowflake
snowflake/prod/tiktok_ads_v2/ad_accounts,default,,,snowflake
snowflake/prod/tiktok_ads_v2/ad_basic_reports_by_day,default,,,snowflake
snowflake/prod/tiktok_ads_v2/ad_groups,default,,,snowflake
snowflake/prod/tiktok_ads_v2/ads,default,,,snowflake
snowflake/prod/tiktok_ads_v2/campaigns,default,,,snowflake
snowflake/prod/zendesk/ticket_audits,default,,,snowflake
snowflake/prod/zendesk/ticket_fields,default,,,snowflake
snowflake/prod/zendesk_chat/chats,default,,,snowflake
snowflake/retool/production/slack_daily_posts,default,,,snowflake
snowflake/retool/production/slack_newsfeed_posts,default,,,snowflake
snowflake/scratch/sandbox/breast_cancer_data,default,,,snowflake
snowflake/search/prod/sagemaker_artifacts/search__listings_image_metadata_from_rekognition,snowflake__listing_image_metadata,t4,not_set,snowflake
snowflake/search/prod/sagemaker_artifacts/search__query_reformulation_v2,snowflake__count_search_query_reformulations,t4,not_set,snowflake
snowflake/search/prod/sagemaker_artifacts/search__tokenized_queries_spell_abbr_from_openai,snowflake__search_token_spell_abbr_process,t4,not_set,snowflake
snowflake/segment/android_prod/purchase,default,,,snowflake
snowflake/segment/events_processed_prod/frontend__component_name_mappings,dbt__whatnot_events,,,snowflake
snowflake/segment/events_processed_prod/frontend__native_segment_mappings,dbt__whatnot_events,,,snowflake
snowflake/segment/events_processed_prod/segment__events_deduped,dbt__whatnot_events,,,snowflake
snowflake/segment/facebook_ads/ad_accounts,default,,,snowflake
snowflake/segment/facebook_ads/ad_sets,default,,,snowflake
snowflake/segment/facebook_ads/ads,default,,,snowflake
snowflake/segment/facebook_ads/campaigns,default,,,snowflake
snowflake/segment/facebook_ads/insights,default,,,snowflake
snowflake/segment/google_ads/ad_groups,default,,,snowflake
snowflake/segment/google_ads/ad_performance_reports,default,,,snowflake
snowflake/segment/google_ads/ads,default,,,snowflake
snowflake/segment/google_ads/campaign_performance_reports,default,,,snowflake
snowflake/segment/google_ads/campaigns,default,,,snowflake
snowflake/segment/google_ads/click_performance_reports,default,,,snowflake
snowflake/segment/ios_prod/purchase,default,,,snowflake
snowflake/segment/kinesis_prod/segment_events,default,,,snowflake
snowflake/segment/mailchimp/campaigns,default,,,snowflake
snowflake/segment/mailchimp/lists,default,,,snowflake
snowflake/segment/salesforce/account_transitions,default,,,snowflake
snowflake/segment/salesforce/accounts,default,,,snowflake
snowflake/segment/salesforce/leads,default,,,snowflake
snowflake/segment/salesforce/opportunities,default,,,snowflake
snowflake/segment/salesforce/opportunity_history,default,,,snowflake
snowflake/segment/salesforce/role,default,,,snowflake
snowflake/segment/salesforce/tasks,default,,,snowflake
snowflake/segment/salesforce/users,default,,,snowflake
snowflake/segment/statsig/statsig_config_change,default,,,snowflake
snowflake/segment/statsig/statsig_config_exposure,default,,,snowflake
snowflake/segment/statsig/statsig_experiment_exposure,default,,,snowflake
snowflake/segment/statsig/statsig_gate_exposure,default,,,snowflake
snowflake/segment/statsig/tracks,default,,,snowflake
snowflake/segment/stripe/accounts,default,,,snowflake
snowflake/segment/stripe/cards,default,,,snowflake
snowflake/segment/stripe/charges,default,,,snowflake
snowflake/segment/stripe/customers,default,,,snowflake
snowflake/segment/stripe/disputes,default,,,snowflake
snowflake/segment/stripe/payment_method,default,,,snowflake
snowflake/segment/stripe/refunds,default,,,snowflake
snowflake/segment/stripe_australia/disputes,default,,,snowflake
snowflake/segment/stripe_eu/accounts,default,,,snowflake
snowflake/segment/stripe_eu/charges,default,,,snowflake
snowflake/segment/stripe_eu/customers,default,,,snowflake
snowflake/segment/stripe_eu/disputes,default,,,snowflake
snowflake/segment/stripe_eu/payment_method,default,,,snowflake
snowflake/segment/stripe_eu/refunds,default,,,snowflake
snowflake/segment/zendesk/attachments,default,,,snowflake
snowflake/segment/zendesk/groups,default,,,snowflake
snowflake/segment/zendesk/organizations,default,,,snowflake
snowflake/segment/zendesk/satisfaction_ratings,default,,,snowflake
snowflake/segment/zendesk/ticket_events,default,,,snowflake
snowflake/segment/zendesk/ticket_fields,default,,,snowflake
snowflake/segment/zendesk/ticket_forms,default,,,snowflake
snowflake/segment/zendesk/ticket_metrics,default,,,snowflake
snowflake/segment/zendesk/ticket_skips,default,,,snowflake
snowflake/segment/zendesk/tickets,default,,,snowflake
snowflake/segment/zendesk/users,default,,,snowflake
snowflake/snowflake/account_usage/access_history,default,,,snowflake
snowflake/snowflake/account_usage/columns,default,,,snowflake
snowflake/snowflake/account_usage/copy_history,default,,,snowflake
snowflake/snowflake/account_usage/metering_daily_history,default,,,snowflake
snowflake/snowflake/account_usage/query_attribution_history,default,,,snowflake
snowflake/snowflake/account_usage/query_history,default,,,snowflake
snowflake/snowflake/account_usage/serverless_task_history,default,,,snowflake
snowflake/snowflake/account_usage/tables,default,,,snowflake
snowflake/snowflake/account_usage/warehouse_metering_history,default,,,snowflake
snowflake/statsig/public/statsig_forwarded_exposures,default,,,snowflake
snowflake/statsig/statsig_exports/first_exposures,default,,,snowflake
snowflake/watch_hourly_100_retrain_export_metadata,watch_hourly_100,t4,not_set,snowflake
snowflake/watch_hourly_100_train_export_metadata,watch_hourly_100,t4,not_set,snowflake
snowflake/watch_sec_retrain_export_metadata,watch_sec,t4,not_set,snowflake
snowflake/watch_sec_train_export_metadata,watch_sec,t4,not_set,snowflake
snowflake/watch_tax_ag_retrain_export_metadata,watch_tax_ag,t4,not_set,snowflake
snowflake/watch_tax_ag_train_export_metadata,watch_tax_ag,t4,not_set,snowflake
snowflake/whatnotml/public/toy_classification_model_evaluation_metrics,model_evaluation__whatnotml,t4,coreml,snowflake
snowflake/whatnotml/public/toy_classification_model_predictions,model_evaluation__whatnotml,t4,coreml,snowflake
snowflake/whatnotml/public/watch30s_livestream_hourly_evaluation_metrics,model_evaluation__whatnotml,t1,discoml,snowflake
snowflake/whatnotml/public/watch30s_livestream_hourly_predictions,model_evaluation__whatnotml,t1,discoml,snowflake
snowflake_ads_impression_monitor,default,t4,not_set,snowflake_ads_impression_monitor
snowflake_cortex/load_cortex_semantic_model,snowflake,,,snowflake_cortex
snowflake_e2e_slo_place_bid,default,t4,not_set,snowflake_e2e_slo_place_bid
snowflake_housekeeping/clean_sandbox,snowflake_housekeeping,t4,not_set,snowflake_housekeeping
snowflake_housekeeping/clone_snowflake_database,snowflake_housekeeping,t4,not_set,snowflake_housekeeping
snowflake_mobile_app_thermal_monitor,default,t4,not_set,snowflake_mobile_app_thermal_monitor
snowflake_most_recent_app_version_purchase_event_monitor,default,t4,not_set,snowflake_most_recent_app_version_purchase_event_monitor
snowflake_user_monitor,default,t4,not_set,snowflake_user_monitor
trust_and_safety/list_snowflake_gts_tables,trust_and_safety,t4,not_set,trust_and_safety
whatnotml/ltv/copy_eval_metrics_to_snowflake_gmv_cohort_trailing_30d,whatnotml__ltv,,,whatnotml
whatnotml/ltv/copy_eval_metrics_to_snowflake_gmv_individual_trailing_30d,whatnotml__ltv,,,whatnotml
whatnotml/ltv/get_eval_data_snowflake_query,whatnotml__ltv,,,whatnotml
whatnotml/ltv/ltv_eval_asset,whatnotml__ltv,,,whatnotml
whatnotml/ltv/meta_pltv_submitter_asset,whatnotml__ltv_ads_api,,,whatnotml
whatnotml/ltv/unload_eval_data_to_s3,whatnotml__ltv,,,whatnotml
whatnotml/sagemaker/evaluation/toy_classification_evaluation__toy_classification_model_evaluation,model_evaluation__whatnotml,t4,coreml,whatnotml
whatnotml/sagemaker/evaluation/toy_classification_evaluation_load__evaluation_data_s3,model_evaluation__whatnotml,t4,coreml,whatnotml
whatnotml/sagemaker/evaluation/toy_classification_evaluation_load__evaluation_data_snowflake,model_evaluation__whatnotml,t4,coreml,whatnotml
whatnotml/sagemaker/evaluation/toy_ranking_evaluation__toy_ranking_model_evaluation,model_evaluation__whatnotml,t4,coreml,whatnotml
whatnotml/sagemaker/evaluation/toy_ranking_evaluation_load__ranking_data_snowflake,model_evaluation__whatnotml,t4,coreml,whatnotml
whatnotml/sagemaker/evaluation/toy_regression_evaluation__toy_regression_model_evaluation,model_evaluation__whatnotml,t4,coreml,whatnotml
whatnotml/sagemaker/evaluation/toy_regression_evaluation_load__evaluation_data_snowflake,model_evaluation__whatnotml,t4,coreml,whatnotml
whatnotml/sagemaker/evaluation/watch30s_livestream_hourly_eval__metrics_eval,model_evaluation__whatnotml,t1,discoml,whatnotml
whatnotml/sagemaker/evaluation/watch30s_livestream_hourly_eval__ranking_request_eval,model_evaluation__whatnotml,t1,discoml,whatnotml
whatnotml/sagemaker/evaluation/watch30s_livestream_hourly_eval_load__ranking_request,model_evaluation__whatnotml,t1,discoml,whatnotml
whatnotml/sagemaker/evaluation/watch30s_livestream_hourly_eval_load__recall,model_evaluation__whatnotml,t1,discoml,whatnotml
whatnotml/sagemaker/realtime/bid_order_livestream_deploy_bid_order_hourly_features,model_deployment__whatnotml,t1,discoml,whatnotml
whatnotml/sagemaker/realtime/bid_order_livestream_deploy_bid_order_live_sec,model_deployment__whatnotml,t2,discoml,whatnotml
whatnotml/sagemaker/realtime/bid_order_livestream_deploy_bid_order_tax_agnostic,model_deployment__whatnotml,t1,discoml,whatnotml
whatnotml/sagemaker/realtime/category_feed_watch30s_livestream_deploy_category_feed_watch30s_hourly,model_deployment__whatnotml,t1,discoml,whatnotml
whatnotml/sagemaker/realtime/category_feed_watch30s_livestream_deploy_category_feed_watch30s_live_sec,model_deployment__whatnotml,t2,discoml,whatnotml
whatnotml/sagemaker/realtime/category_feed_watch30s_livestream_deploy_category_feed_watch30s_tax_agnostic,model_deployment__whatnotml,t1,discoml,whatnotml
whatnotml/sagemaker/realtime/chargeback_model_deploy_bin_order_chargeback,model_deployment__whatnotml,t2,coreml,whatnotml
whatnotml/sagemaker/realtime/vertical_scroll_watch30s_livestream_deploy_vertical_scroll_watch30s_hourly,model_deployment__whatnotml,t1,discoml,whatnotml
whatnotml/sagemaker/realtime/vertical_scroll_watch30s_livestream_deploy_vertical_scroll_watch30s_live_sec,model_deployment__whatnotml,t2,discoml,whatnotml
whatnotml/sagemaker/realtime/vertical_scroll_watch30s_livestream_deploy_vertical_scroll_watch30s_tax_agnostic,model_deployment__whatnotml,t1,discoml,whatnotml
whatnotml/sagemaker/realtime/watch30s_livestream_deploy_watch_30s_hourly_features,model_deployment__whatnotml,t1,discoml,whatnotml
whatnotml/sagemaker/realtime/watch30s_livestream_deploy_watch_30s_hourly_features_live_sec,model_deployment__whatnotml,t2,discoml,whatnotml
whatnotml/sagemaker/realtime/watch30s_livestream_deploy_watch_30s_hourly_migrated,model_deployment__whatnotml,t1,discoml,whatnotml
whatnotml/sagemaker/realtime/watch30s_livestream_deploy_watch_30s_tax_agnostic,model_deployment__whatnotml,t1,discoml,whatnotml
whatnotml/sagemaker/training/toy_classification_custom_train__custom_train_job,model_training__whatnotml,t4,coreml,whatnotml
whatnotml/sagemaker/training/toy_classification_custom_train_load___toy_data,model_training__whatnotml,t4,coreml,whatnotml
whatnotml/sagemaker/training/toy_classification_model__toy_model1,model_training__whatnotml,t4,coreml,whatnotml
whatnotml/sagemaker/training/toy_classification_model__toy_model2,model_training__whatnotml,t4,coreml,whatnotml
whatnotml/sagemaker/training/toy_classification_model_load___model_data_from_s3,model_training__whatnotml,t4,coreml,whatnotml
whatnotml/sagemaker/training/toy_classification_model_load___model_data_from_snowflake,model_training__whatnotml,t4,coreml,whatnotml
whatnotml/sagemaker/training/toy_regression_model__toy_model1,model_training__whatnotml,t4,coreml,whatnotml
whatnotml/sagemaker/training/toy_regression_model_load___model_data_from_s3,model_training__whatnotml,t4,coreml,whatnotml
whatnotml/sagemaker/training/user_bin_order_chargeback_model__chargeback_model,model_training__whatnotml,t4,coreml,whatnotml
whatnotml/sagemaker/training/user_bin_order_chargeback_model_load___model_data_from_chalk,model_training__whatnotml,t4,coreml,whatnotml
whatnotml/sagemaker/training/user_bin_order_hyperparameter_tuning__chargeback_model_hyperparameter_tuning,model_training__whatnotml,t4,coreml,whatnotml
whatnotml/sagemaker/training/user_bin_order_hyperparameter_tuning_load___model_data_from_chalk,model_training__whatnotml,t4,coreml,whatnotml
whatnotml/sagemaker/training/watch_30s_livestream_hourly__watch30s_model_hourly,model_training__whatnotml,t1,discoml,whatnotml
whatnotml/sagemaker/training/watch_30s_livestream_hourly_load___model_data_from_s3,model_training__whatnotml,t1,discoml,whatnotml
